Theta_AF3,Theta_T7,Theta_PZ,Theta_T8,Theta_AF4,Alpha_AF3,Alpha_T7,Alpha_PZ,Alpha_T8,Alpha_AF4,BetaL_AF3,BetaL_T7,BetaL_PZ,BetaL_T8,BetaL_AF4,BetaH_AF3,BetaH_T7,BetaH_PZ,BetaH_T8,BetaH_AF4,Gamma_AF3,Gamma_T7,Gamma_PZ,Gamma_T8,Gamma_AF4,Command
3.821,3.752,1.188,1.055,6.916,1.663,2.61,2.28,1.153,3.003,2.232,1.046,0.958,0.608,4.23,1.149,0.426,0.775,0.172,1.498,0.494,0.451,0.3,0.336,0.865,0
2.671,1.54,1.58,1.949,5.15,2.244,1.177,2.88,1.317,4.494,2.259,0.944,0.932,0.604,2.342,1.119,0.414,0.796,0.258,1.115,0.539,0.353,0.318,0.397,0.892,0
2.61,1.403,1.944,2.867,5.35,2.46,1.156,2.813,1.398,5.204,2.419,1.214,0.874,0.526,1.551,1.206,0.447,0.792,0.313,1.006,0.534,0.322,0.336,0.426,0.854,0
4.063,1.664,3.085,3.951,7.807,2.982,1.11,2.044,1.462,6.244,2.689,1.565,0.658,0.372,0.764,1.434,0.507,0.652,0.395,0.943,0.482,0.267,0.365,0.442,0.751,0
5.044,1.886,3.799,3.899,9.284,3.311,0.987,1.582,1.419,6.619,2.625,1.587,0.547,0.359,0.714,1.477,0.541,0.539,0.417,0.952,0.449,0.247,0.376,0.435,0.721,1
5.881,2.344,5.1,3.175,11.463,3.762,0.723,1.077,1.219,7.291,2.089,1.369,0.469,0.43,0.897,1.367,0.645,0.438,0.484,1.053,0.405,0.268,0.417,0.423,0.725,1
4.665,2.306,4.749,3.249,11.594,3.388,0.57,1.189,1.084,7.151,1.528,1.003,0.637,0.47,1.046,1.171,0.727,0.643,0.616,1.23,0.5,0.43,0.464,0.494,0.82,1
3.689,1.984,3.921,3.709,10.873,2.86,0.518,1.366,1.063,6.517,1.376,0.853,0.832,0.469,1.005,1.1,0.728,0.783,0.67,1.278,0.672,0.589,0.472,0.626,0.952,1
2.202,1.071,1.89,4.297,8.713,1.835,0.426,1.809,1.03,4.646,1.302,0.701,1.368,0.531,0.941,1.031,0.678,0.901,0.694,1.212,1.325,1.126,0.492,1.191,1.482,1
1.659,0.417,0.851,3.516,6.383,1.734,0.398,2.209,0.919,3.177,1.291,0.739,1.76,0.741,1.618,1.04,0.628,0.832,0.663,1.104,1.994,1.735,0.58,1.876,2.08,1
1.677,0.355,0.817,3.209,5.429,1.998,0.49,2.262,0.837,2.837,1.234,0.795,1.78,0.859,2.252,1.051,0.606,0.809,0.659,1.135,2.105,1.88,0.631,2.036,2.197,1
2.153,0.775,1.146,3.903,4.409,2.531,0.985,1.873,0.653,3.211,1.126,0.923,1.403,0.925,3.443,1.027,0.535,0.856,0.667,1.572,1.712,1.615,0.632,1.739,1.881,1
2.497,1.152,1.438,4.572,4.17,2.673,1.341,1.517,0.606,3.813,1.173,0.953,1.106,0.853,3.848,0.978,0.482,0.895,0.663,1.994,1.325,1.272,0.565,1.374,1.554,1
2.909,1.855,2.177,4.868,3.982,2.895,1.928,0.935,0.834,4.94,1.458,0.864,0.669,0.658,4.568,0.843,0.382,0.88,0.67,2.87,0.647,0.595,0.395,0.68,1.01,1
2.718,2.058,2.684,3.671,3.897,3.369,1.945,0.835,1.508,5.037,1.69,0.606,0.601,0.605,5.21,0.759,0.304,0.712,0.782,3.058,0.396,0.299,0.348,0.353,0.867,1
2.555,1.985,2.666,3.147,3.76,3.552,1.748,0.874,1.881,4.744,1.69,0.478,0.694,0.635,5.168,0.745,0.269,0.612,0.861,2.791,0.403,0.283,0.378,0.302,0.896,1
2.639,1.705,2.123,2.663,3.616,3.312,1.232,0.833,2.353,4.316,1.482,0.32,1.06,0.65,3.992,0.72,0.234,0.491,0.994,1.909,0.509,0.366,0.442,0.299,0.981,1
2.933,1.592,1.88,2.446,3.898,2.864,1.05,0.775,2.436,4.301,1.341,0.294,1.276,0.625,3.159,0.694,0.251,0.494,1.071,1.531,0.565,0.434,0.446,0.335,1.004,1
3.944,1.414,2.477,1.705,6.319,1.92,1.012,0.876,2.584,4.23,1.401,0.371,1.584,0.769,2.247,0.661,0.361,0.591,1.318,1.385,0.631,0.571,0.395,0.472,1.006,1
5.512,1.209,4.665,1.816,11.973,1.869,1.22,1.286,2.886,3.723,1.955,0.605,1.534,1.265,2.436,0.741,0.499,0.654,1.548,2.052,0.663,0.671,0.33,0.668,0.966,1
6.249,1.095,5.818,2.403,14.99,2.103,1.309,1.463,2.942,3.308,2.189,0.757,1.372,1.482,2.536,0.847,0.54,0.643,1.557,2.485,0.681,0.701,0.311,0.767,0.955,1
6.726,0.855,6.723,3.823,17.269,2.511,1.409,1.51,2.527,2.459,2.047,1.088,0.942,1.493,2.331,1.172,0.57,0.59,1.304,2.967,0.688,0.709,0.304,0.895,0.972,1
5.784,0.733,5.123,4.206,13.404,3.332,1.489,1.14,1.759,1.907,1.289,1.313,0.58,0.988,1.773,1.508,0.609,0.538,0.938,2.552,0.614,0.617,0.324,0.833,0.994,1
5.301,0.763,3.87,3.898,10.669,4.186,1.514,0.923,1.521,1.872,1.054,1.304,0.496,0.741,1.545,1.594,0.633,0.506,0.81,2.108,0.561,0.541,0.333,0.732,1.007,1
5.279,1.041,1.962,3,7.792,6.126,1.381,0.684,1.494,2.595,1.125,1.024,0.506,0.522,1.401,1.477,0.638,0.439,0.674,1.222,0.504,0.431,0.318,0.511,1.08,1
6.032,1.754,1.401,2.553,8.693,6.652,1.253,0.787,1.818,4.355,1.512,0.775,0.752,0.56,1.521,1.209,0.66,0.452,0.639,0.738,0.581,0.519,0.275,0.468,1.202,1
6.043,2.271,1.508,2.658,9.36,6.136,1.46,0.949,2.046,5.292,1.802,0.835,0.996,0.654,1.774,1.166,0.717,0.489,0.672,0.704,0.65,0.624,0.259,0.55,1.247,1
4.907,3.163,1.971,3.164,8.915,4.379,2.517,1.358,2.53,6.142,2.607,1.312,1.551,1.014,2.839,1.269,0.86,0.542,0.798,0.948,0.728,0.796,0.246,0.844,1.247,1
4.146,3.32,2.163,3.522,7.991,3.494,3.12,1.57,2.702,5.911,2.99,1.592,1.73,1.213,3.521,1.305,0.895,0.536,0.841,1.107,0.703,0.814,0.241,0.989,1.206,1
14.976,3.032,2.489,5.048,12.818,2.834,3.79,2.117,2.748,5.665,3.329,1.79,1.87,1.385,4.563,1.135,0.886,0.519,0.922,1.289,0.583,0.753,0.254,1.173,1.106,1
57.623,2.542,3.478,7.654,32.477,4.307,3.512,2.758,2.704,7.312,2.956,1.507,2.252,1.218,4.782,0.808,0.894,0.617,1.178,1.456,0.622,0.744,0.421,1.314,1.142,1
83.271,2.564,4.187,8.587,43.208,5.504,3.172,2.966,2.765,8.32,2.622,1.375,2.626,1.093,4.627,0.727,0.916,0.688,1.356,1.617,0.769,0.805,0.587,1.445,1.271,0
104.784,3.14,5.046,7.969,49.429,6.869,2.489,2.873,2.887,8.579,1.896,1.386,3.161,0.948,4.247,0.801,0.941,0.717,1.556,2.011,1.158,1.011,0.963,1.774,1.639,0
93.404,3.434,4.862,6.466,42.877,6.543,2.273,2.646,2.825,7.756,1.556,1.486,3.045,0.94,4.158,0.889,0.937,0.653,1.51,2.137,1.27,1.088,1.086,1.859,1.748,0
44.59,3.555,3.468,3.112,21.053,4.711,2.153,2.386,2.411,5.968,1.074,1.732,2.101,0.933,4.034,0.977,0.941,0.498,1.231,2.045,1.153,1.052,1.074,1.673,1.606,1
9.871,2.909,2.17,1.647,7.79,3.375,2.397,2.896,1.957,5.359,0.933,1.926,1.187,0.843,3.48,0.851,0.913,0.462,0.967,1.609,0.762,0.781,0.796,1.178,1.254,1
4.41,2.403,1.892,1.541,6.024,3.158,2.596,3.372,1.853,5.211,0.873,1.941,1.007,0.778,2.929,0.742,0.855,0.483,0.883,1.392,0.597,0.643,0.64,0.97,1.163,1
2.907,1.378,2.088,1.622,6.141,3.151,3.088,4.293,2.097,4.5,0.677,1.789,1.024,0.785,1.662,0.661,0.738,0.522,0.83,1.202,0.479,0.553,0.439,0.874,1.196,1
3.283,0.671,3.153,1.827,7.186,3.801,3.44,4.616,2.919,4.67,0.535,1.664,1.086,1.129,1.036,0.965,0.796,0.599,1.052,1.35,0.613,0.723,0.453,1.158,1.268,0
4.155,0.56,3.9,2.098,7.932,4.313,3.366,4.433,3.39,5.827,0.563,1.673,1.071,1.347,1.074,1.231,0.886,0.683,1.301,1.483,0.74,0.832,0.539,1.34,1.283,0
5.781,0.803,5.224,2.762,8.979,4.829,2.598,3.557,4.02,9.752,0.999,1.606,1.002,1.572,1.523,1.698,1.057,0.896,1.993,1.665,1.001,0.96,0.781,1.541,1.339,0
6.265,1.079,5.504,2.869,9.342,4.615,2.113,3.114,4.067,11.572,1.432,1.446,1.081,1.617,1.858,1.777,1.1,0.985,2.314,1.708,1.079,0.958,0.88,1.497,1.395,0
7.693,1.569,5.331,2.653,9.735,5.257,1.699,3.099,3.707,14.035,2.657,1.096,1.743,1.875,3.095,1.563,1.108,1.027,2.541,1.741,1.071,0.854,0.927,1.202,1.484,0
11.824,1.591,5.374,2.604,10.259,11.194,2.118,4.329,3.045,16.939,4.2,1.071,2.718,2.423,5.546,1.17,1.061,0.869,2.124,1.635,0.931,0.812,0.787,0.959,1.435,1
14.143,1.413,5.855,2.748,10.394,15.444,2.354,4.914,2.686,18.674,4.852,1.133,3.032,2.606,6.9,1.048,1.021,0.746,1.793,1.489,0.858,0.867,0.692,0.924,1.359,1
15.049,1.032,6.807,3.274,9.394,20.259,2.495,4.917,2.1,19.552,5.081,1.12,2.892,2.311,7.964,1.05,0.93,0.57,1.215,1.11,0.765,1.043,0.551,0.981,1.18,1
9.669,0.864,6.563,3.821,7.613,16.257,2.382,3.611,2.062,14.835,3.805,0.932,1.957,1.484,6.083,1.223,0.955,0.741,0.929,0.96,0.804,1.09,0.541,1.136,1.195,1
6.327,0.811,6.055,4.139,7.666,12.401,2.345,2.967,2.277,11.711,2.883,0.896,1.467,1.171,4.663,1.283,1.036,0.954,0.884,1.039,0.873,1.039,0.573,1.226,1.327,1
3.388,0.617,5.408,4.55,10.759,6.324,2.261,2.29,2.975,8.141,1.367,0.982,0.901,0.991,2.871,1.283,1.22,1.333,0.95,1.335,1.006,0.912,0.634,1.32,1.652,1
4.198,0.484,5.278,4.342,12.544,4.89,2.142,2.172,3.297,7.918,1.006,1.007,0.849,1.065,2.746,1.224,1.267,1.372,1.033,1.434,1.009,0.883,0.629,1.27,1.722,1
9.769,0.425,4.679,3.31,14.711,3.668,1.82,2.036,3.45,8.011,0.955,0.845,0.957,1.235,2.908,1.029,1.26,1.127,1.204,1.38,0.872,0.864,0.532,0.982,1.616,1
17.158,0.866,3.239,3.057,14.7,3.052,1.643,1.978,2.886,6.997,1.138,0.57,0.938,1.201,2.424,0.91,1.197,0.797,1.343,1.127,0.754,0.778,0.437,0.709,1.476,1
18.935,1.175,2.454,3.573,14.068,3.121,1.606,1.938,2.483,6.408,1.249,0.487,0.883,1.188,2.129,0.956,1.155,0.72,1.367,1.024,0.778,0.721,0.444,0.663,1.461,1
16.648,1.622,1.413,4.74,11.298,3.86,1.501,1.64,1.954,5.503,1.769,0.439,0.833,1.256,1.791,1.352,1.024,0.744,1.217,0.917,0.968,0.674,0.574,0.772,1.417,1
14.59,1.741,1.199,4.794,9.342,4.556,1.449,1.403,2.007,5.164,2.364,0.426,0.859,1.28,1.704,1.737,0.96,0.804,1.058,0.878,1.084,0.707,0.659,0.917,1.312,1
15.732,2.031,1.154,3.44,6.771,6.838,1.485,1.21,2.777,4.502,4.167,0.424,0.939,1.259,1.511,2.667,0.912,0.947,0.807,0.754,1.227,0.832,0.767,1.301,0.957,1
22.173,2.455,1.665,2.173,7.421,9.159,1.798,1.995,3.728,3.919,5.545,0.544,0.972,1.421,1.423,3.049,0.897,0.98,0.83,0.646,1.163,0.884,0.764,1.525,0.652,1
23.659,2.556,2.026,2.224,7.867,9.721,1.975,2.757,3.95,4.042,5.641,0.622,0.946,1.599,1.498,2.841,0.845,0.931,0.933,0.646,1.064,0.861,0.736,1.479,0.582,1
19.399,2.213,2.717,3.076,7.652,9.264,2.055,4.451,3.617,5.539,4.774,0.65,0.784,1.764,1.716,1.884,0.716,0.769,1.235,0.758,0.827,0.785,0.65,1.105,0.597,1
11.262,2.018,3.091,3.311,6.078,7.258,2.076,5.358,2.903,6.865,3.401,0.509,0.586,1.403,1.724,1.111,0.784,0.668,1.482,0.856,0.645,0.757,0.519,0.699,0.728,1
8.275,2.362,3.197,3.036,5.334,6.142,2.435,5.222,2.664,6.773,2.713,0.5,0.507,1.162,1.617,0.983,0.896,0.66,1.494,0.878,0.605,0.764,0.459,0.606,0.806,1
5.237,3.546,3.442,2.176,4.342,4.423,3.758,3.958,2.423,5.293,1.495,0.683,0.422,0.979,1.427,0.941,1.05,0.738,1.226,0.99,0.634,0.764,0.458,0.652,0.953,1
4.168,3.837,3.658,1.642,3.818,3.272,4.462,2.662,2.224,3.759,0.788,0.868,0.534,1.128,1.676,0.787,0.933,0.931,0.795,1.198,0.746,0.698,0.604,0.752,1.048,1
3.876,3.381,3.546,1.598,3.877,2.881,4.264,2.411,2.091,3.385,0.766,0.964,0.676,1.159,1.944,0.687,0.817,1.038,0.663,1.274,0.795,0.653,0.666,0.749,1.049,1
4.012,2.011,2.669,1.82,4.503,2.506,3.368,2.499,1.801,3.194,1.238,1.267,0.981,1.041,2.353,0.582,0.665,1.13,0.702,1.282,0.801,0.594,0.649,0.687,0.938,1
4.933,1.265,1.757,2.009,4.796,2.431,2.824,2.646,1.727,2.834,1.875,1.467,1.27,0.988,2.163,0.662,0.682,0.947,0.958,1.156,0.689,0.588,0.487,0.717,0.748,1
5.632,1.185,1.741,1.967,4.65,2.342,2.685,2.79,1.915,2.476,2.036,1.393,1.574,1.134,1.839,0.726,0.708,0.787,1.073,1.093,0.631,0.579,0.415,0.779,0.665,1
6.611,1.135,2.55,1.699,3.928,1.954,2.213,3.72,2.771,1.898,1.838,1.142,2.648,1.889,1.269,0.818,0.713,0.507,1.15,1.086,0.607,0.522,0.385,0.879,0.601,1
5.546,1.053,3.365,1.509,3.262,1.801,1.638,5.088,3.68,2.203,1.515,1.282,3.374,2.709,1.481,0.939,0.648,0.41,0.999,1.239,0.677,0.514,0.464,0.852,0.655,1
4.494,1.07,3.554,1.478,3.035,1.895,1.452,5.44,3.879,2.548,1.505,1.45,3.227,2.834,1.8,1.036,0.607,0.414,0.879,1.31,0.695,0.55,0.517,0.808,0.689,1
2.638,1.3,3.623,1.275,2.762,2.201,1.271,4.952,3.704,3.002,1.665,1.54,2.173,2.362,2.265,1.214,0.564,0.468,0.632,1.245,0.618,0.62,0.613,0.729,0.706,1
2.211,1.454,3.542,1.112,2.78,2.275,1.24,4.295,3.443,3.073,1.679,1.447,1.665,1.928,2.306,1.246,0.586,0.51,0.543,1.113,0.536,0.612,0.636,0.707,0.682,1
2.778,1.641,3.208,1.044,3.557,2.27,1.383,3.107,2.791,3.393,1.343,1.356,1.396,1.155,2.173,1.263,0.699,0.637,0.545,0.976,0.394,0.516,0.605,0.737,0.607,1
13.462,1.656,2.724,1.513,10.198,3.391,1.833,2.48,2.344,6.153,0.913,1.536,1.598,0.858,2.328,1.439,0.773,0.736,0.775,1.273,0.378,0.437,0.529,0.865,0.553,1
25.836,1.669,2.479,1.85,17.777,4.718,2.051,2.211,2.379,8.583,0.87,1.582,1.595,0.853,2.627,1.574,0.766,0.736,0.883,1.487,0.407,0.44,0.499,0.917,0.542,1
54.483,1.744,2.091,2.461,35.683,7.824,2.149,1.662,2.853,12.528,1.105,1.341,1.366,0.969,3.323,1.721,0.718,0.666,0.887,1.665,0.479,0.53,0.462,0.885,0.578,1
62.028,1.798,1.995,2.616,40.767,8.704,2.02,1.476,3.07,12.71,1.308,1.128,1.225,1.079,3.596,1.672,0.713,0.64,0.801,1.571,0.516,0.594,0.444,0.8,0.627,1
51.146,1.863,2.58,2.52,34.708,7.701,1.678,1.434,3.012,9.057,1.787,0.869,1.059,1.496,3.889,1.426,0.759,0.675,0.734,1.211,0.607,0.702,0.41,0.594,0.742,1
21.895,1.774,4.44,2.278,16.101,4.585,1.522,1.743,2.506,4.035,2.243,0.918,1.118,2.152,3.727,1.334,0.816,0.882,1.348,1.225,0.918,0.726,0.493,0.539,0.995,1
10.781,1.75,5.415,2.108,8.559,3.387,1.557,2.022,2.34,2.665,2.4,1.001,1.2,2.491,3.559,1.404,0.854,1.056,2.033,1.501,1.443,0.725,0.672,0.636,1.415,1
3.022,2.012,5.859,1.486,2.283,2.602,1.808,2.806,2.325,2.701,2.51,1.355,1.429,3.044,3.122,1.657,1.065,1.447,3.626,2.193,3.564,0.798,1.315,1.017,3.112,0
5.486,3.08,4.904,0.931,2.066,2.545,2.184,3.33,2.279,4.235,2.474,2.076,1.752,3.183,2.643,1.793,1.483,1.636,4.185,2.284,5.677,0.927,1.852,1.34,4.729,0
7.956,3.809,4.527,0.932,2.799,2.385,2.294,3.27,2.127,4.838,2.478,2.465,1.905,3.039,2.528,1.743,1.671,1.574,3.853,2.028,5.905,0.945,1.869,1.388,4.831,0
11.981,4.711,4.456,1.762,5.395,2.17,2.21,2.593,1.843,5.506,2.504,2.821,2.065,2.457,2.65,1.423,1.745,1.189,2.615,1.337,4.311,0.855,1.372,1.275,3.388,1
12.31,4.638,4.608,2.401,6.898,2.408,2.073,2.163,1.853,5.945,2.548,2.678,2.078,2.203,2.847,1.251,1.609,0.949,2.088,1.098,3.012,0.791,1.024,1.179,2.316,1
10.419,3.782,4.672,3.468,10.06,3.96,1.824,1.56,2.179,7.38,2.943,2.028,2.065,2.093,3.224,1.158,1.182,0.57,1.615,1.002,1.112,0.737,0.593,1.035,0.877,1
12.193,3.147,4.066,4.125,13.671,6.611,1.858,1.24,2.372,8.448,4.222,1.775,1.941,2.256,3.2,1.604,0.841,0.411,1.525,1.268,0.729,0.775,0.617,0.959,0.766,1
15.878,3.065,3.49,4.241,15.739,7.856,2.023,1.069,2.253,8.303,5.152,1.967,1.781,2.276,3.233,1.946,0.764,0.42,1.48,1.489,0.814,0.789,0.696,0.94,0.961,1
23.718,4.286,2.143,4.188,18.617,8.714,3.335,0.737,1.617,6.654,6.463,3.536,1.334,2.258,4.104,2.463,0.871,0.603,1.42,2.059,1.153,0.832,0.822,1.042,1.472,1
25.208,6.837,1.525,4.15,18.448,8.077,5.035,0.622,1.236,5.607,6.354,5.213,1.147,2.306,4.806,2.575,1.174,0.759,1.459,2.378,1.419,0.929,0.849,1.31,1.746,1
21.416,16.813,0.742,4.658,14.31,5.505,10.323,0.505,0.78,4.061,4.482,9.735,0.984,2.495,5.722,2.593,2.315,1.046,1.802,2.884,2.063,1.312,0.901,2.54,2.23,1
17.369,26.001,0.57,5.692,8.358,3.388,13.882,0.525,1.126,3.391,2.144,12.388,0.953,2.486,5.204,2.477,3.31,1.048,2.328,2.811,2.436,1.615,1.049,4.042,2.403,1
19.341,26.624,0.609,6.03,6.428,3.113,13.51,0.618,1.628,3.441,1.493,11.908,0.978,2.326,4.648,2.407,3.358,0.936,2.469,2.515,2.385,1.591,1.132,4.482,2.318,1
29.718,18.996,0.88,6.372,6.408,3.768,9.02,1.031,3.489,4.764,1.328,8.031,1.329,1.974,4.078,2.196,2.547,0.708,2.37,1.773,1.885,1.208,1.166,4.39,1.927,1
37.692,8.912,1.203,7.275,12.97,4.249,4.103,1.66,6.325,7.03,1.618,4.021,2.094,2.103,4.859,1.924,1.529,0.757,2.352,1.491,1.33,0.789,0.945,3.661,1.563,1
37.246,6.27,1.287,7.844,18.13,4.549,2.744,1.981,7.472,7.71,1.846,2.949,2.444,2.347,5.514,1.893,1.255,0.893,2.541,1.589,1.176,0.681,0.797,3.438,1.48,1
33.126,5.372,1.377,8.447,28.591,5.99,1.819,2.525,7.781,7.291,3.05,2.289,2.657,2.884,6.508,2.149,1.104,1.225,2.976,1.926,1.142,0.621,0.69,3.852,1.601,1
31.803,5.716,1.415,8.613,31.363,7.058,1.716,2.688,7.087,6.54,4.028,2.214,2.543,3.088,6.572,2.32,1.083,1.359,3.009,2.04,1.218,0.617,0.823,4.59,1.815,1
32.046,7.081,1.824,9.316,31.469,9.01,2.189,2.851,5.904,6.365,6.058,2.095,2.535,3.527,5.592,2.439,1.068,1.561,2.648,2.182,1.396,0.642,1.387,6.509,2.421,1
39.9,10.86,4.216,14.68,38.792,9.752,4.412,3.645,6.782,10.131,8.431,2.056,3.593,4.326,3.972,2.674,1.39,1.849,2.551,2.626,1.482,0.737,1.886,7.058,2.87,1
46.435,14.074,6.055,18.756,50.244,10.215,6.084,4.477,7.609,13.761,9.823,2.002,4.332,4.743,3.607,3.076,1.72,2.06,2.789,2.972,1.5,0.808,1.949,6.385,2.896,1
59.693,21.275,16.749,24.918,77.772,11.939,9.146,7.927,7.952,21.379,11.41,1.728,6.037,4.887,4.332,4.042,2.317,2.762,3.284,3.407,1.545,1.03,1.679,4.112,2.601,1
61.682,23.424,40.625,25.435,84.436,12.558,9.721,13.832,7.239,23.31,10.834,1.545,8.722,4.508,5.164,4.179,2.386,3.905,3.252,3.322,1.567,1.185,1.505,3.16,2.396,1
48.348,23.952,158.137,19.62,71.124,11.445,8.432,39.968,5.21,20.587,7.188,1.943,21.524,3.155,6.725,3.267,2.13,9.028,2.528,2.621,1.507,1.453,1.569,2.295,2.047,1
34.513,26.875,294.913,10.952,38.411,10.783,6.942,67.995,3.891,12.511,4.679,4.705,36.046,2.262,7.491,1.998,2.314,14.507,1.692,1.866,1.327,1.525,2.135,1.98,1.703,1
44.694,30.12,318.612,7.729,24.729,13.617,7.112,71.789,3.51,8.904,6.036,6.604,38.138,2.217,7.391,1.999,2.729,15.195,1.51,1.672,1.329,1.504,2.336,1.762,1.517,1
97.868,33.49,236.857,4.776,12.204,24.486,8.163,51.966,2.75,5.491,13.075,8.821,28.037,2.371,5.971,3.395,3.411,11.295,1.555,1.625,1.68,1.431,2.161,1.45,1.247,1
137.072,25.17,85.383,4.195,12.499,30.189,7.231,19.177,1.951,5.726,17.958,7.296,11.19,2.103,3.742,4.576,2.813,4.956,1.571,1.726,2.158,1.333,1.488,1.526,1.281,1
130.318,18.933,34.687,3.963,13.163,27.874,5.898,8.701,1.77,6.156,17.334,5.844,5.926,1.873,2.803,4.44,2.173,2.839,1.515,1.781,2.291,1.357,1.217,1.672,1.429,1
74.49,12.29,3.235,3.794,12.906,15.404,3.635,2.53,2.025,7.03,10.761,3.825,3.269,1.506,1.701,2.986,1.24,1.257,1.438,1.997,2.366,1.906,0.987,2.146,1.88,1
20.567,14.123,2.228,4.862,9.353,4.421,3.309,2.514,2.999,7.761,3.833,3.792,3.016,1.325,1.648,1.682,1.442,0.939,1.478,2.584,2.402,2.996,0.869,2.792,2.275,1
8.4,16.686,2.58,6.089,7.51,2.186,3.654,2.711,3.451,7.807,2.144,4.245,2.451,1.231,2.067,1.452,1.868,0.886,1.484,2.953,2.353,3.413,0.786,2.985,2.322,1
8.051,23.682,6.298,10.792,7.402,1.943,4.878,3.098,3.911,6.87,1.739,5.598,1.454,1.04,3.85,1.433,2.803,1.033,1.38,3.335,1.856,3.356,0.648,2.647,1.998,1
12.357,27.323,9.712,14.338,9.944,2.305,5.62,3.14,4.018,6.05,2.081,6.345,1.42,1.001,4.82,1.459,3.127,1.188,1.292,3.208,1.443,2.907,0.624,2.145,1.693,1
22.049,30.35,16.504,20.359,18.878,2.719,6.279,2.835,4.117,4.48,2.816,7.012,2.087,1.132,5.556,1.622,3.148,1.446,1.147,2.514,0.771,1.791,0.666,1.132,1.147,1
35.594,23.278,18.104,21.422,27.051,4.843,4.764,2.139,3.639,3.506,5.267,5.615,2.474,1.321,4.455,2.333,2.389,1.421,1.014,1.976,0.732,1.083,0.778,0.77,0.927,1
45.256,17.051,16.238,19.864,28.712,7.721,3.555,1.795,3.042,3.196,7.922,4.38,2.312,1.319,3.656,2.941,1.927,1.28,0.93,1.904,0.925,0.924,0.828,0.796,0.897,1
69.567,11.356,12.453,18.676,29.015,18.613,3.031,2.979,3.81,5.857,15.515,2.949,2.479,2.015,3.505,4.365,1.672,1.278,1.19,2.251,1.417,0.872,0.913,0.955,0.928,1
88.824,22.53,19.682,30.517,39.793,27.396,6.574,6.953,8.64,12.172,20.099,4.33,4.067,4.056,5.925,5.374,2.461,1.978,2.139,3.175,1.708,1.06,1.072,1.175,1.179,1
146.23,82.666,65.762,95.229,103.519,47.553,23.789,23.187,29.309,35.603,28.701,12.056,11.085,12.546,17.083,8.327,6.225,5.344,6.197,7.23,2.521,2.068,1.889,2.253,2.566,1
189.357,145.369,118.723,166.517,176.585,55.653,40.909,37.394,48.052,54.207,30.891,19.121,17.246,19.989,27.492,10.57,9.681,8.636,9.889,11.289,3.23,3.262,2.816,3.588,4.195,1
184.026,151.233,125.604,175.36,184.859,51.1,42.631,37.825,49.521,54.134,28.031,19.303,17.303,20.202,28.068,10.333,9.772,8.87,10.049,11.692,3.255,3.461,2.934,3.882,4.476,1
114.599,100.159,88.338,122.734,124.843,30.053,30.339,24.823,35.895,36.801,16.645,13.226,11.437,13.609,19.378,7.104,6.639,6.263,6.977,8.819,2.579,2.845,2.277,3.475,3.701,1
57.042,54.811,50.964,77.114,55.946,18.42,20.19,13.22,24.264,23.402,8.879,8.806,6.359,7.411,10.623,4.035,3.603,3.327,4.017,5.469,1.9,2.071,1.359,2.846,2.589,1
62.195,63.367,54.678,88.438,51.374,21.243,22.868,13.624,25.188,24.6,9.341,9.832,6.719,7.28,10.365,3.775,3.476,2.933,3.929,5.031,1.867,2.022,1.167,2.804,2.379,1
107.782,110.388,83.948,140.658,80.217,32.518,34.398,20.051,31.086,32.074,14.55,13.951,10.19,9.875,14.249,4.559,4.75,3.446,5.13,5.526,2.071,2.233,1.21,2.896,2.328,1
117.138,119.029,87.891,148.409,86.889,33.424,35.728,20.741,30.053,31.841,15.622,14.15,10.775,10.113,14.851,4.548,4.971,3.484,5.22,5.398,2.005,2.142,1.211,2.722,2.156,1
86.658,84.878,61.112,104.536,63.804,22.28,24.577,14.052,18.275,20.884,11.707,9.422,7.932,7.096,10.724,3.049,3.631,2.477,3.63,3.676,1.383,1.388,0.951,1.831,1.423,1
33.464,29.26,23.454,37.73,25.626,7.686,8.79,4.856,5.459,8.184,4.754,3.345,3.488,2.7,4.442,1.203,1.497,1.172,1.501,1.649,0.713,0.569,0.616,0.95,0.877,1
15.888,11.996,13.058,16.665,13.631,3.836,4.227,2.328,2.262,4.91,2.449,1.743,2.164,1.371,2.495,0.696,0.807,0.805,0.886,1.08,0.536,0.345,0.524,0.718,0.83,1
3.729,1.579,8.251,2.823,9.062,2.19,1.632,1.503,1.266,3.924,0.921,1.098,1.405,0.6,1.466,0.451,0.328,0.56,0.521,0.896,0.429,0.217,0.475,0.575,0.971,1
2.063,0.791,7.118,1.619,21.58,1.992,1.098,2.305,2.077,6.319,0.753,1.074,1.232,0.483,2.652,0.524,0.264,0.427,0.433,1.613,0.377,0.222,0.438,0.539,1.055,1
1.723,0.7,5.95,1.557,30.7,1.758,0.882,2.606,2.421,7.828,0.721,0.956,1.132,0.463,3.611,0.597,0.262,0.383,0.409,2.229,0.336,0.224,0.403,0.504,1.064,1
1.789,0.889,3.965,2.495,41.928,1.305,0.698,2.694,2.693,9.05,0.715,0.7,0.964,0.556,5.137,0.751,0.274,0.399,0.461,3.409,0.264,0.243,0.323,0.403,1.184,1
1.873,1.04,3.285,3.028,39.591,1.157,0.688,2.519,2.6,8.256,0.722,0.647,0.862,0.623,5.426,0.794,0.27,0.434,0.526,3.665,0.252,0.278,0.295,0.357,1.34,1
1.876,1.182,2.27,3.461,24.114,1.207,0.642,2.123,2.168,5.025,0.735,0.716,0.64,0.664,5.287,0.79,0.229,0.459,0.651,3.264,0.308,0.407,0.285,0.321,1.787,1
1.867,1.236,2.053,3.08,11.848,1.776,0.657,2.125,1.674,3.321,0.86,0.952,0.546,0.591,4.932,0.704,0.194,0.383,0.668,2.353,0.45,0.601,0.315,0.392,2.104,1
1.959,1.321,2.377,2.955,10.203,2.143,0.766,2.213,1.448,3.714,1.034,1.115,0.555,0.569,4.734,0.66,0.207,0.341,0.617,2.027,0.528,0.704,0.328,0.465,2.1,1
2.304,1.554,2.926,3.059,10.55,2.71,1.163,2.192,1.115,5.077,1.523,1.384,0.565,0.616,3.976,0.642,0.274,0.358,0.468,1.734,0.649,0.857,0.326,0.634,1.735,1
2.642,1.596,2.94,3.114,10.372,2.792,1.381,2.044,1.027,5.099,1.756,1.401,0.518,0.666,3.412,0.692,0.312,0.434,0.447,1.695,0.699,0.883,0.313,0.725,1.472,1
3.877,1.982,2.631,4.128,10.483,2.641,2.017,1.825,1.197,3.635,2.16,1.262,0.4,1.011,2.401,0.891,0.462,0.672,0.71,1.797,0.833,0.84,0.302,1.081,1.158,1
5.756,10.277,3.014,8.183,14.554,2.599,3.914,2.522,1.973,1.855,2.427,1.967,0.463,1.882,2.206,1.037,0.929,0.936,1.388,2.104,0.983,0.763,0.384,1.878,1.314,1
6.49,20.361,3.515,10.996,17.689,2.648,5.468,3.114,2.451,1.341,2.416,3.049,0.562,2.344,2.43,1.043,1.279,1.049,1.739,2.246,1.021,0.737,0.461,2.327,1.475,1
6.445,48.328,4.648,16.143,21.343,2.559,8.748,3.669,3.196,1.094,2.033,5.91,0.766,2.727,3.142,0.986,1.946,1.164,2.074,2.334,0.991,0.698,0.618,2.779,1.65,1
4.548,69.071,4.616,17.767,19.235,2.08,10.311,2.72,3.54,1.902,1.543,7.324,0.911,2.317,3.839,0.978,2.194,1.083,1.952,2.296,0.943,0.661,0.669,2.439,1.467,1
3.521,70.451,4.453,17.02,18.335,1.847,9.932,1.978,3.633,3.436,1.406,6.933,0.95,2.014,4.194,1.013,2.112,0.981,1.86,2.351,0.951,0.647,0.647,2.152,1.286,1
2.186,54.591,4.337,14.047,21.71,1.976,7.229,0.898,3.668,9.751,1.462,4.642,0.916,1.615,4.765,1.208,1.7,0.757,1.751,2.587,0.98,0.632,0.58,1.775,0.933,1
2.042,42.21,4.446,14.471,24.927,2.467,5.47,0.677,3.574,13.557,1.661,3.499,0.833,1.588,4.84,1.38,1.513,0.682,1.747,2.706,0.968,0.635,0.564,1.702,0.827,1
3.005,24.222,4.276,33.828,27.758,3.825,4.149,0.591,3.199,17.799,2.293,3.573,0.593,2.119,4.296,1.769,1.878,0.638,2.007,2.77,0.902,0.865,0.557,1.618,0.817,1
4.491,26.497,3.266,73.764,24.929,4.288,7.325,0.662,3.264,14.983,2.649,6.999,0.493,3.29,3.657,1.867,3.63,0.668,2.63,2.687,0.847,1.622,0.534,1.54,0.941,1
4.785,32.378,2.614,88.615,22.91,3.887,9.518,0.749,3.626,12.06,2.496,8.964,0.536,3.749,3.876,1.702,4.67,0.696,2.868,2.621,0.813,2.07,0.514,1.504,0.969,1
4.812,36.664,2.139,86.468,19.613,2.361,11.043,1.068,4.643,7.159,1.743,10.549,0.839,3.769,5.363,1.133,5.82,0.813,2.762,2.381,0.698,2.538,0.468,1.359,0.902,1
Theta_AF3,Theta_T7,Theta_PZ,Theta_T8,Theta_AF4,Alpha_AF3,Alpha_T7,Alpha_PZ,Alpha_T8,Alpha_AF4,BetaL_AF3,BetaL_T7,BetaL_PZ,BetaL_T8,BetaL_AF4,BetaH_AF3,BetaH_T7,BetaH_PZ,BetaH_T8,BetaH_AF4,Gamma_AF3,Gamma_T7,Gamma_PZ,Gamma_T8,Gamma_AF4,Command
4.662,1.943,4.942,4.314,6.662,1.641,1.46,1.457,2.948,2.936,1.545,0.894,0.878,1.479,2.346,0.665,0.348,0.432,0.411,0.756,0.178,0.312,0.227,0.286,0.34,0
3.689,1.629,5.707,4.316,5.987,1.97,1.721,1.755,2.937,2.852,1.169,1.103,0.975,1.22,1.584,0.616,0.35,0.363,0.45,0.788,0.178,0.332,0.288,0.292,0.314,0
3.276,1.441,5.828,4.01,6.288,2.157,1.672,1.924,2.698,2.696,1.064,1.122,1.039,1.066,1.33,0.618,0.354,0.359,0.503,0.858,0.198,0.333,0.332,0.297,0.321,0
2.609,1.284,5.425,3.105,7.498,2.556,1.434,2.885,2.147,2.543,1.081,1.096,1.226,0.917,1.249,0.653,0.382,0.367,0.615,1.007,0.281,0.339,0.399,0.323,0.407,0
2.313,1.432,4.981,2.713,7.547,2.882,1.421,3.849,1.985,2.809,1.13,1.122,1.349,0.919,1.359,0.692,0.411,0.381,0.647,1.083,0.331,0.362,0.405,0.356,0.502,0
2.285,1.969,3.875,2.426,5.607,4.032,1.846,5.985,2.049,4.455,1.162,1.296,1.512,0.884,1.815,0.871,0.473,0.45,0.656,1.435,0.405,0.467,0.361,0.521,0.776,0
3.568,2.196,2.902,2.646,3.354,5.205,2.409,6.486,2.762,6.545,1.086,1.38,1.541,0.767,2.494,1.102,0.475,0.533,0.594,2.083,0.411,0.58,0.284,0.784,0.957,0
4.39,2.046,2.419,2.761,2.927,5.281,2.459,5.855,3.274,7.024,0.99,1.29,1.542,0.759,2.71,1.153,0.449,0.555,0.545,2.33,0.39,0.592,0.247,0.878,0.939,0
5.394,1.66,1.384,2.988,3.379,4.307,1.92,3.798,4.106,6.287,0.776,0.938,1.582,1.152,2.43,1.042,0.396,0.54,0.467,2.271,0.333,0.515,0.191,0.899,0.767,0
5.324,2.063,0.78,3.459,4.181,3.529,1.331,2.311,4.363,4.837,0.885,0.749,1.617,2.215,1.648,0.801,0.415,0.485,0.534,1.725,0.352,0.475,0.185,0.955,0.701,0
5.092,2.687,0.911,3.61,4.581,3.697,1.366,1.987,4.33,4.556,1.172,0.768,1.595,2.752,1.548,0.714,0.45,0.472,0.643,1.556,0.405,0.525,0.201,1.102,0.748,0
4.326,3.955,1.962,3.092,5.615,4.485,1.912,1.698,4.094,4.946,2.051,0.873,1.504,3.167,2.387,0.643,0.52,0.548,0.885,1.648,0.526,0.694,0.243,1.511,0.846,0
3.882,4.194,2.578,2.491,6.307,4.592,2.108,1.583,3.915,5.232,2.43,0.885,1.504,3.066,3.005,0.641,0.552,0.643,0.961,1.75,0.568,0.749,0.266,1.66,0.839,0
3.04,3.695,3.064,1.434,7.499,3.819,1.819,1.409,3.365,5.225,2.753,0.767,1.655,2.83,3.658,0.725,0.646,0.868,1.197,1.618,0.681,0.758,0.343,1.753,0.738,1
2.609,2.927,2.675,1.297,8.045,2.653,1.069,1.302,2.444,4.913,2.777,0.578,1.662,2.798,3.722,1.013,0.763,0.949,1.954,1.254,0.952,0.739,0.471,1.814,0.7,1
2.74,2.753,2.691,1.55,8.46,2.271,0.825,1.371,1.938,4.938,2.781,0.536,1.535,2.691,3.712,1.214,0.789,0.904,2.434,1.193,1.097,0.735,0.53,1.884,0.723,1
4.545,2.543,4.012,2.561,10.649,2.136,0.726,2.199,1.042,5.929,2.833,0.644,1.414,2.092,3.55,1.55,0.705,0.745,2.875,1.348,1.145,0.668,0.564,1.924,0.765,1
8.588,1.745,5.9,3.982,14.287,2.808,0.692,3.51,0.523,7.963,2.757,0.879,1.656,1.43,2.99,1.569,0.468,0.599,2.224,1.419,0.788,0.495,0.466,1.62,0.76,0
10.788,1.271,6.237,4.457,15.11,3.219,0.594,3.864,0.458,8.645,2.57,0.937,1.739,1.281,2.589,1.458,0.353,0.53,1.708,1.369,0.57,0.409,0.394,1.395,0.777,0
13.272,0.741,5.191,4.241,12.968,3.757,0.474,3.32,0.702,8.162,1.934,0.882,1.474,1.337,1.884,1.202,0.244,0.389,0.945,1.315,0.324,0.309,0.274,1.027,0.89,0
14.605,1.037,3.224,2.842,12.58,4.17,0.754,1.8,1.339,6.181,1.593,0.849,0.846,1.589,1.803,1.186,0.292,0.32,0.645,1.5,0.353,0.272,0.22,0.874,1.003,0
16.257,1.442,3.016,2.351,16.233,4.631,0.985,1.196,1.693,5.445,1.652,0.897,0.588,1.672,1.969,1.303,0.338,0.333,0.536,1.621,0.399,0.257,0.223,0.845,1.007,0
20.889,2.315,5.66,2.354,26.865,5.709,1.18,0.759,1.994,4.898,1.896,0.958,0.36,1.539,2.446,1.657,0.417,0.414,0.351,1.737,0.444,0.246,0.273,0.756,0.904,0
21.822,2.51,8.032,2.613,29.545,5.863,1.07,0.78,1.833,4.79,1.869,0.89,0.334,1.317,2.64,1.784,0.434,0.453,0.314,1.72,0.44,0.256,0.3,0.695,0.827,0
17.293,2.261,11.272,2.697,24.258,4.795,0.7,0.97,1.227,4.201,1.461,0.565,0.336,0.827,2.802,1.718,0.423,0.501,0.396,1.609,0.405,0.294,0.308,0.589,0.69,0
8.667,1.667,9.238,2.17,12.158,2.835,0.589,1.294,0.876,3.355,1.146,0.32,0.518,0.693,2.622,1.307,0.386,0.564,0.574,1.442,0.381,0.305,0.25,0.501,0.579,0
5.679,1.448,6.754,1.918,7.662,2.121,0.655,1.492,0.913,3.062,1.171,0.308,0.687,0.774,2.413,1.111,0.372,0.608,0.641,1.342,0.383,0.288,0.218,0.447,0.528,0
4.067,1.551,2.427,1.718,3.683,1.643,0.806,1.947,1.348,2.655,1.483,0.418,1.054,0.952,1.961,0.966,0.367,0.657,0.698,1.212,0.402,0.224,0.188,0.341,0.473,0
4.197,1.852,1.431,1.684,3.175,1.742,0.847,2.18,1.698,2.542,1.669,0.47,1.216,0.976,1.896,1.002,0.373,0.632,0.737,1.262,0.41,0.193,0.19,0.317,0.489,0
3.888,3.309,1.319,1.734,3.536,2.286,0.956,2.694,2.618,2.668,2.024,0.489,1.442,0.913,2.214,1.096,0.398,0.483,0.967,1.646,0.404,0.155,0.197,0.38,0.618,0
4.239,8.772,2.451,2.479,5.819,3.241,1.065,3.371,3.583,3.188,2.416,0.502,1.484,0.861,2.601,1.124,0.399,0.313,1.265,2.142,0.361,0.149,0.185,0.506,0.766,0
5.595,13.771,3.459,3.295,7.464,3.932,1.089,3.691,3.918,3.602,2.599,0.552,1.411,0.863,2.681,1.144,0.372,0.266,1.334,2.305,0.333,0.154,0.176,0.533,0.792,0
11.334,24.276,5.718,5.308,11.871,5.555,1.027,3.873,4.078,4.727,2.895,0.697,1.132,0.869,2.593,1.234,0.275,0.268,1.245,2.406,0.3,0.173,0.167,0.466,0.742,0
16.816,25.381,6.22,5.653,16.765,6.431,0.954,3.1,3.607,5.855,2.852,0.694,0.988,0.818,2.437,1.274,0.188,0.326,1.028,2.441,0.306,0.202,0.18,0.326,0.66,0
18.033,21.11,5.459,5.526,18.951,6.261,0.949,2.468,3.18,6.157,2.594,0.601,1.035,0.773,2.338,1.232,0.165,0.349,0.942,2.521,0.307,0.214,0.192,0.279,0.627,0
16.845,9.491,3.158,7.365,21.054,4.973,0.903,1.273,2.229,5.832,1.77,0.382,1.171,0.649,1.954,1.031,0.162,0.374,0.85,2.738,0.28,0.228,0.21,0.285,0.564,0
15.025,5.313,2.398,9.421,20.423,4.135,0.85,0.926,1.849,5.254,1.366,0.341,1.154,0.568,1.676,0.89,0.177,0.381,0.828,2.748,0.257,0.229,0.214,0.319,0.527,0
10.821,2.579,2.228,12.373,16.209,2.544,0.935,0.903,1.462,3.761,0.782,0.568,0.896,0.427,1.165,0.589,0.309,0.388,0.843,2.327,0.216,0.23,0.214,0.373,0.451,0
7.32,2.823,2.705,10.909,10.974,1.323,1.457,1.451,1.686,2.637,0.466,1.174,0.647,0.566,0.865,0.389,0.667,0.378,0.973,1.521,0.179,0.241,0.202,0.394,0.389,0
5.942,2.845,2.747,9.178,8.848,1.019,1.763,1.687,1.97,2.425,0.42,1.468,0.643,0.767,0.799,0.372,0.88,0.379,1.032,1.174,0.153,0.251,0.19,0.397,0.362,0
4.451,2.542,2.488,6.457,6.302,1.257,1.985,1.657,2.812,2.79,0.614,1.669,0.817,1.158,0.869,0.495,1.127,0.476,1.006,0.874,0.112,0.271,0.166,0.387,0.322,0
6.002,2.042,2.043,5.723,6.265,2.07,1.553,1.077,4.106,3.61,0.927,1.269,0.884,1.192,1.083,0.708,0.964,0.702,0.785,1.092,0.135,0.269,0.17,0.334,0.329,0
7.329,1.761,1.864,5.662,6.642,2.374,1.224,0.83,4.729,3.878,1.007,0.969,0.808,1.104,1.217,0.801,0.778,0.797,0.67,1.331,0.165,0.259,0.191,0.296,0.343,0
8.641,1.318,1.68,5.067,6.943,2.413,0.68,0.709,5.103,3.593,0.981,0.493,0.574,1.024,1.532,0.874,0.439,0.813,0.561,1.784,0.219,0.232,0.253,0.243,0.374,0
9.696,1.404,1.686,4.444,7.701,2.189,0.544,0.829,4.843,3.114,0.921,0.366,0.516,1.082,1.704,0.861,0.35,0.741,0.584,1.881,0.241,0.227,0.284,0.266,0.404,0
16.51,4.8,1.775,3.227,12.789,1.751,1.073,1.325,4.372,2.268,0.835,0.403,0.628,1.272,2.006,0.897,0.414,0.604,0.74,1.719,0.306,0.287,0.331,0.47,0.519,0
27.022,24.945,1.871,2.901,20.782,1.96,6.393,2.102,4.709,2.24,0.792,2.23,0.958,1.37,2.107,1.097,1.444,0.616,0.929,1.428,0.419,0.631,0.34,0.794,0.66,0
30.291,42.612,1.846,3.094,23.645,2.448,11.678,2.535,4.963,2.509,0.742,4.133,1.18,1.41,2.044,1.188,2.437,0.641,0.989,1.372,0.475,0.93,0.328,0.919,0.696,0
30.198,74.823,1.608,3.909,24.842,4.117,22.626,3.065,4.814,3.293,0.616,7.964,1.74,1.645,1.74,1.16,4.355,0.589,1,1.398,0.515,1.468,0.275,0.96,0.636,0
25.808,72.123,1.119,5.219,22.511,5.684,24.067,2.664,3.672,3.83,0.876,8.274,2.24,1.924,1.666,0.892,4.377,0.412,0.912,1.344,0.436,1.415,0.211,0.768,0.477,0
24.649,56.725,0.919,5.881,21.499,6.103,20.308,2.2,3.014,3.843,1.243,7,2.319,1.928,1.851,0.798,3.608,0.331,0.838,1.296,0.374,1.149,0.187,0.658,0.425,0
26.05,25.268,1.309,6.382,20.661,6.432,10.778,1.299,1.959,3.689,2.064,4.313,1.959,1.497,2.444,0.886,1.963,0.289,0.646,1.342,0.279,0.556,0.173,0.526,0.457,0
27.431,18.381,2.235,6.118,20.474,6.529,7.976,1.023,1.692,3.865,2.278,3.808,1.59,1.166,2.639,1.026,1.599,0.336,0.568,1.429,0.261,0.391,0.184,0.511,0.517,0
29.123,19.775,4.949,6.213,20.582,6.467,6.839,0.834,1.948,4.925,2.074,4.033,0.857,0.806,2.415,1.24,1.64,0.493,0.557,1.509,0.28,0.357,0.231,0.546,0.621,0
29.984,17.985,6.45,7.369,22.584,6.086,5.816,0.878,2.746,6.037,1.564,3.446,0.48,0.983,1.658,1.172,1.428,0.597,0.69,1.236,0.305,0.383,0.277,0.581,0.626,0
30.472,14.01,6.269,7.551,23.845,5.922,4.466,1.038,2.997,6.218,1.404,2.621,0.452,1.094,1.362,1.054,1.095,0.605,0.741,1.037,0.297,0.352,0.287,0.569,0.591,0
29.367,6.347,4.676,5.787,23.756,5.62,1.912,1.892,2.785,5.573,1.268,1.21,0.703,1.088,1.263,0.897,0.467,0.568,0.744,0.839,0.241,0.258,0.27,0.476,0.493,0
23.214,9.64,3.454,2.64,18.378,4.409,1.669,2.874,1.908,4.121,1.124,1.114,1.19,0.85,1.518,0.994,0.372,0.552,0.731,0.92,0.174,0.226,0.218,0.35,0.4,0
18.519,14.124,3.127,1.577,14.159,3.315,2.227,3.032,1.514,3.356,1.063,1.371,1.396,0.742,1.59,1.097,0.473,0.571,0.771,0.958,0.151,0.239,0.19,0.299,0.361,0
11.15,19.511,2.3,0.927,6.43,1.557,3.126,2.543,1.122,2.454,1.029,1.768,1.525,0.682,1.466,1.27,0.651,0.634,0.92,1.101,0.131,0.275,0.146,0.229,0.307,0
9.124,15.54,1.332,1.249,3.032,1.428,2.722,1.839,0.974,2.82,1.012,1.872,1.415,0.816,1.256,1.292,0.639,0.667,1.012,1.568,0.147,0.277,0.128,0.18,0.314,0
9.378,11.458,1.204,1.575,3.283,1.769,2.13,1.786,0.935,3.265,0.978,1.883,1.437,0.937,1.23,1.226,0.582,0.649,0.994,1.836,0.167,0.265,0.131,0.159,0.336,0
11.172,4.71,1.869,2.378,6.354,2.577,1.019,2.55,1.089,3.742,0.906,1.811,1.722,1.192,1.228,1.047,0.487,0.535,0.835,2.118,0.22,0.247,0.16,0.134,0.382,0
13.434,3.13,2.406,2.693,9.439,3.116,0.698,3.128,1.271,3.663,0.908,1.645,1.837,1.258,1.163,1.019,0.465,0.466,0.732,2.154,0.244,0.244,0.179,0.128,0.391,0
20.626,2.312,3.072,2.838,17.977,4.381,0.401,3.727,1.509,3.096,0.988,1.019,1.651,1.16,0.89,1.13,0.416,0.436,0.552,2.289,0.272,0.236,0.202,0.135,0.386,0
25.772,2.179,2.723,2.997,24.065,4.92,0.322,3.029,1.409,2.639,0.988,0.476,1.034,0.845,0.687,1.194,0.341,0.602,0.419,2.422,0.274,0.207,0.19,0.176,0.432,0
25.059,2.111,2.355,3.466,23.764,4.6,0.341,2.407,1.406,2.591,0.912,0.378,0.754,0.718,0.673,1.095,0.314,0.699,0.374,2.309,0.272,0.19,0.176,0.204,0.499,0
17.241,1.746,1.822,4.957,16.622,3.11,0.507,1.461,1.694,2.845,0.693,0.426,0.446,0.726,0.716,0.698,0.301,0.76,0.349,1.66,0.266,0.165,0.154,0.254,0.664,0
8.345,1.254,1.918,5.72,8.219,1.682,0.779,1.325,1.925,3.419,0.543,0.502,0.339,0.955,0.801,0.395,0.311,0.695,0.418,1.1,0.278,0.156,0.165,0.279,0.72,0
6.009,1.157,2.167,5.523,6.371,1.253,0.88,1.412,1.862,3.671,0.544,0.489,0.317,1.065,0.945,0.364,0.316,0.68,0.497,1.071,0.303,0.16,0.181,0.28,0.685,0
5.425,1.385,2.816,4.727,7.484,0.823,0.883,1.587,1.498,3.684,0.732,0.391,0.375,1.226,1.449,0.497,0.341,0.734,0.704,1.359,0.39,0.186,0.226,0.262,0.569,0
6.653,1.642,2.898,4.166,9.572,0.971,0.724,1.7,1.125,3.336,1.06,0.301,0.646,1.325,1.944,0.707,0.373,0.768,0.799,1.498,0.446,0.218,0.261,0.232,0.505,0
7.469,1.578,2.653,4.041,9.859,1.286,0.697,1.74,0.98,3.235,1.189,0.28,0.827,1.312,2.078,0.786,0.382,0.757,0.768,1.402,0.431,0.224,0.266,0.223,0.501,0
10.457,1.256,2.373,3.818,9.962,2.114,1.029,1.792,0.779,3.11,1.263,0.3,1.079,1.088,2.191,0.862,0.4,0.782,0.616,1.083,0.341,0.214,0.257,0.238,0.52,0
12.398,1.15,2.611,3.894,10.491,2.503,1.386,1.792,0.77,2.955,1.218,0.339,1.094,0.909,2.275,0.867,0.417,0.84,0.538,0.979,0.299,0.205,0.251,0.263,0.53,0
14.474,1.167,3.577,4.534,12.066,2.886,2.065,1.71,0.952,2.333,1.094,0.456,0.96,0.589,2.522,0.815,0.443,0.957,0.44,0.935,0.271,0.194,0.245,0.329,0.523,0
11.507,1.176,3.866,5.528,11.391,2.466,2.035,1.559,1.193,1.889,1.019,0.59,0.86,0.393,2.442,0.697,0.464,0.914,0.458,0.928,0.294,0.2,0.231,0.375,0.469,0
8.802,1.107,3.545,5.761,9.807,2.038,1.717,1.46,1.245,1.949,0.971,0.651,0.874,0.342,2.205,0.641,0.482,0.825,0.515,0.919,0.305,0.207,0.212,0.377,0.444,0
4.507,1.043,2.656,5.403,6.201,1.195,0.936,1.165,1.126,2.27,0.802,0.739,0.975,0.337,1.679,0.609,0.49,0.636,0.633,0.994,0.314,0.216,0.157,0.336,0.433,0
3.53,1.059,2.332,4.933,4.823,0.962,0.682,0.964,0.989,2.318,0.707,0.781,1.045,0.391,1.547,0.644,0.46,0.596,0.638,1.092,0.314,0.212,0.135,0.309,0.446,0
3.253,1.138,2.112,4.173,3.064,1.151,0.654,0.643,0.789,2.254,0.519,0.918,1.123,0.584,1.583,0.73,0.345,0.651,0.528,1.323,0.311,0.195,0.131,0.302,0.464,0
3.642,1.311,2.156,3.772,2.102,1.985,0.913,0.697,0.792,2.453,0.358,1.027,1.022,0.73,1.626,0.697,0.258,0.728,0.412,1.403,0.287,0.187,0.163,0.373,0.463,0
4.571,1.434,2.15,3.589,2.681,2.518,0.979,0.839,0.815,2.772,0.344,1.008,0.924,0.733,1.515,0.636,0.248,0.724,0.385,1.343,0.263,0.185,0.176,0.408,0.464,0
9.814,1.69,1.903,3.093,7.492,3.849,0.973,0.997,0.909,4.081,0.636,0.823,0.761,0.704,1.287,0.535,0.25,0.65,0.384,1.111,0.205,0.165,0.171,0.399,0.46,0
16.886,1.685,1.384,2.73,14.339,5.13,1.01,0.86,1.268,5.786,1.294,0.594,0.76,0.834,1.665,0.559,0.231,0.602,0.413,0.962,0.155,0.127,0.144,0.302,0.412,0
19.178,1.512,1.125,2.677,16.7,5.465,1.07,0.767,1.491,6.442,1.657,0.524,0.782,0.957,2.096,0.598,0.217,0.595,0.428,0.963,0.143,0.11,0.137,0.258,0.379,0
21.396,1.039,0.864,2.569,20.735,5.57,1.115,0.647,1.662,7.872,2.212,0.517,0.709,1.142,2.769,0.63,0.197,0.553,0.442,1.084,0.167,0.096,0.152,0.247,0.353,0
26.391,0.753,1.056,2.287,30.464,5.69,0.934,0.64,1.609,10.592,2.455,0.623,0.537,1.071,2.594,0.584,0.178,0.45,0.476,1.283,0.258,0.109,0.19,0.351,0.421,0
29.37,0.771,1.207,2.357,36.68,5.825,0.838,0.723,1.778,12.169,2.556,0.685,0.49,1.015,2.581,0.556,0.166,0.405,0.528,1.397,0.319,0.127,0.205,0.429,0.468,0
29.363,1.043,1.468,3.211,41.643,5.504,0.81,1.173,2.608,13.201,2.804,0.832,0.511,1.152,3.705,0.512,0.139,0.375,0.66,1.586,0.425,0.195,0.216,0.58,0.517,0
25.042,1.223,1.649,3.752,37.885,4.909,0.934,1.476,2.988,11.985,2.916,0.971,0.554,1.41,4.668,0.499,0.13,0.378,0.7,1.621,0.452,0.237,0.221,0.631,0.508,0
12.832,1.391,2.321,4.65,23.112,3.658,1.568,1.817,3.266,7.643,2.999,1.414,0.665,2.183,5.826,0.525,0.156,0.366,0.736,1.51,0.438,0.292,0.245,0.693,0.46,0
5.992,1.188,2.808,6.058,13.277,3.246,2.288,1.495,3.391,5.105,2.761,1.714,0.775,2.794,5.255,0.598,0.241,0.314,0.858,1.251,0.379,0.28,0.277,0.776,0.45,0
5.069,1.02,2.744,7.111,12.525,3.232,2.397,1.231,3.552,5.251,2.622,1.658,0.791,2.845,4.703,0.63,0.294,0.288,0.943,1.135,0.358,0.257,0.287,0.817,0.477,0
4.34,0.684,2.282,8.763,13.29,3.273,1.93,1.131,3.647,7.554,2.617,1.152,0.741,2.34,3.898,0.678,0.394,0.295,1.032,1.007,0.348,0.214,0.285,0.803,0.568,0
4.416,0.576,2.111,9.213,13.243,3.664,1.529,1.391,3.458,9.317,2.699,0.833,0.7,1.89,3.644,0.707,0.431,0.326,1.011,0.993,0.355,0.201,0.274,0.731,0.596,0
10.965,0.609,1.989,9.588,13.495,6.64,0.997,2.102,2.822,12.399,2.654,0.419,0.608,1.014,2.953,0.987,0.466,0.377,0.883,1.049,0.416,0.178,0.237,0.522,0.553,0
28.911,1.256,1.956,11.34,17.602,11.75,1.04,2.26,2.45,12.561,2.345,0.409,0.471,0.641,2.019,1.879,0.427,0.361,0.735,1.26,0.633,0.155,0.189,0.379,0.459,0
38.424,1.857,1.89,13.114,20.426,13.56,1.122,2.042,2.368,11.234,2.262,0.499,0.399,0.672,1.693,2.42,0.387,0.348,0.667,1.361,0.788,0.158,0.17,0.355,0.45,0
45.34,3.29,1.908,17.121,21.968,12.814,1.117,1.354,2.054,6.915,2.284,0.767,0.406,0.868,1.419,2.961,0.322,0.36,0.547,1.354,1.003,0.213,0.156,0.36,0.54,0
38.277,3.897,2.196,17.193,17.174,8.085,0.909,0.844,1.75,3.343,2.192,1.028,0.841,0.867,1.339,2.391,0.337,0.408,0.514,1.101,0.91,0.286,0.171,0.377,0.648,0
36.227,3.676,2.351,15.745,14.951,6.011,0.769,0.715,1.734,2.606,2.065,1.088,1.188,0.786,1.534,1.901,0.383,0.427,0.549,1.036,0.788,0.316,0.192,0.388,0.687,0
38.75,2.631,2.486,12.291,13.886,4.154,0.519,0.616,1.886,2.996,1.867,1.008,1.766,0.592,2.86,1.2,0.541,0.432,0.661,1.287,0.649,0.418,0.27,0.478,0.841,0
38.898,2.122,2.4,10.886,13.795,3.951,0.46,0.59,1.926,3.73,1.819,0.898,1.877,0.532,3.802,1.064,0.631,0.424,0.702,1.558,0.678,0.503,0.322,0.575,0.976,0
27.456,1.547,2.049,8.711,10.489,3.265,0.517,0.578,1.767,4.86,1.671,0.64,1.843,0.531,4.988,0.944,0.73,0.413,0.74,1.953,0.793,0.657,0.415,0.803,1.219,0
11.192,1.414,2.036,6.687,5.721,2.161,0.808,0.772,1.417,4.597,1.347,0.43,1.813,0.638,4.374,0.786,0.627,0.442,0.803,1.726,0.722,0.635,0.44,0.89,1.148,0
6.508,1.404,2.442,6.095,4.497,1.748,1.03,0.963,1.291,4.105,1.168,0.367,1.892,0.698,3.666,0.724,0.534,0.52,0.89,1.439,0.611,0.557,0.424,0.872,0.991,0
4.929,1.457,4.274,7.639,5.038,1.384,1.515,1.434,1.539,3.289,0.919,0.403,2.713,0.867,2.682,0.724,0.461,0.965,1.281,0.91,0.439,0.432,0.482,1.021,0.697,0
11.908,5.21,10.321,15.13,13.223,2.787,5.199,3.159,4.095,4.248,1.824,3.398,5.253,2.036,3.831,1.241,1.042,1.958,2.034,1.035,0.709,0.727,1.042,1.89,0.888,1
24.149,12.195,18.552,25.164,25.845,6.249,12.092,6.444,8.166,7.105,3.641,8.861,7.557,3.993,5.847,2.191,2.058,2.849,2.774,1.611,1.166,1.29,1.652,2.657,1.332,1
67.69,38.255,46.093,60.999,68.184,19.836,36.751,19.154,22.671,18.96,10.215,27.923,13.238,11.079,12.395,5.975,5.644,5.307,5.159,3.897,2.602,3.247,3.271,4.368,2.782,0
89.49,52.076,59.636,80.582,88.414,26.914,48.764,25.875,30.146,25.492,13.478,37.038,15.251,14.743,15.395,8.109,7.412,6.375,6.356,5.132,3.267,4.219,3.908,4.931,3.464,0
100.927,62.073,66.144,96.603,97.241,31.2,53.848,30.162,34.977,30.446,15.053,40.735,14.475,17.067,16.236,9.972,8.296,6.713,7.1,6.031,3.597,4.777,4.032,4.797,3.816,0
65.453,43.541,42.901,71.191,60.811,19.897,31.631,19.629,23.431,21.615,9.245,24.032,8.3,11.378,10.382,7.322,5.24,4.513,5.164,4.234,2.592,3.268,2.888,3.476,2.778,1
42.875,30.209,27.679,51.352,38.469,12.461,18.217,12.46,15.493,15.18,5.635,14.048,4.996,7.611,7.129,5.184,3.307,3.114,3.775,2.946,2.004,2.292,2.276,2.865,2.167,1
14.452,10.763,7.774,19.915,10.754,3.209,3.108,3.077,4.812,7.332,1.345,2.535,1.022,3.034,3.662,1.918,0.984,1.186,1.71,1.252,1.45,1.07,1.584,2.383,1.645,1
7.275,5.079,2.501,7.837,6.676,1.588,2.487,1.012,2.282,7.515,0.831,1.228,0.389,3.086,3.359,0.868,0.765,0.618,1.04,1.087,1.6,0.812,1.417,2.61,1.931,1
5.67,4.098,1.487,5.495,7.007,1.534,3.234,0.832,2.26,8.317,0.878,1.425,0.421,3.854,3.295,0.754,0.847,0.518,0.933,1.221,1.672,0.766,1.353,2.715,2.063,1
3.287,3.606,0.495,5.19,7.686,1.585,3.897,0.722,3.112,8.372,0.89,1.736,0.571,5.319,2.907,0.827,0.963,0.459,0.974,1.545,1.599,0.682,1.239,2.729,2.023,1
2.686,3.424,0.384,5.706,7.359,1.628,3.798,0.719,3.49,7.342,0.847,1.813,0.642,5.554,2.608,0.898,0.993,0.474,1.079,1.644,1.483,0.659,1.207,2.67,1.893,1
2.241,3.137,0.597,5.861,5.727,1.577,3.229,0.675,3.265,4.37,0.844,1.871,0.662,4.606,1.939,0.903,1.036,0.515,1.228,1.601,1.241,0.638,1.151,2.517,1.657,1
1.895,3.034,0.937,4.205,4.054,1.407,2.759,0.83,2.335,2.669,1.186,1.899,0.628,3.02,1.584,0.801,1.014,0.533,1.116,1.375,1.151,0.59,1.056,2.443,1.668,1
1.7,2.809,1.026,3.238,3.471,1.314,2.547,1.073,2.006,2.467,1.422,1.878,0.685,2.593,1.678,0.774,0.935,0.558,0.995,1.264,1.168,0.556,1.013,2.486,1.752,1
1.365,1.826,0.931,1.829,2.495,1.112,2.019,1.624,1.803,2.284,1.634,1.612,0.955,2.481,2.335,0.818,0.645,0.725,0.844,1.104,1.243,0.532,0.982,2.702,1.917,1
1.23,1.32,0.765,1.434,2.102,1.026,1.783,1.751,1.744,2.15,1.526,1.364,1.084,2.412,2.753,0.876,0.496,0.854,0.881,1.05,1.265,0.557,0.986,2.806,1.952,1
1.111,1.065,0.629,1.239,1.932,0.925,1.487,1.616,1.418,1.83,1.049,0.905,1.252,1.815,3.377,0.998,0.349,1.037,1.136,1.023,1.233,0.62,0.946,2.833,1.878,1
1.046,1.337,1.017,1.659,2.306,0.907,1.198,1.388,1.35,1.432,0.883,0.878,1.406,1.243,3.428,1.138,0.507,1.06,1.474,1.295,1.148,0.585,0.81,2.604,1.719,1
1.029,1.257,1.307,1.885,2.493,0.982,1.044,1.354,1.597,1.277,1.056,1.011,1.488,1.181,3.23,1.222,0.695,1.075,1.684,1.543,1.127,0.535,0.736,2.452,1.662,1
1.821,1.084,1.641,2.256,3.274,1.378,0.864,1.298,2.475,1.302,1.545,1.252,1.543,1.446,2.56,1.323,1.091,1.196,2.188,1.952,1.134,0.46,0.641,2.173,1.562,1
3.843,1.206,1.567,2.859,4.598,1.705,0.828,1.124,3.097,1.579,1.609,1.29,1.405,2.3,1.95,1.196,1.17,1.265,2.574,1.925,1.129,0.46,0.592,1.924,1.374,1
4.751,1.411,1.518,3.125,5.127,1.641,0.8,1.063,3.111,1.612,1.426,1.301,1.317,2.974,1.781,1.118,1.09,1.218,2.653,1.843,1.098,0.474,0.57,1.827,1.255,1
5.257,1.859,1.696,3.246,5.735,1.155,0.656,1.084,2.626,1.738,1.187,1.537,1.318,4.218,2.048,1.162,0.941,1.017,2.611,1.906,1.007,0.512,0.604,1.847,1.079,1
4.312,2.023,2.283,2.829,6.106,0.947,0.522,1.229,2.022,2.399,1.68,1.915,1.733,4.241,3.156,1.462,0.936,0.862,2.495,2.344,0.965,0.571,0.872,2.323,1.072,1
3.807,2.037,2.626,2.618,6.266,1.169,0.509,1.295,1.874,2.856,2.016,1.959,2.013,3.697,3.713,1.613,0.93,0.835,2.479,2.554,1.019,0.619,1.082,2.815,1.152,0
3.163,2.006,3.069,2.522,6.044,2.074,0.571,1.404,2.053,3.68,2.173,1.561,2.303,2.343,4.356,1.846,0.836,0.857,2.526,2.667,1.358,0.774,1.473,4.248,1.527,0
3.01,1.993,3.208,2.705,6.258,2.51,0.625,1.481,2.31,4.334,1.972,1.227,2.226,2.027,4.743,1.934,0.798,0.893,2.547,2.607,1.579,0.876,1.56,4.913,1.776,0
2.772,2.444,3.596,3.16,11.49,2.818,0.831,1.712,2.694,8.019,1.412,0.66,1.758,2.249,7.193,1.919,0.84,0.956,2.359,2.708,1.766,1.043,1.4,5.167,2.169,0
3.031,4.2,3.799,3.856,24.798,2.406,1.231,1.93,2.392,13.971,1.158,0.564,1.357,2.435,11.113,1.482,0.943,0.979,1.854,3.299,1.344,1.011,0.951,3.677,2.204,0
3.458,5.743,3.667,4.43,31.622,2.297,1.665,1.972,2.113,16.192,1.221,0.819,1.329,2.258,12.284,1.166,1.019,0.971,1.599,3.544,0.994,0.91,0.728,2.646,2.077,0
4.238,10.235,2.773,5.193,35.692,2.582,3.783,1.767,1.842,16.291,1.478,2.093,1.494,1.629,11.004,0.673,1.363,0.878,1.267,3.335,0.436,0.682,0.435,1.086,1.638,0
4.058,14.206,1.587,5.706,27.828,2.728,6.669,1.204,1.997,11.659,1.507,3.735,1.475,1.208,6.483,0.561,1.999,0.704,1.029,2.333,0.282,0.609,0.33,0.544,1.093,0
3.587,14.894,1.175,6.013,22.692,2.461,7.708,0.96,2.136,9.087,1.386,4.422,1.292,1.105,4.397,0.605,2.553,0.617,0.888,1.865,0.293,0.659,0.301,0.453,0.842,0
2.59,14.278,0.839,6.379,13.624,1.574,9.086,0.913,2.673,5.935,1.042,5.397,0.695,0.916,2.289,0.75,4.331,0.486,0.646,1.442,0.32,0.93,0.236,0.318,0.514,0
2.424,13.565,0.838,6.416,10.11,1.298,9.66,1.149,3.214,5.222,0.903,5.663,0.431,0.893,2.042,0.811,5.277,0.434,0.604,1.456,0.312,1.098,0.208,0.268,0.446,0
2.889,11.617,1.133,5.872,5.412,1.542,10.012,1.826,4.478,5.14,0.717,5.435,0.227,1.096,1.921,0.831,5.91,0.319,0.65,1.614,0.265,1.256,0.189,0.218,0.395,0
4.291,8.441,1.864,5.154,6.771,2.301,7.597,2.168,4.651,9.184,0.528,3.87,0.406,1.293,2.337,0.732,4.156,0.212,0.705,1.912,0.228,0.984,0.206,0.224,0.432,0
5.234,6.232,2.263,5.159,10.066,2.547,5.456,2.097,4.098,12.316,0.487,2.782,0.62,1.272,3.012,0.676,2.845,0.19,0.701,2.113,0.225,0.737,0.218,0.236,0.493,0
6.062,2.573,2.712,4.702,17.078,2.475,1.862,1.571,2.402,16.552,0.828,1.083,1.163,1.108,4.981,0.603,0.942,0.205,0.63,2.31,0.227,0.305,0.232,0.253,0.63,0
4.947,1.935,2.543,4.553,19.554,1.988,0.923,0.891,1.081,14.505,1.479,0.646,1.464,1.102,6.037,0.538,0.496,0.243,0.516,1.916,0.219,0.165,0.235,0.25,0.66,0
3.975,2.351,2.473,5.368,18.697,1.979,0.943,0.649,0.732,11.989,1.654,0.687,1.433,1.161,5.802,0.506,0.476,0.265,0.471,1.57,0.217,0.171,0.239,0.245,0.638,0
2.71,2.616,2.676,8.178,15.703,2.979,0.947,0.543,0.453,8.31,1.506,0.845,1.104,1.205,4.678,0.525,0.411,0.309,0.437,1.024,0.232,0.205,0.258,0.239,0.602,0
2.902,2.423,2.737,9.19,15.124,4.428,0.808,0.771,0.519,7.598,1.158,0.844,0.721,1.098,4.031,0.681,0.358,0.326,0.506,0.933,0.257,0.214,0.261,0.241,0.612,0
5.177,2.23,2.705,9.397,15.898,4.699,0.83,0.896,0.694,7.209,1.113,0.775,0.612,1.049,3.894,0.758,0.392,0.323,0.603,1.019,0.277,0.224,0.265,0.277,0.648,0
8.884,8.085,3.392,7.727,16.363,4.039,2.679,1.244,1.317,5.143,1.267,1.188,0.853,1.088,3.333,0.903,0.886,0.417,1.051,1.436,0.415,0.384,0.41,0.617,0.913,0
10.403,14.313,4.143,6.917,16.035,3.431,4.957,1.567,1.679,4.049,1.324,1.82,1.287,1.15,2.793,1.027,1.379,0.575,1.436,1.772,0.552,0.56,0.587,0.976,1.164,0
11.139,27.355,5.419,6.256,14.03,2.574,10.402,2.445,2.332,3.328,1.174,3.216,2.404,1.139,1.638,1.404,2.369,1.084,2.285,2.477,0.873,0.961,1.024,1.988,1.698,0
10.285,29.732,5.472,6.197,12.611,2.271,11.938,3.034,2.82,4.08,0.816,3.207,2.921,0.947,1.213,1.712,2.459,1.513,2.609,2.733,1.087,1.101,1.27,2.986,1.961,0
7.341,22.429,4.144,5.455,10.017,2.134,10.339,2.99,2.938,4.603,0.707,2.54,2.796,0.904,1.558,1.748,2.092,1.569,2.451,2.612,1.135,1.023,1.272,3.309,1.981,0
4.858,9.166,2.16,3.732,12.496,1.842,4.988,2.265,2.732,6.883,0.772,0.92,2.17,0.971,3.611,1.604,1.139,1.339,1.827,2.453,1.151,0.744,1.175,3.46,2.004,0
4.106,4.667,1.365,2.768,16.826,1.78,2.825,1.763,2.435,9.043,0.941,0.408,1.864,1.009,5.056,1.495,0.818,1.161,1.569,2.689,1.128,0.646,1.161,3.342,2.049,0
3.382,1.329,0.475,1.336,26.675,1.917,1.154,0.98,2.133,13.816,1.368,0.152,1.408,0.933,6.956,1.38,0.623,0.987,1.465,3.716,1.047,0.641,1.303,2.985,2.08,1
2.952,0.66,0.337,1.111,26.165,2.199,1.326,0.695,2.916,14.536,1.595,0.244,0.988,0.857,5.857,1.416,0.668,1.173,2.049,4.282,1.08,0.737,1.573,2.813,1.968,1
2.792,0.523,0.474,1.631,20.93,2.347,1.519,0.693,3.516,12.577,1.561,0.338,0.82,0.89,4.411,1.499,0.713,1.364,2.638,4.115,1.218,0.763,1.694,2.861,1.959,1
2.692,1.026,1.041,3.64,9.631,2.67,3.164,0.84,4.211,6.839,1.505,0.977,0.774,0.989,1.687,1.859,0.883,1.72,4.022,3.345,1.683,0.786,1.792,3.107,2.192,1
2.708,1.814,1.425,4.7,6.812,3.024,7.91,1.044,3.873,3.298,2.387,2.409,1.088,1.071,0.831,2.466,1.213,1.712,4.447,2.837,2.065,0.911,1.682,3.35,2.658,1
2.779,3.979,2.225,5.666,8.478,3.104,10.582,1.092,3.538,2.812,3.14,3.134,1.296,1.181,0.96,2.777,1.396,1.536,4.085,2.729,2.127,1.017,1.578,3.429,2.871,1
2.868,4.72,2.663,4.469,14.12,2.858,12.572,0.99,3.009,3.331,4.124,3.591,1.636,1.567,1.425,2.994,1.557,1.056,2.919,2.431,2.017,1.168,1.365,3.514,3.047,1
2.88,4.243,2.676,3.356,16.264,2.582,11.16,0.871,2.847,4.148,4.001,3.191,1.711,1.732,1.622,2.797,1.474,0.864,2.499,2.239,1.92,1.176,1.319,3.623,3.018,1
2.602,2.32,2.412,1.616,16.645,1.985,5.793,0.62,2.618,6.177,2.906,1.804,1.627,1.952,1.835,2.046,1.135,0.7,2.284,2.235,1.865,1.141,1.489,4.258,2.917,1
2.007,1.525,2.34,1.097,14.945,1.606,2.068,0.562,2.395,8.915,2.033,0.88,1.349,2.51,2.052,1.543,0.973,0.793,2.384,3.264,2.01,1.145,1.859,5.06,3.027,1
1.842,1.843,2.488,1.091,15.407,1.55,1.472,0.694,2.255,10.989,1.855,0.731,1.249,2.966,2.308,1.515,1.015,0.917,2.4,4.028,2.091,1.135,1.98,5.22,3.212,1
2.199,3.011,2.738,1.329,18.842,1.638,1.26,1.217,1.835,15.041,1.613,0.743,1.51,3.788,2.855,1.71,1.207,1.331,2.465,5.054,2.164,1.014,1.958,4.793,3.659,1
2.57,3.366,2.675,1.504,19.327,1.713,1.225,1.477,1.592,15.662,1.499,0.805,1.958,4.076,3.017,1.851,1.305,1.615,2.596,5.037,2.14,0.919,1.858,4.33,3.759,1
2.775,3.387,2.142,2.066,15.28,1.751,1.344,1.76,1.209,12.313,1.599,1.061,3.092,4.564,3.218,2.09,1.477,2.116,2.971,4.129,2.041,0.797,1.754,3.689,3.567,1
2.105,5.555,1.718,2.482,8.706,1.667,2.586,1.831,1.192,5.859,2.081,1.99,3.467,4.973,3.463,2.22,1.899,2.204,3.15,3.241,2.032,0.923,1.929,4.042,3.249,1
1.817,8.035,1.81,2.505,6.333,1.654,3.79,1.885,1.335,3.387,2.207,2.691,3.167,4.947,3.508,2.252,2.246,2.077,3.116,3.156,2.045,1.071,2.042,4.398,3.164,1
1.989,12.983,2.601,2.975,4.288,1.913,6.134,2.24,1.829,1.328,1.872,3.82,2.194,4.383,3.01,2.275,2.822,1.701,3.089,3.577,2.01,1.399,2.108,4.811,3.127,1
2.287,14.241,3.174,3.728,4.102,2.452,6.181,2.751,2.312,1.533,1.218,4.065,1.711,4.227,2.231,2.158,2.758,1.388,3.3,3.897,1.949,1.69,1.942,4.698,3.168,1
2.432,14.38,4.085,6.246,5.489,2.642,5.257,2.859,2.456,2.392,1.028,4.175,1.654,4.489,2.241,2.017,2.564,1.247,3.418,3.834,1.964,1.871,1.859,4.621,3.271,1
2.223,14.048,4.102,8.341,14.368,2.602,3.364,2.59,2.675,5.638,1.199,5.573,1.626,5.155,3.28,1.644,2.376,1.041,3.502,3.446,2.118,2.318,1.881,4.737,3.702,1
2.535,13.854,3.806,9.007,21.398,2.412,3.077,2.265,2.862,7.248,1.548,6.804,1.676,5.397,3.997,1.497,2.446,1.043,3.488,3.23,2.187,2.489,1.977,4.875,3.882,1
4.342,12.666,3.467,10.151,31.398,1.998,4.051,1.56,3.313,7.977,2.387,8.51,1.974,5.649,4.848,1.402,2.581,1.254,3.317,2.892,2.14,2.446,2.141,4.982,3.777,1
5.381,11.631,3.605,10.657,31.242,1.714,5.353,1.147,3.376,5.181,2.631,7.419,2.099,5.506,4.507,1.476,2.457,1.401,2.727,2.749,2.065,1.99,2.124,4.977,3.404,1
5.795,9.436,3.918,10.954,20.575,1.632,5.551,1.037,3.211,3.634,2.429,6.084,1.965,5.272,4.243,1.499,2.365,1.361,2.307,2.76,2.148,1.778,2.068,5.125,3.388,1
3.974,7.125,3.638,9.748,8.275,1.575,4.466,0.779,2.849,2.526,1.941,3.65,1.722,4.757,4.523,1.413,2.186,1.179,1.712,2.914,2.527,1.586,1.983,5.795,3.763,1
2.943,5.936,3.221,8.736,5.494,1.587,3.464,0.615,2.739,2.808,1.914,3.071,1.845,4.732,5.117,1.328,2.107,1.113,1.69,2.979,2.691,1.573,1.973,6.141,3.961,1
2.014,5.149,2.502,6.633,6.438,1.6,2.361,0.364,2.513,3.287,2.358,2.953,2.699,5.577,6.153,1.294,2.177,1.112,2.29,2.925,2.68,1.606,1.931,6.297,3.91,1
2.643,6.693,2.639,5.705,10.408,1.55,3.372,0.471,2.24,3.028,2.747,2.883,3.671,6.603,5.507,1.606,2.66,1.237,4.004,2.906,2.358,1.713,1.795,5.723,3.48,1
3.771,7.591,3.064,6.179,12.36,1.517,4.088,0.661,2.251,2.825,2.724,2.779,3.927,6.675,4.519,1.829,2.903,1.334,5.239,3.05,2.259,1.792,1.739,5.479,3.448,0
8.252,8.011,4.539,9.092,15.463,1.465,5.511,1.103,2.738,3.317,2.39,3.067,3.832,5.697,2.49,2.129,3.012,1.538,7.21,3.703,2.266,1.92,1.711,5.41,3.92,0
12.958,9.022,6.346,13.074,16.817,2.28,9.481,2.03,4.087,6.776,2.079,4.202,3.391,3.88,2.132,2.371,3.116,1.715,6.912,4.914,2.173,2.192,1.642,5.051,4.206,0
35.672,22.297,15.812,33.832,26.653,3.77,12.814,3.081,5.545,9.828,2.096,4.757,3.375,3.158,2.711,2.705,3.509,1.916,6.122,5.673,1.99,2.457,1.545,4.419,3.935,0
70.841,52.198,31.584,66.534,58.967,9.206,18.667,6.417,10.178,16.267,2.452,4.846,3.923,2.722,4.087,3.784,4.75,2.643,4.763,6.914,1.511,2.956,1.318,2.637,2.779,1
86.185,67.926,40.306,81.095,85.391,17.12,20.715,11.844,16.13,23.803,3.912,4.627,5.253,4.308,5.695,4.649,5.506,3.491,4.753,7.283,1.258,2.819,1.242,1.392,1.877,1
105.627,90.245,57.602,100.765,154.482,21.585,21.527,15.442,19.146,30.174,5.68,5.573,6.481,6.374,7.932,4.894,5.633,3.88,5.227,7.379,1.272,2.515,1.284,1.204,1.811,0
107.263,92.85,67.473,103.887,210.454,28.642,23.953,21.801,23.304,46.742,10.363,9.356,9.329,11.766,14.796,5.004,5.576,4.302,6.136,7.751,1.407,1.855,1.378,1.306,2.216,0
99.896,85.57,65.631,97.276,216.825,29.334,24.208,22.808,23.374,52.497,11.892,10.808,10.093,13.679,17.376,4.791,5.287,4.182,6.167,7.755,1.423,1.598,1.349,1.336,2.402,0
69.762,58.166,46.453,68.193,174.065,22.619,18.783,18.054,18.077,47.998,10.587,9.587,8.608,12.707,16.221,3.649,3.821,3.144,4.775,6.453,1.227,1.138,1.073,1.1,2.262,0
32.899,27.45,19.665,31.618,94.78,10.489,8.535,8.192,8.806,26.746,5.365,4.484,4.317,6.627,8.757,2.046,1.869,1.608,2.203,3.906,0.811,0.618,0.627,0.617,1.511,0
19.59,17.627,9.844,17.92,59.601,5.678,5.012,4.199,5.099,16.365,3.212,2.374,2.469,3.729,5.599,1.45,1.253,1.017,1.164,2.905,0.61,0.43,0.439,0.416,1.12,0
6.681,11.862,1.878,4.812,18.783,1.342,3.482,0.805,1.888,5.157,1.614,0.975,0.881,0.914,3.468,0.995,1.025,0.539,0.317,2.367,0.363,0.324,0.258,0.242,0.689,0
4.859,12.238,1.501,3.831,11.041,0.875,4.14,0.579,1.62,3.745,1.53,1.109,0.731,0.612,3.761,0.969,1.17,0.512,0.287,2.67,0.315,0.365,0.238,0.245,0.642,0
3.175,11.371,1.559,4.638,11.914,0.553,5.471,0.553,1.463,4.105,1.128,1.519,0.537,0.547,4.618,0.918,1.551,0.508,0.346,3.491,0.303,0.527,0.225,0.29,0.655,0
2.254,10.259,1.487,5.269,18.122,0.556,6.713,0.731,1.448,5.665,0.616,2.032,0.411,0.601,5.225,0.902,1.979,0.539,0.418,3.795,0.338,0.728,0.215,0.31,0.647,0
2.162,10.073,1.364,5.125,19.731,0.747,7.095,0.982,1.48,6.394,0.558,2.293,0.525,0.614,5.527,0.906,2.08,0.589,0.44,3.662,0.343,0.789,0.213,0.304,0.624,0
2.485,10.204,1.114,4.42,16.79,1.827,6.916,1.895,1.658,7.506,0.979,2.611,1.248,0.687,5.869,0.912,1.797,0.874,0.541,2.91,0.338,0.779,0.257,0.323,0.545,0
2.822,45.963,2.239,8.183,11.433,4.019,8.46,3.291,2.686,8.503,3.111,4.268,2.792,1.644,5.303,1.331,2.142,1.564,1.997,2.346,0.825,0.998,0.561,1.124,0.9,0
2.895,113.953,3.696,15.365,10.55,5.303,14.137,3.997,3.962,9.228,5.335,6.791,3.994,2.854,4.969,1.924,3.944,1.98,3.745,2.66,1.693,1.512,0.931,2.305,1.768,0
3.71,358.345,6.934,39.351,13.108,7.128,38.258,4.713,8.192,11.574,10.54,14.609,6.379,5.735,5.52,3.613,11.56,2.495,8.611,4.623,4.704,3.422,2.014,6.25,5.149,0
4.898,481.57,7.72,51.135,15.107,7.511,52.01,4.502,11.438,13.429,12.042,18.175,6.869,6.686,6.439,4.284,15.825,2.464,10.915,5.702,6.231,4.456,2.512,8.445,7.008,2
8.277,550.945,6.506,60.126,17.868,7.805,64.498,3.185,20.52,17.972,10.495,20.337,5.564,6.858,8.121,4.392,19.774,1.961,13.194,6.347,7.481,5.498,2.91,11.461,8.855,2
10.461,361.977,3.823,50.436,18.205,7.901,48.478,2.159,28.035,19.613,5.392,16.047,2.776,5.678,7.502,3.252,15.87,1.463,11.881,4.881,6.105,4.761,2.647,11.997,7.631,2
10.434,238.377,3.069,44.18,17.042,7.665,35.076,2.088,28.404,17.778,3.394,13.223,1.8,5.039,6.257,2.716,12.664,1.357,10.445,3.985,5.126,4.067,2.502,11.7,6.585,2
8.692,79.899,3.092,34.043,12.373,6.44,15.073,2.287,20.848,10.147,2.088,8.974,1.257,3.761,3.601,2.232,7.839,1.268,7.537,2.905,3.828,2.938,2.399,10.653,5.175,2
7.42,53.048,3.207,29.222,9.623,5.671,10.823,2.229,14.798,6.422,2.153,7.552,1.294,3.004,2.801,2.17,6.52,1.172,6.34,2.643,3.484,2.609,2.379,9.984,4.878,2
4.847,35.588,2.938,18.652,5.957,4.612,8.318,1.672,5.272,3.24,2.052,5.394,1.153,1.518,2.758,1.986,4.565,0.839,4.602,2.054,2.858,2.189,2.334,8.792,4.523,2
2.699,20.688,2.35,11.731,5.251,4.208,6.363,1.324,2.54,4.881,1.661,4.221,1.033,0.889,3.764,1.773,2.841,0.585,3.74,1.743,2.423,1.857,2.494,8.55,4.371,2
2.065,14.454,2.067,9.325,6.146,3.934,4.99,1.432,2.512,5.99,1.539,3.668,1.1,0.878,4.19,1.751,2.109,0.567,3.705,1.972,2.358,1.701,2.609,8.617,4.322,2
1.961,6.016,1.607,6.812,10.408,3.156,2.902,2.145,2.985,7.432,1.485,2.336,1.375,1.109,4.634,1.816,1.127,0.705,4.335,3.044,2.358,1.49,2.569,8.176,3.937,2
3.122,3.31,1.228,6.528,15.893,2.556,3.289,2.783,3.385,7.79,1.396,1.385,1.44,1.393,4.672,1.846,0.88,0.895,4.751,4.041,2.332,1.465,2.153,6.797,3.174,2
3.63,3.712,1.027,6.778,17.202,2.372,4.103,2.789,3.559,7.706,1.321,1.256,1.3,1.576,4.596,1.853,0.971,0.969,4.466,4.296,2.336,1.473,1.954,6.133,2.793,2
3.729,5.543,0.781,7.517,15.439,2.195,4.997,2.045,4.131,7.207,1.334,1.648,0.817,2.274,4.259,1.981,1.293,1.037,3.158,4.41,2.426,1.436,1.785,5.527,2.271,2
3.39,6.269,0.801,7.842,12.975,2.199,4.679,1.484,4.53,6.835,1.431,2.033,0.58,2.783,3.993,2.108,1.458,1.026,2.59,4.34,2.459,1.398,1.783,5.565,2.145,2
2.599,6.648,1.171,7.946,8.346,2.229,3.066,0.645,5.184,6.471,1.575,2.588,0.287,3.575,3.313,2.273,1.743,0.908,2.353,3.938,2.302,1.328,1.74,5.856,2.083,2
2.626,5.147,1.784,7.556,7.842,2.222,1.843,0.639,5.032,9.665,1.474,2.397,0.284,3.494,2.682,1.924,1.9,0.718,2.722,3.167,1.886,1.246,1.584,6.132,2.284,2
2.881,3.861,2.02,7.334,9.41,2.211,1.645,0.903,4.575,13.177,1.333,2.058,0.355,3.117,2.469,1.557,1.87,0.642,2.775,2.8,1.698,1.169,1.517,6.427,2.504,2
3.233,1.815,2.119,6.919,12.905,2.074,1.542,1.551,3.451,20.324,0.971,1.341,0.483,2.135,2.596,0.864,1.61,0.611,2.701,2.482,1.509,0.961,1.532,7.677,3.065,2
2.928,0.828,1.706,7.645,12.969,1.808,1.27,1.781,3.065,20.992,0.831,1.029,0.693,1.657,3.986,0.778,1.373,0.733,3.621,2.721,1.464,0.83,1.893,9.705,3.628,2
2.659,0.7,1.434,8.211,11.651,1.693,1.108,1.645,3.271,18.729,0.899,1.046,0.862,1.654,4.901,0.984,1.378,0.835,4.69,2.964,1.453,0.811,2.222,10.775,3.905,2
2.37,1.314,1.093,8.169,9.746,1.651,1.117,1.071,3.826,13.725,1.129,1.205,1.187,1.663,5.876,1.535,1.655,1.074,6.869,3.552,1.454,0.818,2.9,12.162,4.426,2
2.504,2.009,1.025,7.403,9.812,1.674,1.372,0.785,3.809,12.361,1.196,1.257,1.263,1.484,5.613,1.739,1.825,1.166,7.27,3.84,1.476,0.83,3.071,12.258,4.62,2
3.418,3.336,1.001,6.107,9.933,1.591,2.093,0.487,3.354,10.878,1.174,1.173,1.185,1.068,3.942,1.854,1.899,1.18,6.158,4.118,1.531,0.866,2.847,11.697,4.706,2
5.255,3.792,1.083,8.911,8.597,1.329,2.349,0.565,3.395,7.848,1.15,1.01,1.006,1.265,2.472,1.741,1.505,1.005,4.151,3.849,1.618,0.886,2.198,11.737,4.414,2
6.326,3.664,1.161,11.787,8.015,1.205,2.231,0.691,3.611,5.872,1.164,1.027,0.957,1.618,2.269,1.693,1.235,0.942,3.647,3.613,1.7,0.868,1.936,12.189,4.217,2
7.776,3.712,1.252,19.726,8.647,1.185,2.073,1.083,3.753,3.259,1.31,1.262,1.07,2.475,2.993,1.753,0.948,1.06,4.077,3.281,1.918,0.782,1.747,12.876,3.881,2
7.687,4.524,1.267,23.007,9.553,1.319,2.231,1.343,3.567,3.176,1.468,1.378,1.243,2.861,3.846,1.859,1.026,1.255,4.735,3.218,1.992,0.744,1.766,12.617,3.759,2
5.622,9.198,1.662,24.487,9.783,1.74,2.844,1.927,3.41,5.133,1.948,1.488,1.701,3.295,5.961,2.11,1.477,1.741,6.17,3.213,1.965,0.724,1.826,11.005,3.622,2
2.814,14.751,2.415,21.958,11.764,1.912,3.003,2.353,5.218,8.036,2.228,1.549,1.889,3.402,7.014,2.216,1.746,1.945,7.145,3.53,1.763,0.738,1.879,9.659,3.64,2
2.085,15.593,2.869,20.241,15.899,1.845,2.735,2.376,6.977,9.312,2.133,1.556,1.802,3.479,6.782,2.171,1.686,1.865,7.311,3.93,1.649,0.728,1.911,9.532,3.667,2
2.636,12.334,3.503,16.125,28.296,1.723,1.742,1.957,10.1,10.824,1.543,1.422,1.436,3.723,5.311,1.875,1.247,1.457,6.748,4.789,1.438,0.637,1.879,9.674,3.499,2
5.472,6.295,3.898,12.118,34.645,2.267,0.996,1.379,9.674,10.431,1.314,1.22,1.131,3.697,3.908,1.495,0.74,1.009,5.017,4.678,1.212,0.493,1.527,8.588,2.779,2
7.341,4.635,3.92,11.312,32.566,2.87,0.964,1.222,7.972,9.844,1.623,1.189,1.043,3.352,3.519,1.376,0.586,0.847,3.916,4.112,1.085,0.438,1.226,7.31,2.266,0
9.528,2.875,3.656,11.789,22.486,4.201,1.422,1.225,3.693,8.684,2.724,1.197,0.917,2.066,3.297,1.379,0.519,0.674,1.917,2.684,0.797,0.382,0.601,4.013,1.31,0
9.235,2.328,3.331,11.644,18.129,4.594,1.64,1.302,2.121,8.316,3.14,1.151,0.85,1.402,3.275,1.478,0.557,0.636,1.248,2.197,0.668,0.367,0.392,2.581,1.01,0
6.611,1.425,2.446,9.071,14.694,4.315,1.573,1.409,0.979,7.591,3.102,0.885,0.672,0.622,3.009,1.669,0.622,0.571,0.626,1.905,0.526,0.349,0.248,1.013,0.799,0
4.688,0.967,1.835,5.809,13.608,2.952,1.159,1.429,1.23,6.043,2.247,0.578,0.524,0.539,2.392,1.61,0.594,0.497,0.527,1.789,0.532,0.374,0.275,0.654,0.82,0
4.688,0.937,1.759,4.884,12.331,2.151,1.037,1.41,1.425,4.953,1.82,0.468,0.502,0.606,2.115,1.489,0.561,0.462,0.538,1.581,0.548,0.403,0.291,0.624,0.835,0
5.663,1.069,1.79,4.601,8.571,0.873,1.073,1.259,1.654,3.03,1.219,0.399,0.597,0.759,2.036,1.148,0.502,0.418,0.614,0.971,0.533,0.46,0.295,0.623,0.812,0
5.751,1.007,1.584,4.498,6.068,0.426,1.082,1.082,1.517,2.069,0.81,0.672,0.744,0.961,2.587,0.747,0.458,0.386,0.676,0.481,0.493,0.496,0.261,0.619,0.706,0
5.534,0.842,1.463,4.521,5.748,0.458,0.975,1.14,1.337,1.863,0.641,0.94,0.786,1.124,2.951,0.563,0.435,0.376,0.673,0.366,0.503,0.509,0.239,0.635,0.649,0
6.294,1.036,1.837,5.7,6.353,0.726,0.76,1.748,0.936,1.671,0.508,1.443,0.804,1.55,3.498,0.394,0.376,0.4,0.594,0.367,0.623,0.521,0.236,0.895,0.617,1
7.474,1.909,2.428,7.089,6.934,0.853,0.818,2.198,0.771,1.673,0.552,1.566,0.817,1.729,3.583,0.445,0.346,0.443,0.56,0.45,0.749,0.529,0.297,1.253,0.699,1
9.728,5.528,3.795,9.885,7.446,1.168,1.322,2.808,0.81,2.099,0.826,1.535,0.911,1.839,3.269,0.774,0.346,0.616,0.686,0.828,1.15,0.592,0.599,2.407,1.125,1
9.14,13.354,4.239,9.661,6.809,1.975,2.496,2.573,1.606,2.887,1.108,1.95,1.115,1.825,2.564,1.174,0.809,1.051,1.044,1.479,1.592,0.77,0.986,3.327,1.631,1
7.586,19.446,4.159,8.278,6.698,2.534,3.411,2.182,2.202,3.47,1.185,2.603,1.235,1.981,2.465,1.315,1.297,1.367,1.218,1.815,1.716,0.886,1.109,3.383,1.748,1
4.124,31.415,4.339,5.128,8.481,3.405,5.099,1.384,3.16,5.999,1.405,4.189,1.493,3.196,4.001,1.432,2.37,1.964,1.557,2.324,1.643,1.076,1.152,2.841,1.641,1
3.579,34.98,5.222,4.002,11.528,3.718,5.649,1.371,2.94,9.701,2.194,4.596,1.728,5.543,7.587,1.52,2.86,2.197,2.475,2.816,1.385,1.132,1.131,2.487,1.452,1
4.957,35.404,5.707,4.628,12.155,3.753,6.983,1.756,2.426,11.051,2.914,4.428,1.89,7.009,9.548,1.675,3.016,2.179,3.418,3.18,1.353,1.155,1.196,2.669,1.474,1
9.258,45.361,5.871,7.856,10.814,3.555,15.271,2.827,1.419,11.281,4.993,4.501,2.439,10.434,12.688,2.149,3.878,2.018,5.826,3.937,1.578,1.382,1.469,3.496,1.734,1
11.044,60.7,5.064,11.033,8.558,2.899,25.129,3.438,1.166,8.917,7.161,5.273,3.031,13.191,13.386,2.42,4.984,1.729,7.04,4.17,1.862,1.768,1.714,4.083,1.965,1
10.46,61.979,4.52,11.374,8.131,2.757,26.374,3.442,1.276,7.81,7.972,5.36,3.145,13.401,12.656,2.485,5.036,1.541,6.764,4.135,1.898,1.876,1.768,4.081,1.988,1
10.038,43.138,3.356,9.589,9.215,4.092,18.702,3.05,1.635,7.843,9.037,4.195,2.78,10.869,10.663,3.023,3.703,1.228,5.138,4.446,1.798,1.717,1.824,3.497,1.9,1
12.661,15.23,2.229,8.242,16.875,6.699,6.964,2.615,2.092,10.851,9.112,2.327,1.952,6.905,10.981,4.125,1.83,1.245,3.843,5.606,1.699,1.265,1.933,2.563,1.909,0
14.463,8.125,2.605,9.297,31.306,7.632,3.729,2.628,2.414,12.879,8.456,1.847,1.652,5.688,12.823,4.482,1.292,1.392,3.638,6.475,1.671,1.1,1.968,2.211,2.178,0
19.27,11.138,8.011,14.832,88.844,8.297,3.814,3.318,3.449,15.883,5.782,2.432,1.79,5.511,18.552,4.041,1.133,1.8,3.623,8.124,1.649,1.114,1.946,2.305,3.473,1
22.62,17.711,13.906,18.809,121.482,8.252,5.22,3.779,4.084,16.035,4.197,3.126,2.233,6.055,20.728,3.414,1.285,2.04,3.643,8.447,1.685,1.276,1.948,2.845,4.277,1
30.527,30.521,29.077,28.967,150.407,8.048,7.277,4.082,4.822,13.534,2.179,4.15,3.523,7.275,20.12,2.656,1.814,2.686,4.005,7.548,1.895,1.719,2.125,4.375,5.253,1
32.045,32.557,37.294,40.982,108.509,7.637,7.026,3.358,5.228,10.784,2.256,3.96,4.76,8.631,13.891,3.335,2.574,3.444,5.236,5.902,2.131,1.954,2.384,5.181,4.931,1
28.568,28.389,35.486,45.346,74.848,7.144,6.186,2.871,5.539,10.088,2.613,3.53,5.259,9.337,10.303,3.863,2.885,3.664,5.953,5.532,2.172,1.895,2.398,5.076,4.513,1
16.781,16.644,22.679,44.513,24.315,5.363,4.105,2.085,5.748,8.761,3.011,2.758,5.681,9.706,5.39,4.174,2.938,3.422,6.502,5.795,2.053,1.511,2.048,4.365,3.747,1
11.137,11.405,15.383,38.803,13.253,4.236,3.154,1.797,5.409,7.597,2.979,2.561,5.475,8.946,4.401,3.806,2.624,2.991,6.079,5.9,1.956,1.297,1.758,4.081,3.436,1
4.538,4.58,5.246,23.733,7.829,2.327,1.738,1.338,4.05,5.033,2.699,2.397,4.288,5.984,4.29,2.49,1.672,2.011,4.222,4.896,1.871,1.049,1.287,4.053,2.865,1
3.489,2.218,1.901,11.141,8.506,1.719,1.255,1.036,2.891,4.062,2.599,2.311,3.176,3.503,5.281,1.428,1.004,1.558,2.45,3.035,2.021,1.047,1.179,4.405,2.569,1
3.952,1.916,1.571,7.854,9.746,1.866,1.326,0.997,2.718,4.041,2.569,2.206,3.073,3.114,5.593,1.167,0.863,1.537,1.935,2.335,2.141,1.066,1.243,4.515,2.565,1
4.671,1.801,1.512,4.864,13.959,2.624,1.641,1.221,3.434,4.552,2.236,1.78,3.588,3.679,4.808,1.063,0.751,1.604,1.558,1.757,2.308,1.049,1.468,4.474,2.578,1
4.812,1.811,1.574,4.285,19.43,3.864,1.831,1.741,4.92,7.493,1.594,1.323,4.06,4.259,2.725,1.227,0.679,1.56,1.614,1.934,2.321,1.053,1.751,4.523,2.473,1
4.811,1.767,1.557,4.23,21.628,4.347,1.868,1.915,5.545,9.861,1.338,1.154,4,4.169,1.978,1.298,0.665,1.465,1.691,2.166,2.334,1.099,1.914,4.805,2.487,1
4.441,1.611,1.515,4.602,21.93,4.154,1.838,1.786,5.559,13.319,1.203,0.873,3.249,3.496,1.827,1.267,0.675,1.182,1.781,2.512,2.412,1.202,2.151,5.639,2.654,1
4.311,1.847,1.605,5.07,18.199,2.725,1.635,1.312,3.893,11.672,1.468,0.682,2.145,2.774,2.631,1.168,0.608,0.897,1.722,2.405,2.326,1.135,1.972,5.535,2.521,1
4.918,2.261,1.738,5.411,16.713,2.087,1.471,1.131,2.938,9.28,1.6,0.68,1.658,2.493,2.886,1.179,0.536,0.776,1.66,2.228,2.137,1.022,1.699,4.848,2.23,1
6.778,3.762,1.943,6.536,15.408,1.569,1.24,0.979,1.729,4.584,1.584,0.904,1.025,1.945,2.642,1.328,0.467,0.592,1.501,1.841,1.547,0.765,1.016,2.834,1.462,1
7.264,4.529,1.919,7.171,14.721,1.587,1.265,0.961,1.563,3.291,1.456,1.092,0.897,1.651,2.339,1.432,0.519,0.536,1.409,1.771,1.236,0.679,0.728,1.925,1.149,1
6.835,4.89,1.675,7.33,11.691,1.689,1.661,0.934,1.6,2.495,1.243,1.442,0.972,1.199,2.395,1.65,0.726,0.514,1.21,2.154,0.759,0.629,0.404,0.841,0.829,0
5.955,3.844,1.599,6.456,8.284,1.735,2.274,0.849,1.618,2.198,1.32,1.653,1.149,1.272,3.502,1.815,0.9,0.577,0.979,2.809,0.519,0.64,0.316,0.477,0.763,0
5.821,3.092,1.701,6.294,7.529,1.751,2.467,0.78,1.62,1.902,1.381,1.715,1.2,1.484,3.989,1.824,0.957,0.622,0.864,2.961,0.455,0.622,0.297,0.39,0.75,0
5.686,1.941,1.96,6.698,7.4,1.707,2.388,0.78,1.678,1.63,1.224,1.724,1.19,1.926,3.859,1.644,0.996,0.694,0.69,2.701,0.369,0.518,0.248,0.298,0.699,0
5.632,1.703,2.02,6.861,7.005,1.709,2.175,0.932,1.679,2.125,1.124,1.629,1.174,2.008,3.352,1.516,0.965,0.73,0.639,2.413,0.337,0.459,0.216,0.292,0.652,0
5.888,1.772,1.936,6.512,4.761,1.913,1.669,1.391,1.442,4.864,1.486,1.269,1.268,1.773,2.651,1.415,0.804,0.814,0.64,2.038,0.335,0.428,0.179,0.343,0.548,0
6.593,1.993,1.77,5.035,2.242,2.238,1.354,1.575,0.95,8.245,2.387,0.928,1.611,1.39,2.927,1.48,0.646,0.867,0.723,1.976,0.49,0.553,0.234,0.451,0.54,0
6.683,2.036,1.684,4.255,1.533,2.402,1.302,1.532,0.784,9.168,2.69,0.808,1.855,1.357,3.107,1.466,0.603,0.853,0.737,1.888,0.62,0.649,0.299,0.509,0.61,0
5.591,1.876,1.496,3.702,1.205,2.753,1.213,1.827,1.232,8.539,2.648,0.681,2.295,1.632,2.975,1.259,0.584,0.756,0.665,1.513,0.904,0.819,0.453,0.586,0.903,0
4.426,2.105,1.897,5.595,2.279,3.159,0.915,3.333,3.789,6.192,2.558,0.964,2.789,2.108,3.288,1.141,0.816,0.691,0.562,1.276,1.434,0.928,0.624,0.668,1.521,0
4.626,3.129,2.465,8.486,3.405,3.384,0.835,4.286,6.074,5.472,2.889,1.813,3.22,2.524,4.184,1.255,1.088,0.704,0.607,1.411,1.903,0.996,0.737,0.87,2.023,0
5.978,14.049,3.775,18.652,6.202,4.006,1.296,5.306,11.983,6.07,3.844,5.853,4.441,4.158,6.709,1.86,1.793,0.768,1.206,2.269,2.991,1.204,1.012,2.3,3.247,0
6.703,23.935,4.094,24.246,7.422,4.499,1.849,5.103,15.174,7.054,3.977,8.475,5.021,5.402,7.419,2.205,2.081,0.771,1.817,2.771,3.351,1.316,1.155,3.77,3.779,0
7.588,41.086,3.588,31.127,8.736,5.732,3.4,3.769,20.483,8.433,3.104,11.575,5.431,8.463,6.485,2.498,2.244,0.683,3.454,3.284,3.315,1.422,1.434,7.802,4.27,2
7.572,41.176,2.683,28.593,9.95,6.201,5.774,2.415,22.03,7.37,1.691,9.773,4.51,10.571,3.95,2.155,2.089,0.609,5.122,3.049,2.609,1.328,1.704,11.005,4.05,2
7.257,35.559,2.449,25.108,11.351,5.807,7.33,1.993,20.684,6.272,1.202,8.069,3.735,10.489,2.963,1.905,2.246,0.632,5.775,2.833,2.242,1.268,1.829,11.638,3.876,2
6.375,25.238,2.489,17.822,15.512,4.351,10.202,1.635,14.383,5.06,0.944,5.986,2.23,8.014,2.288,1.667,3.375,0.792,6.547,2.612,1.73,1.273,2.069,12.118,3.981,2
5.136,22.556,2.502,13.022,17.259,3.396,10.491,1.981,7.187,5.816,1.338,5.424,1.507,4.745,2.647,1.975,4.475,1.06,6.571,2.871,1.643,1.425,2.28,13.622,4.822,2
4.482,20.864,2.438,11.379,16.393,3.221,9.247,2.391,4.915,6.137,1.628,4.754,1.565,3.617,2.881,2.199,4.447,1.204,6.371,3.1,1.797,1.496,2.34,14.514,5.248,2
3.321,13.272,2.604,15.975,14.855,2.969,5.205,3.264,5.625,7.078,2.07,2.509,2.122,3.101,3.875,2.358,3.231,1.384,6.355,3.872,2.271,1.56,2.221,14.48,5.422,2
2.973,9.456,2.737,25.526,17.441,2.722,3.243,3.517,8.586,9.978,2.063,1.526,2.294,3.548,4.975,2.226,2.417,1.374,6.773,4.615,2.404,1.546,2.025,13.224,5.176,2
3.119,4.337,2.687,53.826,29.697,2.107,1.016,3.323,15.797,26.055,1.631,0.741,1.98,5.067,8.858,1.661,1.295,1.147,7.782,6.98,2.176,1.431,1.602,9.956,4.552,2
4.816,2.955,3.692,71.034,53.097,1.92,0.641,2.388,17.372,49.235,1.152,0.745,1.201,6.343,13.14,1.092,0.93,0.812,7.367,9.268,1.55,1.254,1.519,8.736,4.106,2
6.131,2.471,4.971,69.36,65.778,2.009,0.659,2.01,15.127,56.285,1.06,0.711,0.945,6.348,14.051,0.914,0.841,0.686,6.506,9.577,1.278,1.156,1.604,9.012,3.868,2
8.735,1.756,7.429,50.56,75.664,2.034,0.821,1.902,8.532,50.761,1.223,0.571,0.88,4.99,11.976,0.706,0.744,0.575,4.604,7.771,1.024,0.952,1.785,9.861,3.357,2
9.909,2.216,7.075,29.745,56.524,1.727,1.563,2.119,5.455,27.662,1.769,0.759,1.039,3.389,7.087,0.607,0.811,0.713,3.86,4.41,1.121,0.793,1.82,10.141,3.367,2
9.849,3.189,5.867,22.094,41.972,1.714,2.338,2.084,5.479,16.925,2.111,1.051,1.059,3.165,5.011,0.607,0.874,0.888,4.033,3.145,1.237,0.752,1.807,10.117,3.595,2
8.569,5.678,3.314,13.108,18.535,2.301,4.053,1.679,5.693,5.215,2.571,1.771,0.944,3.467,2.782,0.723,0.963,1.305,4.704,2.142,1.5,0.777,1.851,10.562,3.954,2
6.109,7.179,2.187,9.806,23.614,2.939,4.438,1.297,4.441,6.565,2.599,2.095,0.883,4.118,5.09,1.009,0.989,1.585,5.09,3.486,1.84,0.962,2.147,12.43,3.967,2
4.846,7.119,1.926,9.043,55.478,2.929,3.921,1.258,3.402,15.237,2.612,1.982,1.002,4.807,10.687,1.232,0.998,1.655,5.251,6.264,2.032,1.098,2.418,13.681,4.012,2
2.991,5.373,1.299,7.183,185.217,2.181,2.406,1.373,1.72,50.043,2.836,1.388,1.553,6.653,30.988,1.723,0.976,1.734,6.062,16.563,2.309,1.326,3.079,15.504,4.305,2
2.587,4.46,1.038,6.195,257.493,1.704,1.857,1.454,1.282,68.607,2.952,1.067,1.904,7.213,41.163,1.877,0.916,1.76,6.66,21.854,2.344,1.364,3.402,15.779,4.485,2
2.894,3.5,0.916,5.093,303.829,1.362,1.488,1.656,0.977,80.661,2.737,0.727,2.41,6.354,46.43,1.82,0.706,1.708,7.292,24.83,2.307,1.234,3.949,16.158,4.962,2
3.215,3.584,1.234,4.636,200.957,1.882,1.458,1.805,0.937,52.583,2.198,0.81,2.495,4.041,29.36,1.55,0.574,1.701,6.545,15.997,2.362,0.958,4.226,18.012,5.74,2
3.192,3.792,1.347,4.313,136.206,2.233,1.41,1.794,1.052,33.717,2.128,0.903,2.409,3.405,18.645,1.454,0.604,1.796,6,10.304,2.4,0.841,4.159,18.887,6.062,2
3.375,5.484,1.349,3.351,69.501,2.719,1.669,1.454,1.847,9.547,2.423,1.1,2,3.71,5.591,1.325,0.97,2.022,5.404,3.282,2.295,0.742,3.498,17.43,5.784,2
4.087,10.342,1.603,3.411,63.739,3.328,3.329,1.018,3.558,5.458,2.394,1.63,1.859,4.728,3.192,1.152,1.658,1.894,5.008,2.076,2.022,0.843,2.61,11.329,4.196,2
4.901,13.269,2.155,5.473,55.505,3.858,4.697,1.036,4.759,6.185,2.099,2.092,2.344,5.175,2.945,1.105,1.96,1.707,4.602,2.056,1.946,0.932,2.387,8.047,3.318,0
8.282,15.887,4.098,13.617,30.032,5.205,7.004,1.797,7.048,8.884,1.515,3.003,4.601,5.719,2.37,1.329,2.089,1.451,3.621,2.224,2.012,1.058,2.484,4.069,2.193,0
10.673,14.264,5.159,17.607,19.953,5.934,7.221,2.295,7.764,10.113,1.474,3.211,5.874,5.771,2.087,1.601,1.893,1.499,3.287,2.373,2.116,1.064,2.59,3.469,1.985,0
16.293,7.698,6.297,20.127,11.3,7.404,5.492,2.641,7.82,11.497,1.934,2.95,6.974,5.525,2.53,2.337,1.356,1.815,3.186,2.69,2.35,0.995,2.408,3.56,2.031,0
20.261,2.501,5.481,14.973,12.336,8.396,3.178,1.955,6.585,11.946,2.564,2.441,5.456,5.343,5.714,3.108,1.138,1.899,3.443,2.98,2.552,0.933,1.822,4.01,2.517,1
20.326,1.601,4.347,11.586,13.774,8.238,2.599,1.564,5.705,11.859,2.719,2.368,4.24,5.265,7.863,3.409,1.17,1.775,3.442,3.097,2.593,0.924,1.598,4.229,2.838,1
16.43,1.41,2.407,6.907,14.462,6.191,2.38,1.352,3.801,10.59,2.549,2.387,2.323,4.738,10.202,3.661,1.189,1.299,2.872,3.223,2.486,0.893,1.484,4.492,3.26,1
13.38,1.696,1.766,6.083,13.102,4.636,2.384,1.481,2.998,9.418,2.264,2.273,1.807,4.239,9.626,3.604,1.117,1.039,2.379,3.22,2.362,0.861,1.505,4.45,3.244,1
8.015,2.418,1.098,6.421,8.398,1.957,2.301,1.66,2.115,7.041,1.591,1.641,1.33,3.395,6.021,3.264,0.947,0.719,1.521,3.156,2.108,0.829,1.485,4.031,2.816,1
5.783,4.044,1.584,8.507,4.857,0.972,2.098,1.557,2.726,5.501,1.282,1.026,1.528,3.622,2.724,2.837,0.984,0.946,1.467,3.087,1.911,0.922,1.501,3.588,2.27,1
7.427,7.093,2.427,10.932,6.016,1.344,1.947,1.662,3.799,5.134,1.396,0.923,2.08,4.001,2.22,2.644,1.109,1.283,1.771,3.028,1.826,1.009,1.57,3.454,2.095,1
17.042,19.786,4.77,18.469,25.826,4.119,1.817,2.617,7.066,11.202,2.203,1.026,4.041,4.606,6.296,2.33,1.423,2.086,2.627,3.705,1.756,1.201,1.705,3.317,2.238,1
30.556,36.582,9.457,27.376,119.648,8.482,2.596,4.687,9.276,56.093,3.793,1.101,5.95,4.736,29.145,2.16,1.531,2.47,3.391,9.759,1.983,1.343,1.691,3.291,4.108,1
36.285,42.475,13.18,32.114,192.18,10.32,3.403,5.948,9.33,94.265,5.057,1.107,6.253,5.265,47.363,2.18,1.482,2.416,3.805,15.003,2.222,1.386,1.689,3.432,5.776,1
43.922,49.671,23.69,42.517,299.963,12.446,5.978,8.477,8.419,158.041,8.604,1.765,5.399,8.591,76.792,2.908,1.571,2.261,5.417,24.272,2.813,1.515,1.901,4.481,8.91,1
47.278,53.736,30.509,48.135,300.296,12.941,7.672,9.637,8.175,163.218,10.325,2.636,4.812,10.885,78.941,3.759,1.886,2.418,6.8,25.692,3.073,1.649,2.1,5.353,9.487,1
53.938,63.475,42.768,56.629,200.19,12.974,10.843,10.925,8.42,112.955,11.41,4.834,4.504,13.371,55.5,5.773,2.87,3.197,9.653,20.705,3.292,2.018,2.434,6.978,7.958,1
51.97,63.804,43.365,50.344,82.464,10.954,11.222,9.729,7.786,43.802,8.604,5.673,4.681,11.422,22.792,6.284,3.307,3.485,9.871,11.757,3.07,2.212,2.461,7.429,4.938,1
44.982,55.685,37.58,41.425,50.869,9.266,9.816,8.242,6.794,24.417,6.658,5.219,4.508,9.719,12.578,5.593,3.094,3.172,8.569,8.383,2.874,2.163,2.363,7.145,3.842,1
23.849,29.522,18.993,22.1,27.763,6.34,5.329,5.223,4.642,14.216,4.035,3.329,3.677,7.101,5.088,3.216,2.148,2.091,4.697,4.689,2.527,1.87,2.055,6.148,3.012,1
7.78,8.241,4.826,9.638,14.538,5.04,1.841,4.128,3.424,11.939,3.16,1.596,3.197,5.592,4.351,1.458,1.296,1.342,1.892,3.179,2.365,1.59,1.748,5.506,3.187,1
4.346,3.914,1.912,7.269,15.963,4.532,1.089,4.316,2.99,11.503,2.845,1.085,3.301,4.768,5.38,1.188,1.055,1.222,1.338,3.368,2.318,1.494,1.622,5.428,3.436,1
3.153,2.903,1.15,7.148,78.795,3.118,0.939,4.731,2.262,27.66,2.555,0.936,3.837,3.109,15.581,1.685,1.005,1.431,1.676,7.783,2.212,1.35,1.47,5.702,4.785,1
3.152,2.69,1.644,7.466,148.58,2.561,1.241,4.638,2.354,47.087,2.904,1.465,4.123,2.596,25.77,2.318,1.297,1.824,2.535,12.304,2.183,1.322,1.485,6.061,6.12,1
6.563,5.259,4.294,12.104,301.886,3.509,4.047,5.108,5.164,87.859,4.817,3.936,5.148,2.5,46.707,3.849,2.584,3.203,5.589,21.681,2.246,1.424,1.693,7.164,9.147,1
22.163,18.414,12.226,30.564,327.175,9.675,14.354,9.502,12.753,92.46,8.225,8.541,9.041,5.395,51.94,5.299,4.374,4.853,9.552,23.202,2.626,1.714,2.055,8.669,10.115,1
34.867,28.589,18.776,44.219,277.46,14.405,21.638,12.891,17.18,78.23,10.245,11.386,12.31,8.444,47.652,6.041,5.25,5.556,11.265,20.262,3.034,1.99,2.318,9.569,9.599,1
62.151,47.69,33.732,66.989,150.709,22.603,32.144,17.86,22.873,42.444,13.271,15.814,18.255,15.297,34.344,7.443,6.493,6.295,12.897,12.191,4.024,3.171,2.886,10.938,7.933,0
72.572,53.175,39.92,71.341,115.16,24.161,32.377,17.967,23.267,31.58,13.5,16.178,19.006,17.23,28.665,7.8,6.656,6.211,12.537,9.279,4.312,4.043,3.033,10.895,7.247,0
79.518,52.078,44.598,64.597,108.713,20.973,23.212,13.362,20.151,25.549,10.922,12.337,14.3,15.362,19.501,7.027,5.837,5.071,9.654,6.631,3.904,5.397,2.683,8.648,5.906,0
68.106,38.867,38.832,49.859,103.502,13.354,11.598,7.054,14.799,21.808,6.541,6.214,6.282,8.904,10.157,4.634,3.936,3.204,5.538,5.147,2.494,4.902,1.65,4.701,3.748,0
57.868,30.835,33.454,42.992,92.46,9.771,7.994,4.794,11.927,19.618,4.794,4.035,3.455,6.094,6.954,3.445,2.974,2.382,3.794,4.745,1.794,3.994,1.148,2.994,2.716,0
34.1,16.706,20.887,29.372,69.074,4.59,4.712,2.383,6.315,22.483,2.878,2.312,1.289,3.188,9.946,1.989,1.632,1.375,1.745,8.666,0.952,2.076,0.59,1.216,2.968,0
15.275,7.659,9.595,16.773,66.138,1.956,2.978,1.505,2.785,41.531,1.911,1.847,0.973,2.22,24.466,1.638,0.937,0.895,1.184,20.889,0.656,1.144,0.445,0.908,7.243,0
11.166,5.876,6.271,12.635,73.012,1.825,2.534,1.49,2.589,53.539,1.717,1.639,0.943,2.113,31.729,1.68,0.76,0.756,1.186,27.026,0.571,0.992,0.404,0.847,9.69,0
14.097,8.821,5.572,10.899,86.82,5.658,4.398,2.872,5.975,66.479,3.928,2.771,2.578,4.289,36.227,1.949,0.796,0.785,1.607,29.925,0.515,0.843,0.38,0.724,11.35,0
20.169,13.602,7.674,13.355,86.94,9.492,6.79,4.262,9.203,63.751,6.534,4.367,4.497,6.71,32.215,2.099,0.985,0.945,1.975,25.648,0.541,0.8,0.406,0.678,9.93,0
33.819,23.927,12.173,20.319,79.284,15.965,11.045,6.706,14.934,49.205,11.565,7.747,8.531,11.498,20.333,2.193,1.403,1.244,2.49,12.748,0.623,0.788,0.492,0.633,4.897,0
41.258,24.49,11.897,25.746,154.268,15.471,10.725,6.339,14.267,57.722,11.435,8,8.919,11.885,30.078,2,1.596,1.196,2.27,11.549,0.657,0.78,0.543,0.665,3.336,0
40.988,20.156,10.075,28.398,253.332,13.622,9.653,5.312,11.693,78.008,9.729,7.017,7.616,10.374,47.671,2.029,1.776,1.164,2.048,18.05,0.668,0.785,0.555,0.762,5.037,0
33.74,9.481,6.629,33.912,492.08,11.306,8.743,3.654,6.709,126.017,7.074,5.39,4.709,6.943,86.384,2.646,2.594,1.395,1.903,34.131,0.746,0.88,0.579,1.141,10.036,0
22.314,5.097,6.188,33.83,536.524,11.354,9.098,4.054,5.685,129.098,7.809,5.91,3.709,5.172,89.585,3.387,3.614,1.713,2.234,36.361,0.852,1.028,0.58,1.453,11.194,0
17.95,5.93,6.932,30.814,447.599,10.986,8.652,4.967,6.372,107.602,8.554,6.368,3.645,4.472,73.825,3.488,3.973,1.678,2.425,30.269,0.859,1.053,0.553,1.445,9.534,0
14.399,9.576,7.789,22.205,187.46,8.517,6.178,7.128,7.86,50.072,8.519,6.046,3.247,2.661,31.841,3.128,4.173,1.19,2.619,13.452,0.733,0.924,0.461,1.118,4.406,0
14.767,10.53,7.828,19.702,89.737,7.34,5.11,8.029,8.339,29.301,7.659,5.331,2.973,1.933,16.977,2.854,4.021,0.917,2.625,7.56,0.638,0.815,0.423,0.913,2.436,0
18.581,11.546,9.88,23.805,20.708,6.602,5.295,9.036,8.958,14.221,4.958,3.619,2.702,1.529,5.758,2.428,3.315,0.694,2.49,3.923,0.522,0.684,0.414,0.699,0.993,0
24.037,13.169,14.2,34.024,22.272,7.034,7.195,8.683,8.762,12.733,2.281,2.223,2.683,2.304,3.894,2.046,2.333,0.843,2.306,4.263,0.531,0.691,0.456,0.739,1.027,0
24.619,13.777,15.346,36.898,24.72,7.109,7.637,8.016,8.198,12.457,1.445,1.732,2.627,2.822,3.305,1.829,1.899,0.933,2.235,4.224,0.548,0.692,0.468,0.77,1.061,0
20.023,11.84,13.416,31.722,22.506,6.527,6.463,5.915,6.279,11.625,0.99,1.089,2.276,3.381,2.689,1.481,1.364,1.001,2.061,3.545,0.536,0.608,0.441,0.735,1.028,0
15.205,9.365,10.215,24.393,19.1,5.829,5.106,4.584,5.079,10.643,1.088,0.882,1.97,3.265,2.504,1.4,1.199,0.974,1.896,3.055,0.501,0.538,0.403,0.666,0.99,0
6.411,4.026,3.473,9.432,13.138,4.367,2.757,2.259,3.059,8.233,1.436,0.673,1.291,2.467,2.195,1.399,0.904,0.857,1.47,2.233,0.437,0.478,0.321,0.529,1.074,0
4.147,2.615,1.186,3.552,13.357,3.717,2.368,1.517,2.543,6.714,1.71,0.708,0.838,1.572,2.107,1.445,0.673,0.735,1.241,1.972,0.481,0.585,0.327,0.527,1.403,0
4.697,3.903,1.421,3.476,14.404,3.648,2.615,1.74,2.839,6.141,1.758,0.764,0.723,1.268,2.097,1.41,0.593,0.676,1.262,1.987,0.538,0.653,0.367,0.562,1.541,0
7.706,9.259,3.186,5.703,15.737,3.76,2.841,2.674,3.948,4.894,1.777,0.802,0.637,1.06,1.859,1.173,0.554,0.572,1.455,1.95,0.627,0.724,0.44,0.602,1.517,0
11.991,14.549,5.024,8.414,15.944,4.055,2.555,3.491,4.841,4.181,2.182,0.718,0.824,1.323,1.568,0.82,0.674,0.555,1.594,1.622,0.585,0.715,0.437,0.581,1.148,0
14.051,15.425,5.552,9.514,16.106,4.178,2.39,3.703,4.95,4.219,2.54,0.643,1.056,1.537,1.566,0.675,0.727,0.586,1.582,1.42,0.517,0.701,0.41,0.564,0.943,0
16.617,13.579,5.538,10.783,16.846,4.419,2.407,3.855,4.685,4.974,3.045,0.492,1.576,1.944,1.853,0.564,0.707,0.664,1.393,1.283,0.384,0.679,0.365,0.563,0.691,0
16.567,11.53,5.113,11.118,17.629,4.52,2.658,3.847,4.425,5.39,2.963,0.422,1.7,2.101,2.008,0.597,0.643,0.682,1.238,1.41,0.348,0.666,0.36,0.581,0.666,0
13.573,7.986,3.901,11.354,21.348,4.333,3.326,3.491,3.652,5.497,2.074,0.316,1.527,2.267,2.096,0.719,0.529,0.665,0.865,1.916,0.329,0.599,0.354,0.629,0.77,0
7.971,5.163,2.492,9.904,25.18,3.114,3.271,2.466,2.343,4.311,0.957,0.342,1.189,2.008,2.074,0.703,0.529,0.625,0.5,2.392,0.314,0.454,0.301,0.626,0.958,0
5.193,3.736,1.813,8.412,24.874,2.278,2.792,1.867,1.626,3.584,0.565,0.394,1.135,1.7,2.087,0.628,0.562,0.603,0.387,2.469,0.299,0.367,0.26,0.59,1.016,0
2.573,2.929,1.238,5.401,19.124,1.143,1.725,1.217,0.854,2.773,0.193,0.615,1.28,1.059,2.147,0.492,0.65,0.592,0.443,2.186,0.314,0.273,0.215,0.504,1.01,0
2.834,5.378,1.373,4.68,15.644,1.014,1.978,1.269,0.837,2.768,0.126,0.847,1.475,0.851,2.184,0.48,0.722,0.629,0.608,1.897,0.376,0.323,0.241,0.517,0.989,0
4.845,15.828,1.871,4.509,11.211,1.237,4.965,1.831,1.012,2.95,0.091,1.622,2.091,0.733,2.526,0.574,0.964,0.807,1.008,1.362,0.624,0.635,0.423,0.821,1.058,0
6.212,24.409,2.16,4.915,9.379,1.509,8.379,2.237,1.136,2.725,0.227,2.568,2.709,0.777,3.435,0.757,1.201,1.048,1.169,1.277,0.961,1.074,0.773,1.494,1.376,0
6.167,24.371,2.195,5.28,7.917,1.618,8.823,2.182,1.227,2.388,0.412,2.962,2.781,0.827,3.885,0.866,1.25,1.151,1.119,1.409,1.132,1.27,1.008,1.888,1.606,0
5.622,16.353,2.311,7.922,4.501,1.781,6.797,1.847,1.618,1.726,0.953,3.422,2.299,1.159,4.337,1.051,1.167,1.316,0.972,1.77,1.412,1.496,1.474,2.528,2,0
5.712,7.276,2.466,11.74,3.119,1.709,3.655,1.854,2.372,2.153,1.283,3.401,1.63,1.929,4.047,1.089,0.941,1.406,1.093,2.001,1.507,1.434,1.715,2.775,2.069,0
5.781,4.77,2.399,12.625,3.341,1.568,2.624,2.023,2.847,2.849,1.25,3.162,1.503,2.342,3.643,1.064,0.837,1.39,1.252,2.015,1.479,1.327,1.737,2.797,1.996,0
4.785,2.369,1.895,10.532,3.966,1.293,1.765,2.283,3.552,4.463,0.985,2.25,1.656,2.764,2.534,1.037,0.708,1.203,1.514,1.825,1.375,1.114,1.7,2.875,1.824,0
2.77,1.024,1.264,5.889,4.164,1.29,1.557,1.946,3.237,5.696,0.947,1.249,1.908,2.395,1.724,1.145,0.663,0.966,1.679,1.579,1.318,1.035,1.647,3.054,1.732,0
2.407,0.844,1.283,4.398,4.81,1.36,1.573,1.598,2.713,6.194,1.095,0.971,2.117,2.048,1.771,1.264,0.694,0.966,1.871,1.574,1.302,1.031,1.6,3.109,1.7,0
5.76,2.744,3.09,5.428,9.067,1.628,1.48,1.021,1.815,6.99,1.642,1.146,3.117,1.896,2.948,1.771,1.138,1.595,2.886,1.984,1.32,1.052,1.488,3.203,1.781,0
9.563,4.892,5.101,8.47,12.088,1.922,1.276,0.911,1.776,7.174,1.953,1.526,3.794,2.376,3.763,2.175,1.589,2.204,3.693,2.391,1.408,1.094,1.483,3.381,2.006,0
17.393,10.106,9.753,17.723,16.634,2.734,0.84,0.956,2.456,6.712,2.38,2.399,4.639,4.112,4.9,2.97,2.561,3.306,5.198,3.361,1.803,1.284,1.649,4.189,2.856,0
17.478,11.524,10.514,23.804,14.962,3.053,0.877,0.945,3.192,5.241,2.333,2.684,4.17,5.089,4.728,3.161,2.773,3.289,5.36,3.956,2.188,1.455,1.772,4.91,3.534,0
14.046,10.032,8.889,23.337,14.814,2.879,1.169,0.84,3.321,4.633,2.164,2.524,3.605,4.754,4.509,2.984,2.512,2.835,4.786,4.008,2.219,1.454,1.708,4.904,3.555,1
5.485,5.379,4.453,15.872,50.236,2.28,1.991,0.627,3.104,10.643,1.695,2.029,2.495,2.843,7.596,2.393,1.776,1.749,3.033,4.65,1.941,1.264,1.372,4.224,3.279,1
1.493,2.886,2.188,7.677,157.177,1.972,2.335,0.738,2.488,30.793,1.213,1.855,1.754,1.166,17.609,1.921,1.351,1.209,1.843,7.325,1.666,1.035,1.151,3.935,3.619,1
1.26,2.659,1.914,5.612,213.18,1.923,2.179,0.907,2.103,41.327,1.092,1.898,1.501,0.998,23.08,1.803,1.248,1.13,1.749,8.965,1.687,0.981,1.2,4.333,4.087,1
2.003,2.327,1.514,5.069,242.974,1.701,1.524,1.306,1.583,47.031,1.333,1.949,1.188,2.335,27.236,1.746,1.006,1.001,2.315,10.314,1.975,1.002,1.5,5.807,4.803,1
2.644,1.959,1.321,6.188,206.405,1.486,1.275,1.564,1.604,40.243,1.638,1.895,1.199,3.701,24.608,1.744,0.86,0.921,2.696,9.485,2.12,1.032,1.623,6.444,4.75,1
4.243,1.269,1.581,9.204,88.802,1.014,1.133,2.162,2.005,19.015,2.091,1.78,1.646,6.538,14.319,1.686,0.679,0.812,3.206,6.12,2.267,1.029,1.631,6.82,3.941,1
5.434,1.345,2.627,10.292,18.33,0.822,1.135,2.473,2.311,6.798,1.923,1.882,2.387,7.11,6.468,1.556,0.811,0.831,3.44,3.696,2.437,1.013,1.527,6.446,3.254,1
5.534,1.738,3.082,9.421,10.043,0.862,1.079,2.339,2.323,5.66,1.702,2.036,2.664,6.291,4.861,1.519,0.955,0.884,3.532,3.224,2.575,1.057,1.543,6.28,3.185,1
4.522,2.795,3.248,5.839,8.789,0.923,1.014,1.601,2.084,5.946,1.394,2.464,2.656,3.859,4.148,1.617,1.145,1.039,3.591,2.775,2.788,1.257,1.698,6.136,3.314,1
3.583,3.235,2.967,4.204,7.672,0.85,1.13,1.247,1.886,5.991,1.352,2.661,2.353,2.923,4.207,1.74,1.133,1.129,3.482,2.583,2.804,1.376,1.761,6.09,3.381,1
1.999,3.462,2.024,3.077,8.799,0.815,1.744,1.156,1.589,5.916,1.381,2.808,1.574,2.112,4.034,2.06,1.075,1.344,3.055,2.582,2.679,1.559,1.725,5.928,3.414,1
3.068,2.885,1.985,6.693,10.72,2.144,2.671,1.89,2.278,7.091,1.632,2.663,1.482,2.567,4.052,2.325,1.289,1.783,2.905,3.157,2.512,1.622,1.561,5.777,3.342,1
5.19,2.851,2.829,10.689,11.023,3.515,3.17,2.442,3.219,8.462,1.902,2.568,1.845,3.422,4.535,2.375,1.479,2.099,3.119,3.417,2.443,1.616,1.52,5.806,3.292,1
11.612,5.187,6.205,21.528,11.91,6.677,3.995,3.611,5.893,11.28,2.864,2.527,2.92,6.812,6.212,2.301,1.75,2.697,4.198,3.419,2.328,1.559,1.633,6.225,3.198,1
18.836,12.526,11.897,33.577,17.395,9.192,5.137,4.976,8.201,11.828,5.18,3.693,4.033,11.803,7.886,2.374,1.879,3.08,6.236,3.348,2.488,1.607,2.088,7.272,3.429,1
22.038,16.963,15.124,39.913,21.626,10.097,6.314,5.91,8.656,11.427,7.037,5.129,4.903,14.486,8.79,2.563,2.001,3.21,7.316,3.53,2.735,1.755,2.428,7.961,3.745,1
28.271,23.976,20.861,53.975,28.854,12.791,11.162,9.008,9.486,12.634,11.613,9.589,8.455,20.176,11.67,2.895,2.324,3.353,8.162,4.031,3.319,2.263,3.075,9.171,4.464,1
31.002,25.837,22.806,59.38,30.121,14.806,14.488,10.941,10.533,14.832,13.588,11.973,10.987,22.96,13.291,2.858,2.407,3.329,7.637,4.161,3.515,2.519,3.266,9.532,4.697,1
32.507,25.499,23.154,58.497,27.557,17.582,19.114,13.012,12.862,18.673,14.618,14.302,14.69,25.756,14.318,2.364,2.201,3.108,5.452,4.217,3.532,2.738,3.258,9.652,4.691,1
24.991,19.639,17.48,39.433,20.436,15.154,16.606,10.315,11.896,16.012,11.371,11.437,13.03,21.603,11.679,1.902,1.625,2.911,3.607,4.457,3.118,2.399,2.808,8.873,4.155,1
18.81,15.492,13.258,27.308,16.608,12.318,13.04,7.769,9.844,12.491,9.126,8.688,10.429,17.501,10.294,1.9,1.37,2.884,3.175,4.683,2.858,2.104,2.518,8.254,3.825,1
7.45,7.096,5.394,9.789,9.969,6.968,5.63,3.59,5.586,5.874,5.637,3.598,5.016,9.606,9.483,2.318,1.221,2.773,3.001,4.885,2.446,1.595,2.081,7.232,3.334,1
2.832,5.745,2.995,4.761,6.677,5.175,2.616,3.092,4.952,4.545,4.128,1.398,2.18,5.341,9.204,3.098,1.417,2.344,3.09,4.484,2.352,1.438,2.044,7.121,3.344,1
2.987,9.752,4.197,4.608,6.511,5.187,3.074,3.791,6.014,5.646,3.785,1.451,1.713,4.261,8.283,3.637,1.573,2.067,3.148,4.251,2.429,1.497,2.126,7.311,3.585,1
4.421,25.263,7.266,4.906,7.434,4.872,6.276,4.795,9.159,8.382,3.085,3.163,1.557,2.708,5.195,4.701,2.035,1.565,3.203,3.955,2.612,1.771,2.176,7.452,4.253,1
5.686,39.937,7.654,5.833,7.967,3.775,9.75,4.36,11.006,9.046,2.274,5.891,1.956,1.767,2.823,4.74,2.557,1.197,3.204,3.445,2.687,2.025,1.977,7.196,4.689,1
6.356,41.215,6.821,7.531,7.928,3.038,10.251,3.701,10.531,8.316,1.874,6.869,2.235,1.578,2.368,4.223,2.644,1.09,3.222,3.062,2.8,2.082,1.943,7.311,4.837,1
8.636,30.206,5.886,15.769,8.065,1.644,7.862,2.286,7.089,6.253,1.307,6.742,2.363,1.376,2.599,2.885,2.287,1.186,3.377,2.804,3.395,2.025,2.236,8.44,5.28,1
10.92,21.966,6.747,22.129,9.544,1.168,5.69,1.762,4.99,5.628,1.17,5.738,2.083,1.323,3.031,2.431,1.972,1.369,3.508,3.132,3.728,1.916,2.45,9.039,5.519,1
19.521,7.831,10.406,33.664,19.176,0.79,2.008,1.088,2.017,5.545,1.052,3.41,1.211,1.292,4.149,2.084,1.546,1.671,3.563,4.193,3.743,1.603,2.465,8.652,5.398,1
35.845,4.166,13.893,40.724,37.468,1.236,0.885,0.777,1.415,6.529,0.926,2.322,0.774,1.14,5.184,1.831,1.473,1.472,2.911,4.577,2.592,1.258,1.72,5.678,3.989,0
44.115,5.132,14.797,42.555,46.52,1.692,0.965,0.798,1.651,7.677,0.86,2.207,0.797,1.013,5.705,1.64,1.428,1.203,2.387,4.478,1.848,1.106,1.243,3.873,3.038,0
49.436,7.472,14.173,41.458,55.571,2.473,1.296,1.046,2.184,11.758,0.734,1.793,0.897,0.789,6.744,1.3,1.15,0.66,1.443,4.362,0.805,0.881,0.553,1.326,1.631,0
44.128,8.16,12.604,37.869,56.501,2.547,1.399,1.145,2.319,14.218,0.671,1.398,0.858,0.748,7.136,1.164,0.964,0.482,1.139,4.406,0.593,0.799,0.391,0.767,1.374,0
24.765,7.162,8.02,27.051,118.626,2.308,1.581,1.225,2.532,20.026,0.652,0.712,0.743,1.184,10.61,0.93,0.776,0.386,0.854,4.43,0.503,0.646,0.288,0.472,1.609,0
11.33,8.335,5.816,19.342,300.99,2.476,2.393,1.843,3.313,25.3,0.873,0.565,0.794,2.378,25.291,1.067,1.19,0.737,1.042,5.688,0.481,0.515,0.295,0.455,2.367,0
9.503,10.833,6.471,18.198,393.206,2.819,3.018,2.474,3.797,26.844,1.012,0.636,0.832,2.909,35.439,1.366,1.573,1.041,1.303,7.698,0.461,0.48,0.321,0.465,2.806,0
9.571,15.711,8.756,17.099,440.035,3.351,3.796,3.626,4.172,28.277,1.168,0.916,0.761,3.01,48.37,2.042,2.126,1.52,1.751,15.027,0.4,0.482,0.388,0.504,3.592,0
8.194,13.494,7.968,13.09,288.627,3.112,3.122,3.563,3.589,29.206,1.224,1.341,0.567,1.901,40.729,2.08,1.87,1.446,1.545,22.938,0.321,0.53,0.389,0.521,3.945,0
7.68,10.126,6.545,10.713,192.295,2.816,2.456,3.256,3.287,29.018,1.375,1.607,0.543,1.343,31.827,1.845,1.53,1.265,1.28,24.985,0.294,0.545,0.361,0.52,3.859,0
9.377,3.692,4.551,7.526,76.899,2.84,1.535,3.664,3.204,24.849,2.582,2.649,0.836,1.372,17.308,1.829,1.069,1.2,1.451,24.014,0.51,0.674,0.464,0.697,3.43,0
11.108,2.361,4.82,7.044,60.815,3.624,1.52,4.624,3.561,20.849,3.66,3.667,1.132,2.219,14.198,2.392,1.105,1.456,2.227,21.885,0.951,0.91,0.76,1.122,3.43,0
12.636,3.675,6.767,7.044,53.3,6.617,2.039,6.677,4.991,12.617,5.673,6.307,1.723,5.083,11.888,4.177,1.532,2.186,4.682,16.872,2.682,1.76,1.977,3.528,4.513,0
10.915,6.668,6.926,6.839,36.121,9.001,2.398,6.488,6.953,8.486,5.697,7.484,1.898,7.642,8.373,4.977,1.861,2.36,6.122,11.846,4.526,2.451,3.331,7.824,6.263,0
10.496,7.509,6.077,6.388,26.051,9.136,2.384,5.442,7.766,8.342,4.877,6.905,1.767,8.204,6.324,4.726,1.862,2.17,5.978,9.388,4.955,2.469,3.705,10.063,6.766,2
12.131,7.507,4.355,6.554,15.341,7.444,2.301,2.978,8.168,8.871,2.917,4.453,1.468,8.128,3.294,3.803,1.613,1.764,5.017,5.379,4.6,1.887,3.726,13.647,6.581,2
14.552,6.283,5.187,10.865,12.761,5.214,3.704,1.953,7.065,7.856,2.048,3.224,1.985,8.039,2.754,3.712,1.417,2.017,5.488,4.279,3.835,1.207,3.496,15.738,6.011,2
14.973,5.685,6.537,14.242,12.876,4.436,5.052,1.964,6.283,6.858,2.097,3.39,2.622,8.131,3.071,4.025,1.463,2.366,6.286,4.769,3.721,1.047,3.471,16.084,5.982,2
13.541,4.723,8.822,18.259,13.142,3.348,7.148,2.223,4.767,5.135,2.394,3.754,3.784,7.532,3.672,4.587,1.788,2.918,7.333,5.762,3.789,1.03,3.332,14.717,6.005,2
9.366,4.034,7.979,14.181,11.177,2.451,6.256,2.229,3.704,4.521,2.1,2.94,3.606,5.666,3.046,4.406,1.946,2.766,6.43,5.113,3.399,1.08,2.746,11.086,5.239,2
6.925,3.791,6.395,10.282,9.838,2.184,4.817,2.075,3.284,4.42,1.706,2.315,3.086,4.857,2.373,4.042,1.831,2.44,5.541,4.357,2.998,1.058,2.407,9.353,4.666,2
3.438,3.663,2.85,4.205,7.377,2.574,1.966,1.686,2.841,4.57,1.047,1.419,2.224,4.418,1.392,3.133,1.339,1.658,4.089,3.035,2.28,0.908,2.098,8.094,3.958,2
2.821,3.823,1.726,3.179,6.823,3.102,1.201,1.582,2.83,4.68,0.971,1.221,2.143,4.722,1.306,2.708,1.087,1.336,3.68,2.661,2.098,0.823,2.162,8.533,3.944,2
3.785,4.203,0.965,4.302,6.569,3.955,0.965,1.598,2.845,4.564,1.139,0.99,2.259,5.379,1.547,2.007,0.763,0.966,3.351,2.254,1.946,0.749,2.352,9.646,4.071,2
6.365,3.942,0.892,6.355,5.406,3.618,1.257,1.594,2.334,4.13,1.239,0.781,1.97,4.98,1.699,1.477,0.616,0.89,3.485,1.91,1.674,0.777,2.158,9.209,3.614,2
7.404,3.502,0.896,6.536,4.545,3.181,1.403,1.535,1.883,3.93,1.253,0.752,1.688,4.411,1.725,1.283,0.562,0.899,3.642,1.749,1.502,0.781,1.958,8.78,3.255,2
7.628,2.431,0.759,5.185,3.139,2.584,1.645,1.476,1.077,3.977,1.363,0.849,1.117,3.068,1.755,1.015,0.496,0.881,3.606,1.468,1.351,0.72,1.736,9.436,2.913,2
6.928,2.072,0.658,4.348,3.292,2.576,1.775,1.564,1.014,4.364,1.47,0.907,0.914,2.497,1.839,0.917,0.483,0.834,3.313,1.359,1.411,0.672,1.77,10.607,3.017,2
5.327,1.863,0.655,4.573,20.58,2.916,2.066,1.82,1.734,11.268,1.695,0.893,0.686,1.767,4.743,0.759,0.455,0.727,2.495,2.043,1.655,0.631,1.929,12.758,3.719,2
4.812,1.625,0.901,7.939,83.639,3.255,2.205,1.69,2.828,35.479,1.706,0.713,0.53,1.27,15.275,0.723,0.414,0.759,2.204,5.409,1.769,0.727,1.935,12.965,5.144,2
5.002,1.379,1.068,9.803,123.221,3.408,2.101,1.435,3.164,50.748,1.674,0.633,0.467,1.145,21.936,0.803,0.425,0.856,2.418,7.651,1.752,0.815,1.907,12.84,6.018,2
5.393,1.006,1.326,11.236,160.872,3.56,1.516,0.835,3.099,66.707,1.64,0.677,0.496,1.69,28.881,1.219,0.567,1.264,3.622,10.366,1.701,0.995,1.994,13.688,7.146,2
4.871,0.979,1.706,9.5,115.59,3.207,0.828,0.459,2.46,49.332,1.567,0.901,0.701,2.969,21.419,1.853,0.761,1.961,5.601,8.933,1.73,1.128,2.32,15.085,6.371,2
4.352,1.071,2.011,8.19,78.125,2.926,0.607,0.407,2.2,33.693,1.592,0.956,0.8,3.455,14.856,2.153,0.8,2.289,6.442,7.364,1.736,1.172,2.5,14.902,5.377,2
5.727,2.084,2.935,6.965,24.341,3.231,0.81,0.682,2.067,10.648,2.274,0.851,1.017,3.886,5.33,2.648,0.733,2.557,6.688,4.967,1.612,1.188,2.656,11.822,3.322,2
9.959,4.35,3.948,8.886,15.937,4.094,1.392,1.052,2.226,6.973,3.112,0.902,1.233,4.223,3.775,2.844,0.714,2.466,5.948,4.424,1.478,1.153,2.544,9.372,2.584,0
27.568,14.897,8.173,21.718,20.155,6.785,3.362,2.144,3.526,7.773,5.226,1.757,1.907,6.024,3.886,2.979,0.934,2.039,3.604,3.641,1.212,1.037,1.917,4.558,1.719,0
43.764,26.502,12.992,38.5,27.947,8.351,4.864,3.102,5.666,8.189,6.098,3.043,2.298,7.906,3.878,2.493,1.305,1.547,1.706,2.431,1.141,0.919,1.121,1.613,1.366,0
44.733,28.533,13.841,42.253,29.521,8.073,4.867,3.212,6.362,7.46,5.747,3.335,2.171,7.993,3.532,2.069,1.38,1.307,1.187,1.829,1.17,0.87,0.822,0.974,1.303,0
30.777,21.36,11.385,33.613,22.276,5.879,3.569,2.579,5.744,5.176,4.176,2.771,1.442,6.154,2.554,1.374,1.187,0.839,0.727,1.154,1.214,0.821,0.538,0.659,1.217,0
11.589,8.726,6.403,15.26,11.904,3.319,2.183,1.456,3.117,3.976,2.617,1.75,0.846,3.633,1.812,1.257,1.016,0.548,0.64,1.308,1.163,0.973,0.536,0.736,1.057,0
5.865,4.465,4.421,8.518,9.573,2.366,1.881,1.031,2.061,4.147,1.989,1.522,0.776,2.811,1.653,1.317,1.14,0.53,0.713,1.538,1.132,1.168,0.589,0.773,0.987,0
2.205,2.02,2.33,3.518,11.462,1.506,1.746,0.677,1.555,5.307,1.069,1.537,0.886,2.112,1.765,1.382,1.712,0.705,1.019,1.927,1.116,1.64,0.736,0.728,0.969,0
2.387,2.785,2.338,3.749,13.649,1.85,1.792,0.771,1.989,5.939,0.934,1.533,0.972,2.025,1.972,1.389,1.979,0.877,1.241,2.09,1.134,1.826,0.793,0.678,1.015,1
4.666,6.206,5.162,8.155,16.148,4.304,2.608,1.99,3.719,6.73,2.126,1.586,1.393,2.352,2.886,1.476,2.173,1.329,1.897,2.571,1.201,2.029,0.829,0.743,1.133,1
9.616,9.195,11.499,18.866,14.096,8.415,4.597,6.027,6.298,8.454,5.629,2.941,2.423,3.477,5.297,1.747,2.03,1.803,2.731,3.282,1.352,2.046,0.925,1.3,1.301,1
12.909,9.598,14.789,26.302,13.021,10.456,5.619,8.839,7.407,11.017,7.613,4.179,3.085,4.1,6.964,1.892,1.927,2.007,3.03,3.58,1.449,1.977,1.069,1.762,1.422,1
18.687,8.557,18.779,39.635,19.357,12.547,6.445,12.804,7.951,20.51,9.481,6.278,3.935,4.621,9.588,2.051,1.74,2.282,3.179,3.807,1.556,1.66,1.466,2.74,1.733,1
19.67,7.595,19.083,42.392,27.831,12.06,6.057,12.714,7.214,25.884,8.845,6.47,3.831,4.458,9.969,2.066,1.64,2.313,3.107,3.71,1.548,1.453,1.623,3.121,1.916,1
16.41,5.562,17.062,36.763,45.774,8.385,4.242,8.555,4.681,30.522,5.805,4.933,2.623,4.007,9.319,2.084,1.406,2.077,2.973,3.234,1.489,1.125,1.691,3.514,2.284,1
9.612,3.584,12.492,22.469,44.591,4.028,2.364,3.722,2.872,22.913,3.813,2.637,1.158,3.922,8.984,2.106,1.169,1.477,2.743,2.688,1.495,0.973,1.503,3.533,2.497,1
6.591,2.683,9.7,15.702,35.331,2.808,1.72,2.692,2.599,16.923,3.878,1.901,0.733,3.849,9.048,2.093,1.065,1.155,2.48,2.43,1.533,0.916,1.399,3.514,2.514,1
3.038,1.554,4.606,6.933,14.745,2.836,1.167,3.464,3.008,9.61,5.258,1.419,0.674,3.588,9.17,1.954,0.885,0.783,1.825,2.049,1.67,0.815,1.274,3.575,2.472,1
1.822,1.913,1.44,3.329,10.106,3.955,1.505,4.837,3.832,11.485,6.354,1.371,1.021,3.824,10.278,1.66,0.729,0.891,1.585,2.089,1.801,0.803,1.271,3.661,2.45,1
1.644,2.912,0.789,2.763,12.997,4.09,1.89,4.889,4.032,13.244,6.424,1.356,1.166,4.196,11.18,1.494,0.686,1.031,1.653,2.263,1.828,0.835,1.317,3.626,2.43,1
1.818,5.43,0.685,3.327,53.55,3.372,2.593,3.724,3.781,22.546,5.75,1.371,1.206,4.65,15.41,1.269,0.704,1.203,1.842,4.147,1.765,0.917,1.464,3.305,2.677,0
2.368,6.623,1.212,4.427,121.828,3.022,2.88,3.016,3.689,38.204,5.511,1.591,1.127,4.544,21.361,1.293,0.799,1.231,1.914,7,1.722,0.979,1.555,3.141,3.406,0
5.771,8.08,4.35,8.914,352.147,3.6,4.297,2.564,4.438,92.111,6.727,3.298,1.216,4.152,40.245,1.72,1.501,1.46,2.153,16.269,1.872,1.387,1.858,3.532,6.516,0
11.467,8.73,9.248,14.376,518.994,5.013,7.265,2.93,5.573,126.859,9.312,6.086,1.847,4.111,51.04,2.308,2.855,1.988,2.896,22.777,2.4,2.183,2.375,5.272,9.411,0
13.497,9.116,10.864,15.878,506.193,5.212,8.586,2.891,5.564,119.752,10.091,6.954,2.299,4.213,47.444,2.534,3.471,2.19,3.501,22.152,2.664,2.506,2.62,6.295,9.57,1
12.787,9.768,9.828,13.749,313.114,4.044,8.819,2.224,4.202,69.459,9.977,6.216,3.372,4.378,26.625,2.9,3.861,2.165,4.774,14.394,2.895,2.607,2.846,7.532,7.096,1
10.264,9.29,7.477,10.737,195.015,3.051,7.613,1.875,3.331,43.726,9.603,4.867,3.923,4.359,16.223,3.076,3.582,1.983,5.146,9.924,2.895,2.447,2.835,7.622,5.357,1
4.879,6.438,2.779,4.747,54.422,1.533,4.388,1.738,2.326,18.778,9.366,2.283,4.73,4.011,7.126,3.319,2.624,1.7,4.982,5.149,2.928,2.149,2.766,7.27,3.191,1
3.183,3.63,1.901,2.57,28.944,1.289,2.846,2.083,2.161,14.319,8.725,1.548,4.92,3.312,8.283,3.097,1.937,1.759,4.128,4.708,3.008,2.015,2.647,6.747,2.973,1
3.512,2.879,2.765,2.512,27.628,1.528,2.853,2.174,2.064,11.825,7.718,1.661,4.73,2.991,9.076,2.859,1.752,1.863,3.757,4.675,2.939,1.877,2.484,6.37,3.064,1
3.99,2.076,4.791,2.594,24.077,2.275,3.1,2.17,1.784,8.431,5.024,1.771,3.765,2.763,9.463,2.787,1.533,2.081,3.468,4.816,2.525,1.392,1.987,5.473,3.152,1
3.031,1.895,5.271,2.178,24.726,2.74,2.569,2.269,1.976,10.362,3.381,1.407,2.438,3.094,8.272,3.773,1.474,2.132,3.603,5.337,2.201,1.098,1.696,5.242,3.161,1
2.202,2.152,4.683,1.83,24.401,2.684,2.011,2.356,2.305,11.727,3.069,1.187,1.856,3.37,7.236,4.467,1.465,2.024,3.697,5.414,2.19,1.115,1.703,5.464,3.162,1
0.867,3.754,2.919,1.852,19.458,2.019,1.065,2.259,3.06,10.719,2.487,1.056,1.183,3.829,4.689,5.411,1.394,1.632,3.7,4.536,2.276,1.245,1.743,5.81,3.075,0
0.601,4.638,2.285,2.596,16.418,1.609,0.888,2.001,3.394,8.416,2.042,1.17,1.148,3.879,3.607,5.488,1.327,1.496,3.606,3.734,2.28,1.254,1.672,5.681,2.98,0
0.788,5.094,2.016,5.217,18.52,1.075,0.961,1.377,3.915,4.47,1.232,1.515,1.307,3.397,3.673,5.1,1.252,1.672,3.754,2.601,2.237,1.123,1.429,5.043,2.855,0
1.493,3.965,2.338,7.033,33.724,1.167,1.027,1.382,4.459,5.498,1.164,1.655,1.578,3.416,6.827,4.451,1.416,2.323,5.059,2.819,2.26,0.941,1.356,4.615,2.984,0
1.967,3.34,2.417,7.237,40.305,1.407,1.012,1.672,4.821,7.157,1.402,1.622,1.867,4.198,8.294,4.012,1.547,2.59,5.879,3.136,2.31,0.893,1.416,4.597,3.08,1
2.915,2.689,2.184,6.604,40.044,1.97,0.936,2.439,5.604,8.908,1.934,1.385,2.55,6.765,8.455,2.966,1.77,2.668,6.706,3.377,2.439,0.944,1.595,4.904,3.104,1
3.221,2.463,2.01,5.816,24.846,2.332,0.84,2.947,6.174,7.217,2.162,0.991,2.676,8.247,5.546,2.342,1.941,2.323,6.119,3.107,2.489,1.135,1.674,5.57,2.867,1
2.994,2.314,2.091,5.539,18.916,2.508,0.836,3.012,6.277,6.058,2.149,0.826,2.437,7.969,3.99,2.355,2.007,2.176,5.655,3.021,2.481,1.234,1.695,6.061,2.789,1
2.247,2.057,2.352,5.062,21.388,3.288,1.054,2.937,5.958,6.167,2.091,0.755,1.811,6.201,2.371,2.738,1.925,2.034,4.997,3.36,2.492,1.369,1.826,7.173,3.044,1
1.984,1.865,2.151,4.31,34.44,4.624,1.429,3.081,5.493,9.212,2.166,0.94,1.553,4.98,2.229,2.953,1.378,1.834,4.369,4.218,2.569,1.419,2.015,7.686,3.681,1
2.143,1.656,1.869,4.045,38.741,5.276,1.501,3.51,5.914,10.442,2.362,0.991,1.603,4.879,2.19,2.886,1.01,1.666,3.86,4.556,2.597,1.442,2.068,7.518,3.928,1
2.845,1.292,1.441,7.695,34.118,6.002,1.307,5.116,9.158,10.556,3.206,0.848,1.81,5.596,2.002,2.564,0.531,1.446,2.812,4.561,2.661,1.597,2.096,7.025,4.168,1
3.44,1.313,1.475,12.904,27.065,6.039,1.183,5.947,11.374,9.45,3.658,0.707,1.862,6.283,1.865,2.39,0.528,1.479,2.542,4.268,2.767,1.756,2.13,7.149,4.264,1
5.016,1.737,1.895,26.196,13.484,5.736,1.268,6.569,13.617,6.375,4.041,0.596,2.276,7.802,1.859,2.143,0.889,1.798,2.88,3.8,3.18,2.125,2.323,8.37,4.568,1
6.475,2.065,2.275,30.5,8.779,5.368,1.766,5.444,10.892,4.256,3.736,0.979,3.656,8.975,3.015,2.159,1.36,2.04,3.99,4.221,3.726,2.365,2.654,9.945,5.03,1
7.98,3.171,3.028,27.488,9.723,5.502,2.205,4.746,8.634,3.894,3.637,1.414,4.591,9.257,3.988,2.356,1.609,2.059,4.523,4.727,3.989,2.424,2.87,10.482,5.315,1
18.004,13.004,9.466,21.45,18.256,7.482,4.203,5.001,6.525,4.872,4.197,2.702,5.943,9.083,5.861,3.296,2.427,2.2,5.325,5.957,4.364,2.48,3.363,10.726,5.94,1
27.146,22.269,15.492,24.012,27.382,9.203,5.794,6.116,7.094,5.985,4.746,3.383,6.009,8.627,6.41,3.916,3.004,2.414,5.619,6.517,4.394,2.47,3.539,10.437,6.148,1
45.21,40.553,26.842,40.72,48.427,11.456,8.429,8.374,8.747,7.41,5.425,4.094,4.979,7.108,6.482,4.713,3.936,2.904,5.961,7.068,4.022,2.265,3.451,9.397,5.923,1
46.992,41.836,26.617,50.442,56.873,9.552,8.036,7.921,7.643,6.348,4.928,3.63,3.686,5.445,5.898,4.193,3.77,2.87,5.681,6.388,3.364,1.818,2.881,8.468,4.953,1
40.191,34.748,21.635,46.365,51.977,7.39,6.77,6.652,6.27,5.393,4.375,3.111,3.426,4.914,5.589,3.566,3.283,2.619,5.395,5.696,3.112,1.602,2.602,8.174,4.464,1
22.365,16.285,10.203,27.869,31.97,3.242,4.153,4.061,3.582,4.404,3.149,2.091,3.751,4.665,4.789,2.554,2.214,2.116,5.286,4.438,2.807,1.355,2.279,7.484,3.758,1
15.737,7.727,7.885,15.049,19.964,2.462,3.583,3.841,2.796,6.216,2.241,1.654,4.489,5.43,3.986,2.463,1.861,1.951,5.756,3.916,2.524,1.425,2.069,6.238,3.225,1
18.761,9.011,11.215,15.437,22.052,3.573,4.074,4.534,3.256,8.022,1.995,1.606,4.609,5.943,3.816,2.54,1.96,1.89,5.721,3.758,2.373,1.59,1.906,5.538,2.968,1
33.458,19.938,23.113,26.783,40.618,7.234,6.735,6.176,5.629,11.769,2.086,1.562,3.899,6.423,4.11,2.392,2.259,1.554,4.531,3.185,2.054,1.983,1.448,4.177,2.469,1
43.297,28.81,29.754,35.734,54.493,9.005,9.064,6.798,7.214,12.927,2.43,1.496,3.203,6.198,4.396,2.193,2.295,1.32,3.598,2.814,1.843,2.058,1.201,3.447,2.209,0
60.436,44.913,38.487,51.57,76.404,10.494,13.757,7.082,9.388,12.348,3.108,1.199,1.885,4.914,4.368,1.854,1.906,0.949,1.997,2.162,1.271,1.731,0.769,1.914,1.61,0
62.085,46.714,36.07,53.532,79.666,8.782,13.98,6.054,8.632,10.288,2.839,0.832,1.276,3.262,3.188,1.808,1.16,0.811,1.373,1.773,0.707,1.022,0.49,0.824,1.016,0
54.54,40.809,30.469,47.673,73.798,7.255,11.842,5.192,7.31,10.172,2.362,0.733,1.169,2.551,2.487,1.845,0.844,0.771,1.331,1.662,0.516,0.713,0.407,0.554,0.789,0
30.412,21.326,15.786,26.752,51.485,4.608,6.63,3.467,4.485,11.748,1.32,0.808,0.948,1.496,1.581,1.842,0.585,0.618,1.395,1.578,0.334,0.397,0.297,0.344,0.513,0
15.093,9.573,5.547,11.569,34.137,3.363,4.719,2.21,2.745,11.67,1.087,1.155,0.657,1.031,1.627,1.788,0.751,0.413,1.417,1.676,0.311,0.358,0.232,0.291,0.424,0
13.739,8.666,3.854,8.892,30.822,3.09,4.866,1.766,2.384,11.501,1.55,1.292,0.566,1.043,2.527,1.789,0.889,0.344,1.381,2.019,0.328,0.366,0.217,0.297,0.477,0
13.66,8.764,3.264,6.678,38.951,2.54,4.616,1.124,2.203,22.365,3.544,1.216,0.5,1.311,14.209,1.767,1.05,0.328,1.255,4.967,0.353,0.365,0.213,0.348,1.403,0
12.02,7.684,2.982,5.449,49.612,2.242,3.849,0.942,2.208,35.94,4.821,1.095,0.489,1.444,26.808,1.699,1.029,0.358,1.179,7.839,0.34,0.348,0.222,0.378,2.472,0
7.276,5.564,2.407,4.462,78.318,2.067,2.516,1.174,2.762,66.064,7.109,1.335,0.449,1.593,54.209,1.457,0.841,0.407,1.004,13.714,0.285,0.306,0.245,0.424,4.994,0
4.818,6.586,2.28,6.656,84.186,2.242,2.954,1.956,3.855,68.121,7.858,2.291,0.405,1.575,58.628,1.188,0.654,0.405,0.89,14.289,0.256,0.286,0.247,0.437,5.682,0
4.72,7.749,2.312,8.009,71.342,2.256,3.571,2.29,4.294,55.149,7.39,2.644,0.389,1.5,48.867,1.071,0.619,0.405,0.914,11.981,0.257,0.288,0.241,0.432,4.929,0
5.164,7.91,2.368,8.601,35.308,1.946,4.161,2.417,4.618,21.567,5.104,2.391,0.382,1.203,20.878,0.865,0.675,0.457,1.058,5.624,0.256,0.301,0.236,0.398,2.417,0
5.765,6.928,2.53,8.979,22.36,1.719,3.887,2.226,4.525,10.157,3.702,1.853,0.393,1.013,10.382,0.792,0.742,0.52,1.12,3.252,0.246,0.312,0.246,0.372,1.386,0
9.569,4.641,4.004,14.377,20.429,1.403,2.678,1.658,4.193,3.111,1.658,0.743,0.438,0.725,2.251,0.797,0.878,0.722,1.149,1.338,0.23,0.349,0.295,0.328,0.504,0
16.247,4.055,6.261,23.743,30.533,1.351,1.742,1.233,3.866,3.755,1.383,0.298,0.529,0.736,1.88,0.914,0.951,0.912,1.053,1.225,0.241,0.393,0.345,0.32,0.464,0
18.893,4.205,6.881,26.299,33.167,1.325,1.509,1.134,3.874,4.037,1.616,0.292,0.587,0.832,2.323,0.927,0.939,0.935,1.014,1.308,0.248,0.41,0.355,0.335,0.529,0
19.171,4.238,6.283,23.457,31.976,1.144,1.199,1.109,5.885,3.91,1.841,0.419,0.705,1.152,3.357,0.84,0.826,0.778,1.253,1.545,0.268,0.448,0.347,0.428,0.74,0
14.989,4.262,5.33,20.153,21.938,0.965,0.885,1.25,10.816,2.943,1.508,0.58,0.793,1.56,3.517,0.834,0.704,0.496,1.959,1.707,0.323,0.502,0.367,0.669,0.958,0
13.534,4.768,5.462,21.545,16.782,0.982,0.809,1.357,13.022,2.44,1.339,0.647,0.809,1.74,3.131,0.94,0.672,0.393,2.291,1.724,0.36,0.525,0.406,0.847,1.052,0
14.797,7.316,6.21,27.997,11.012,1.382,1.469,1.664,13.403,2.196,1.412,0.892,0.752,1.842,1.891,1.362,0.858,0.352,2.455,1.636,0.406,0.592,0.492,1.191,1.17,0
17.631,8.685,6.094,29.756,10.697,1.877,2.602,1.895,11.436,2.834,1.659,1.114,0.692,1.855,1.383,1.614,1.193,0.388,2.269,1.541,0.406,0.703,0.502,1.276,1.18,0
32.303,9.22,5.092,27.723,15.048,3.949,6.408,2.374,6.248,6.144,2.271,1.568,0.567,2.147,1.024,1.966,2.242,0.481,1.75,1.303,0.393,1.145,0.423,1.174,1.115,0
57.212,7.193,5.13,22.21,24.18,6.675,9.659,2.725,3.416,9.988,2.84,1.679,0.507,2.657,1.397,1.938,2.835,0.545,1.472,1.194,0.415,1.521,0.302,0.881,1.043,0
64.813,5.939,5.718,20.011,27.873,7.484,9.93,2.835,2.984,10.693,3.056,1.574,0.503,2.753,1.753,1.812,2.655,0.56,1.407,1.253,0.427,1.51,0.262,0.757,1.031,0
59.957,3.592,6.418,15.569,30.972,7.329,7.535,2.757,2.427,8.595,3.137,1.185,0.455,2.488,2.399,1.509,1.627,0.545,1.238,1.49,0.401,1.092,0.245,0.613,1.015,0
49.757,2.611,6.112,12.06,30.726,6.848,5.654,2.487,2.119,6.473,2.921,0.994,0.392,2.31,2.493,1.368,1.131,0.515,1.123,1.548,0.366,0.832,0.265,0.569,0.985,0
30.313,1.236,4.753,6.58,28.586,6.405,2.702,1.565,2.029,2.892,2.038,0.772,0.288,2.154,2.019,1.074,0.734,0.423,0.884,1.387,0.318,0.534,0.346,0.493,0.889,0
20.742,1.371,3.607,4.447,23.007,6.146,1.49,0.715,2.875,1.746,1.145,0.716,0.513,2.064,1.155,0.793,0.875,0.367,0.832,1.154,0.4,0.493,0.424,0.499,0.852,0
17.395,3.08,3.315,5.577,18.042,5.574,1.562,0.557,3.397,1.867,0.995,1.057,0.821,2.07,0.884,0.783,1.115,0.419,1.127,1.258,0.573,0.497,0.47,0.592,0.953,0
7.912,14.152,3.052,8.658,8.486,3.628,3.969,0.842,4.48,2.557,1.488,3.292,1.656,2.699,1.04,1.202,2.498,0.754,2.703,2.078,1.34,0.576,0.738,1.279,1.652,0
3.837,33.987,2.858,17.04,8.305,2.156,9.787,1.249,7.437,3.217,2.337,6.975,2.082,4.662,1.978,1.923,5.296,1.23,4.911,3.098,2.31,0.784,1.297,3.172,2.84,0
3.497,41.788,2.705,25.757,12.448,1.795,12.827,1.285,10.014,4.467,2.591,8.37,1.969,5.813,2.768,2.201,6.683,1.416,5.787,3.45,2.629,0.899,1.587,4.664,3.43,0
3.057,42.59,2.276,43.68,56.665,1.366,15.285,1.27,14.697,19.544,2.655,8.364,1.461,7.05,10.385,2.353,7.782,1.574,6.549,4.827,2.826,1.022,1.972,8.126,4.79,2
3.032,35.896,2.086,48.01,109.13,1.242,14.165,1.459,15.306,36.603,2.596,7.067,1.295,6.734,19.581,2.258,7.323,1.559,6.509,6.491,2.847,1.023,2.068,9.593,5.85,2
4.165,22.183,1.963,41.09,239.484,1.135,9.743,2.328,12.3,76.715,2.5,4.262,1.233,4.545,42.586,1.938,5.576,1.408,5.972,10.97,2.99,1.115,2.173,10.891,8.445,2
6.699,19.913,2.202,27.688,285.029,1.088,6.591,2.904,8.573,87.733,2.21,3.322,1.036,2.859,50.212,1.587,4.467,1.183,5.393,12.51,2.886,1.478,2.115,10.217,9.334,2
7.926,20.972,2.375,32.341,251.769,1.067,5.839,2.741,9.837,75.745,1.92,3.334,0.804,3.829,43.949,1.413,4.195,1.097,5.598,11.163,2.575,1.679,1.969,9.648,8.486,2
9.425,20.869,2.647,73.595,124.198,1.006,4.577,1.819,21.273,35.319,1.358,3.146,0.424,10.122,21.23,1.122,3.441,1.101,7.637,6.232,1.747,1.864,1.583,9.055,5.229,2
8.994,19.585,2.739,96.962,68.378,0.951,3.759,1.412,28.355,18.41,1.221,2.794,0.414,13.724,11.517,1.059,2.857,1.227,9.013,4.061,1.473,1.81,1.503,9.303,3.749,2
7.663,16.758,2.737,105.343,17.871,0.96,2.438,1.156,33.565,3.366,1.21,1.914,0.721,15.901,2.88,1.274,1.784,1.816,10.549,2.035,1.459,1.541,1.799,11.006,2.484,2
7.396,15.059,2.815,64.283,11.219,1.242,2.62,1.314,22.878,1.661,1.206,1.457,1.069,9.989,1.839,1.876,1.426,2.601,9.361,1.883,1.835,1.385,2.425,12.863,2.873,2
7.192,12.142,3.313,25.184,11.069,1.509,3.481,1.406,10.505,2.311,1.017,1.332,1.2,3.531,1.998,2.319,1.444,2.79,6.939,2.183,2.045,1.419,2.817,12.735,3.63,2
6.467,10.053,3.756,20.568,12.214,1.502,3.672,1.401,8.508,3.205,0.876,1.241,1.2,2.321,2.188,2.323,1.357,2.523,5.971,2.337,2.032,1.444,2.823,11.843,3.958,2
4.145,7.128,4.671,32.932,14.852,1.151,3.385,1.255,10.934,4.973,0.663,1.017,1.129,2.661,2.201,1.98,0.966,1.636,5.132,2.303,1.86,1.387,2.518,9.616,4.222,2
3.05,6.302,4.86,39.285,15.481,0.92,3.067,1.103,12.493,5.379,0.651,0.921,1.061,2.9,2.043,1.786,0.786,1.281,5.307,2.121,1.744,1.298,2.312,8.798,4.106,2
2.443,4.208,4.3,46.341,15.351,0.954,2.455,0.804,13.499,5.475,0.826,0.798,0.882,2.989,1.902,1.607,0.687,1.078,6.538,1.711,1.551,1.109,2.087,8.123,3.613,2
3.715,2.066,3.264,42.993,16.61,2.332,1.848,0.797,12.949,6.826,1.059,0.651,0.733,3.024,2.12,1.607,0.834,1.198,7.244,1.629,1.466,1.033,2.179,8.054,3.267,2
4.437,1.367,2.921,38.006,17.844,3.342,1.512,0.887,12.305,8.15,1.122,0.532,0.685,3.049,2.192,1.593,0.914,1.22,7.137,1.761,1.463,1.021,2.254,8.168,3.242,2
4.583,0.969,2.498,25.409,18.073,4.624,0.879,1.058,9.679,9.889,1.115,0.354,0.663,3.141,2.091,1.469,1.01,1.19,6.877,2.113,1.59,0.939,2.349,9.328,3.452,2
2.996,0.874,1.799,12.34,13.735,3.766,0.636,1.281,6.026,8.547,1.08,0.415,0.682,3.623,2.235,1.321,1.05,1.136,7.139,2.215,1.935,0.779,2.581,11.885,3.934,2
2.445,0.848,1.385,8.049,11.133,2.867,0.694,1.508,4.725,7.247,1.092,0.493,0.713,4.029,2.44,1.28,1.043,1.113,7.161,2.157,2.106,0.699,2.789,13.16,4.231,2
2.857,0.893,0.885,4.983,9.107,1.662,0.918,2.129,3.826,5.248,1.13,0.628,0.943,4.413,2.61,1.314,0.965,1.076,6.131,2.042,2.174,0.592,3.143,14.129,4.675,2
3.859,1.069,0.977,4.881,10.604,1.866,1.024,2.55,4.576,4.559,1.116,0.772,1.417,3.67,2.174,1.578,0.842,1.129,4.732,2.292,1.847,0.574,3.086,13.063,4.626,2
3.997,1.21,1.115,4.985,11.548,2.154,1.005,2.56,5.366,4.459,1.126,0.867,1.66,3.15,1.913,1.783,0.766,1.223,4.741,2.549,1.664,0.586,2.932,12.546,4.459,2
3.778,1.875,1.35,5.649,13.018,2.372,0.954,2.236,7.174,4.239,1.239,1.038,1.993,2.698,1.701,2.153,0.592,1.571,6.766,3.04,1.513,0.637,2.624,12.515,4.071,2
3.594,2.368,1.417,6.294,13.398,2.235,0.993,1.993,7.85,4.048,1.266,1.053,2.054,2.789,1.659,2.226,0.508,1.782,8.186,3.149,1.543,0.687,2.511,12.733,3.886,2
3.496,2.948,1.413,8.06,13.42,1.957,1.261,1.6,8.262,3.628,1.186,0.928,1.957,2.919,1.408,2.114,0.385,2.084,9.997,3.233,1.675,0.835,2.349,12.803,3.596,2
3.64,2.502,1.247,9.967,11.762,2.409,1.563,1.439,7.416,3.87,1.112,0.774,1.578,3.051,1.251,1.895,0.347,2.153,10.617,3.546,1.871,0.956,2.377,12.842,3.629,2
3.731,1.947,1.204,10.858,10.289,2.816,1.597,1.392,6.627,4.293,1.101,0.712,1.34,3.498,1.415,1.801,0.352,2.201,11.169,3.771,1.977,0.972,2.488,12.96,3.759,2
3.891,0.957,1.507,13.365,6.833,3.285,1.343,1.237,4.906,4.75,1.117,0.67,1,5.498,2.174,1.612,0.387,2.499,12.655,3.932,2.006,0.92,2.7,12.464,3.844,2
4.023,1.143,2.311,17.34,4.382,3.094,0.968,1.022,4.026,3.703,1.353,0.951,0.946,7.924,3.009,1.433,0.48,2.747,12.002,3.411,1.63,0.86,2.457,9.589,3.168,2
4.366,1.937,2.694,19.338,3.855,2.913,0.87,0.954,4.067,2.896,1.572,1.201,0.934,8.592,3.317,1.368,0.569,2.648,10.285,2.989,1.365,0.866,2.115,7.42,2.588,0
5.946,3.878,2.88,21.433,5.412,2.586,0.916,1.043,4.516,1.895,1.932,1.497,0.867,7.927,3.494,1.376,0.843,1.961,5.845,2.141,1.044,0.98,1.288,3.557,1.566,0
6.919,4.54,2.701,21.014,7.271,2.438,1.021,1.241,4.549,1.916,1.964,1.395,0.904,6.792,3.374,1.453,1,1.536,4.239,1.812,1.065,1.089,0.95,2.493,1.32,0
7.542,4.339,2.214,17.083,10.754,2.123,1.185,1.845,4.176,2.381,1.811,0.825,1.136,4.189,2.886,1.672,1.21,0.883,3.11,1.436,1.298,1.331,0.565,2.077,1.303,0
5.76,3.238,1.809,11.349,11.181,1.975,1.188,2.247,3.595,2.463,1.901,0.373,1.488,2.506,2.503,2.016,1.151,0.629,3.066,1.584,1.334,1.402,0.429,2.303,1.323,1
4.759,3.003,1.618,8.852,10.435,1.971,1.2,2.177,3.284,2.305,2.128,0.305,1.769,2.107,2.494,2.224,1.05,0.617,2.82,1.812,1.219,1.343,0.402,2.251,1.228,1
4.004,3.316,1.39,5.433,8.688,1.939,1.35,1.681,2.638,2.204,2.569,0.401,2.513,1.653,2.797,2.667,0.931,0.685,1.859,2.388,0.934,1.187,0.403,2.043,0.998,1
4.04,3.182,1.556,4.28,7.391,1.747,1.383,1.477,2.323,3.007,2.369,0.731,2.877,1.316,2.84,2.921,1.041,0.681,1.113,2.783,0.81,1.214,0.48,2.234,0.954,1
3.736,2.707,1.767,4.173,6.613,1.589,1.251,1.543,2.325,3.566,2.038,0.969,2.671,1.248,2.565,2.856,1.113,0.623,0.994,2.796,0.792,1.3,0.525,2.43,0.966,1
2.63,1.444,2.476,4.381,4.617,1.585,0.87,1.714,2.145,4.114,1.414,1.418,1.671,1.335,1.853,2.312,1.104,0.494,0.924,2.484,0.733,1.418,0.553,2.523,0.891,1
2.381,0.935,2.927,4.582,3.817,1.944,0.758,1.753,1.886,3.997,1.31,1.525,1.204,1.437,1.752,1.945,1.011,0.488,0.839,2.298,0.709,1.383,0.527,2.34,0.812,1
3.079,0.448,3.495,5.213,3.686,3.411,0.785,1.939,1.37,3.907,1.401,1.373,0.967,1.665,2.335,1.325,0.789,0.659,0.63,2.402,0.733,1.187,0.444,1.81,0.703,1
4.041,0.407,2.885,5.765,5.673,5.307,0.853,2.804,1.309,5.644,1.301,0.888,1.316,1.849,4.399,1.107,0.692,0.868,0.564,4.195,0.788,1.024,0.408,1.475,0.758,1
4.341,0.468,2.293,5.66,7.636,6.038,0.88,3.504,1.52,7.157,1.158,0.678,1.415,1.991,5.979,1.194,0.682,0.907,0.632,5.726,0.775,0.977,0.413,1.373,0.828,1
5.184,0.784,1.701,6.856,12.545,6.55,1.181,4.731,3.029,9.543,0.981,0.619,1.455,2.961,8.645,1.603,0.656,0.843,1.176,8.24,0.708,0.862,0.474,1.22,1.005,0
6.363,1.223,2.061,10.82,15.525,6.424,1.562,4.9,4.592,10.054,1.036,0.778,1.588,4.047,8.978,1.81,0.637,0.797,1.81,8.41,0.734,0.777,0.55,1.268,1.134,0
10.741,3.195,3.852,26.809,21.957,5.879,2.629,4.011,8.198,10.284,1.398,1.16,2.39,6.858,7.483,2.182,0.66,0.868,3.624,6.346,1.057,0.66,0.783,1.839,1.49,0
14.008,5.457,5.128,39.055,25.275,4.945,3.224,2.47,9.089,10,1.822,1.172,3.384,8.327,5.264,3.091,0.814,1.233,4.716,3.608,1.809,0.844,0.974,2.68,1.887,0
13.765,5.967,5.025,38.074,24.376,4.263,3.074,1.953,8.05,9.295,2.004,1.025,3.603,7.983,4.722,3.785,0.904,1.43,4.522,2.919,2.306,1.041,1.003,2.907,2.046,0
10.523,5.464,3.801,23.812,17.923,2.606,2.045,1.603,4.667,6.385,2.252,0.731,3.218,5.573,4.422,4.794,1.012,1.566,2.978,2.739,3.144,1.362,0.948,2.7,2.18,0
8.317,5.147,3.22,8.681,10.397,1.449,0.934,1.738,2.393,3.566,2.377,0.716,2.222,2.942,3.718,4.263,1.07,1.261,1.521,2.5,3.149,1.256,0.842,2.053,1.99,0
8.735,5.731,3.532,5.031,8.475,1.324,0.633,1.876,2.002,3.201,2.385,0.78,1.737,2.1,3.242,3.531,1.115,1.056,1.299,2.177,2.775,1.047,0.793,1.8,1.81,0
11.504,7.524,4.38,3.747,9.882,1.495,0.526,2.199,1.672,3.747,2.194,0.858,1.174,1.31,2.659,2.176,1.194,0.863,1.783,1.615,1.707,0.58,0.714,1.622,1.471,0
12.607,7.948,4.385,4.175,12.064,1.491,0.599,2.313,1.525,3.838,2,0.932,1.135,1.205,2.616,1.816,1.164,0.887,2.184,1.514,1.265,0.43,0.701,1.683,1.388,0
11.499,8.285,3.324,5.167,15.405,1.111,1.362,2.287,1.515,3.124,1.763,2.116,1.319,1.312,2.761,1.633,0.97,0.981,2.669,1.585,0.901,0.382,0.787,2.056,1.431,0
7.739,12.003,1.923,5.45,14.716,0.659,3.429,1.914,2.013,2.325,1.93,4.967,1.402,1.409,2.823,1.717,0.891,0.896,2.367,1.66,1.026,0.537,0.972,2.535,1.614,0
5.894,14.91,1.505,5.173,12.913,0.597,4.477,1.659,2.32,2.35,2.073,6.347,1.344,1.41,2.824,1.745,0.943,0.787,2.021,1.626,1.142,0.633,1.048,2.726,1.724,0
3.553,19.595,1.268,3.856,8.699,0.841,5.583,1.261,2.614,3.086,2.162,7.494,1.245,1.571,2.895,1.634,1.187,0.6,1.456,1.581,1.278,0.815,1.065,2.936,1.902,0
2.815,20.967,1.281,3.176,6.995,1.084,5.833,1.183,2.49,3.505,2.094,7.209,1.28,1.789,2.925,1.501,1.365,0.561,1.324,1.655,1.267,0.911,1.011,2.971,1.922,0
1.618,21.995,1.418,2.296,4.399,1.709,6.43,1.536,1.95,3.919,1.946,5.921,1.467,2.32,2.654,1.249,1.881,0.566,1.262,1.926,1.186,1.125,0.891,3.02,1.792,0
1.194,23.674,1.722,2.022,2.737,2.182,6.904,2.527,1.636,3.63,1.874,5.017,1.484,2.484,1.935,1.157,2.653,0.588,1.352,2.034,1.203,1.274,0.887,3.084,1.608,0
1.377,24.563,1.867,2.005,2.122,2.197,6.629,3.047,1.613,3.26,1.79,4.807,1.368,2.313,1.568,1.13,3.038,0.592,1.411,1.995,1.264,1.282,0.926,3.08,1.571,0
2.002,24.566,1.951,2.771,1.376,1.735,5.323,3.516,1.773,2.412,1.458,4.627,1.179,1.871,1.105,1.079,3.474,0.661,1.496,1.935,1.453,1.192,1.025,3.009,1.635,0
2.236,23.566,1.848,4.024,1.291,1.37,4.985,3.354,2.118,2.096,1.251,4.565,1.277,1.799,1.005,1.102,3.451,0.778,1.581,1.989,1.575,1.14,1.088,3.036,1.719,0
2.729,19.919,1.572,8.351,1.262,0.914,5.249,2.572,4.23,2.065,0.891,3.973,1.868,1.835,0.857,1.328,2.972,1.208,2.169,2.199,1.867,1.103,1.298,3.444,1.945,0
3.701,14.303,1.991,13.264,1.696,1.18,4.752,1.829,8.568,2.895,0.719,2.502,2.233,1.855,0.777,1.559,2.183,1.608,3.429,2.288,2.089,1.104,1.571,4.273,2.18,0
4.252,11.171,2.543,14.768,2.025,1.47,3.87,1.565,10.66,3.378,0.717,1.77,2.077,1.837,0.834,1.548,1.796,1.663,4.045,2.267,2.077,1.077,1.648,4.632,2.223,0
4.89,5.135,3.626,14.753,3.508,1.871,1.813,1.198,11.845,4.006,0.79,0.886,1.271,1.811,1.329,1.244,1.162,1.436,4.477,2.147,1.731,0.931,1.559,4.776,2.026,0
4.755,1.523,3.862,11.834,7.304,1.85,0.72,1.129,8.364,4.414,0.826,0.719,0.51,1.751,2.481,0.896,0.745,1.107,3.901,1.994,1.294,0.758,1.357,4.526,1.794,0
4.446,1.139,3.588,10.151,9.83,1.813,0.693,1.267,6.051,4.666,0.803,0.867,0.316,1.71,3.121,0.845,0.661,1.082,3.598,1.955,1.255,0.725,1.369,4.667,1.934,0
3.834,5.313,2.559,7.856,12.772,2.009,2.351,1.762,3.114,5.016,0.764,1.774,0.345,1.749,3.764,1.067,0.786,1.321,3.365,2.085,1.661,0.893,1.653,5.663,2.832,0
3.835,11.948,1.981,7.536,12.271,2.282,4.669,2.006,2.762,4.953,0.824,2.723,0.541,1.857,3.645,1.282,0.993,1.458,3.335,2.218,1.977,1.095,1.804,6.168,3.349,0
4.704,30.957,1.025,7.468,8.072,2.828,11.391,2.359,3.239,4.268,1.126,5.25,1.107,2.035,2.907,1.702,1.51,1.525,3.109,2.403,2.342,1.538,1.832,6.209,3.733,0
5.531,40.828,0.594,7.135,4.156,2.816,14.913,2.495,3.726,3.365,1.56,6.642,1.408,1.805,2.454,1.893,1.697,1.43,2.898,2.224,2.186,1.687,1.582,5.285,3.173,0
5.449,37.645,0.612,6.945,3.555,2.546,13.736,2.481,3.785,3.013,1.977,6.31,1.365,1.64,2.556,1.884,1.597,1.439,2.964,1.996,2.051,1.616,1.5,5.041,2.845,0
4.717,20.103,1.043,7.18,4.847,1.851,7.365,2.581,3.472,2.617,3.862,4.2,1.194,1.606,3.441,1.766,1.243,1.589,3.368,1.568,2.016,1.401,1.621,5.746,2.669,0
4.457,11.371,1.434,7.72,6.094,1.619,4.246,2.813,3.276,2.534,5.33,3.087,1.242,1.714,4.124,1.723,1.103,1.638,3.566,1.493,2.163,1.364,1.797,6.568,2.857,0
4.713,3.019,3.226,10.482,8.754,1.706,1.561,3.486,3.257,2.48,8.573,1.764,1.556,1.878,5.838,1.853,0.94,1.513,3.683,1.677,2.649,1.508,2.155,8.121,3.465,0
6.381,2.831,7.296,15.069,10.534,2.666,2.037,3.605,3.372,3.024,10.391,1.193,1.563,1.694,7.669,2.323,0.817,1.267,3.52,2.113,3.051,1.675,2.228,8.443,3.811,1
8.107,3.915,10.368,17.179,10.93,3.385,2.321,3.239,3.352,3.504,10.358,1.01,1.361,1.554,8.479,2.602,0.785,1.221,3.618,2.364,3.102,1.661,2.11,8.008,3.715,1
15.666,10.269,18.044,22.656,12.027,5.05,2.687,2.01,3.45,4.21,9.125,1.275,1.013,1.586,9.545,2.876,0.944,1.311,4.605,2.789,2.806,1.408,1.665,6.304,2.953,1
28.692,22.064,24.218,31.085,15.927,6.496,2.9,1.288,3.898,4.213,7.934,2.433,1.13,2.021,9.52,2.673,1.321,1.379,6.077,3.076,2.126,1.047,1.182,4.359,1.991,1
34.174,27.143,24.785,34.685,18.381,6.814,3.01,1.334,4.07,4.084,7.486,3.121,1.274,2.188,8.939,2.506,1.46,1.347,6.518,3.156,1.781,0.926,1.003,3.601,1.713,1
35.607,28.334,20.12,35.13,20.028,6.5,3.142,1.933,4.054,4.049,6.24,4.108,1.544,2.143,6.924,2.297,1.457,1.267,6.195,3.207,1.41,0.937,0.879,2.886,1.766,0
31.159,24.011,16.232,31.849,18.198,6.106,3.097,2.294,4.214,4.18,5.337,4.283,1.699,1.949,5.901,2.266,1.365,1.285,5.58,3.218,1.445,1.061,0.944,2.979,2.004,0
18.414,12.056,9.664,27.348,11.23,5.058,2.75,2.626,6.497,4.066,3.393,4.101,2.199,1.774,4.376,2.21,1.26,1.445,4.651,3.243,1.829,1.387,1.237,3.937,2.538,0
10.459,4.975,6.675,39.969,6.19,3.671,2.192,2.463,10.474,3.282,2.282,3.557,2.782,3.344,3.608,2.164,1.377,1.617,5.265,3.165,2.178,1.512,1.467,5.195,2.784,0
8.872,4.687,5.814,50.829,5.519,2.885,2.481,2.299,11.586,2.98,2.109,3.6,2.905,5.165,3.42,2.227,1.528,1.699,6.122,3.069,2.24,1.489,1.496,5.676,2.803,0
6.554,6.097,4.09,61.486,6.519,1.851,12.44,2.122,10.339,3.866,2.308,7.936,2.662,9.631,3.299,2.67,3.068,2.014,8.375,2.793,2.426,2.021,1.565,6.446,3.045,0
5.425,7.999,3.504,55.374,8.032,1.911,24.763,2.175,8.493,5.214,2.544,12.827,2.449,11.211,3.446,2.999,5.068,2.229,9.43,2.655,2.698,2.847,1.694,6.939,3.385,0
4.04,15.231,3.405,31.012,11.782,3.031,55.439,2.536,5.476,8.734,2.878,23.398,2.25,11.367,4.044,3.565,10.696,2.477,10.374,2.623,3.405,4.987,2.037,8.062,4.123,0
4.1,22.476,3.637,11.329,12.561,3.875,65.511,2.81,4.593,10.358,2.532,24.239,2.337,8.104,4.22,3.676,14.139,2.249,8.925,3.048,3.463,5.713,2.018,7.974,3.892,0
5.006,24.564,3.518,7.474,11.409,3.89,57.654,2.851,4.314,9.777,2.238,20.231,2.342,6.066,3.861,3.555,14.319,2.017,7.412,3.372,3.116,5.256,1.8,7.059,3.314,0
8.558,27.181,2.689,7.256,8.622,3.727,29.977,2.824,3.362,6.79,2.104,10.962,2.083,3.025,2.548,3.171,13.298,1.585,4.167,3.929,2.221,3.865,1.231,4.166,2,0
11.58,30.021,1.561,8.895,9.571,4.287,11.58,2.725,2.933,4.13,2.603,7.315,1.527,2.12,1.665,2.902,12.163,1.355,2.347,4.061,2.051,3.321,0.989,1.897,1.591,0
11.768,32.154,1.175,8.926,11.474,4.885,8.958,2.875,3.294,3.571,3.044,7.055,1.206,2.174,1.854,2.806,11.217,1.294,1.981,3.934,2.313,3.293,1.055,1.409,1.769,0
10.851,38.45,1.059,7.049,15.352,6.462,9.573,4.185,5.806,4.516,4.165,6.786,0.895,2.424,3.184,2.607,7.898,1.233,1.628,3.339,2.988,2.914,1.341,1.4,2.283,0
11.295,40.064,1.218,6.033,16.535,7.503,10.52,5.247,7.812,5.992,4.74,6.711,1.072,2.419,3.788,2.516,6.024,1.239,1.512,2.909,3.239,2.537,1.461,1.628,2.458,0
14.42,42.758,1.507,5.325,16.503,9.606,11.324,6.669,11.132,9.423,5.539,6.4,1.845,2.25,4.043,2.324,3.615,1.249,1.381,1.935,3.427,1.874,1.494,2.125,2.527,0
15.1,38.342,2.226,5.667,13.291,9.855,9.734,5.613,10.659,10.667,5.664,5.157,2.245,2.099,4.096,2.05,3.113,1.175,1.366,1.27,3.07,1.67,1.216,2.299,2.18,0
13.528,34.746,3.193,5.898,11.681,8.838,8.735,4.527,8.952,9.906,5.683,4.32,2.317,2.072,4.747,1.895,3.117,1.109,1.337,1.196,2.672,1.673,1.005,2.167,1.871,0
9.332,30.246,5.807,7.104,10.063,5.392,7.875,2.805,4.957,6.608,5.84,3.249,2.688,2.036,6.926,1.647,3.104,1.004,1.146,1.433,1.647,1.617,0.604,1.569,1.168,0
7.17,26.535,7.077,7.914,8.838,2.554,7.368,2.353,2.665,3.883,5.283,3.49,3.128,1.882,7.577,1.649,2.542,1.054,1.172,1.668,0.814,1.263,0.393,0.991,0.661,0
6.638,21.659,6.572,7.4,7.648,2.001,6.448,2.494,2.305,3.435,4.686,3.997,3.149,1.755,6.838,1.748,2.08,1.157,1.434,1.71,0.624,1.015,0.409,0.866,0.577,0
4.941,8.763,4.165,4.733,4.247,2.305,3.821,3.121,2.431,3.789,3.645,5.048,2.669,1.477,4.45,1.922,1.269,1.421,2.275,1.76,0.632,0.656,0.661,0.978,0.71,0
3.792,5.036,3.084,3.341,2.835,2.745,2.808,3.4,2.68,4.078,3.307,5.189,2.323,1.364,3.409,1.931,1.039,1.516,2.643,1.82,0.714,0.608,0.816,1.13,0.852,0
2.474,5.111,2.633,2.201,2.586,3.431,2.061,3.42,3.239,4.268,2.779,4.28,1.842,1.28,2.32,1.82,0.823,1.561,2.88,2.004,0.856,0.68,0.968,1.368,1.117,0
3.374,7.282,4.55,2.841,5.641,3.411,2.037,2.544,3.329,3.599,2.045,2.75,1.58,1.343,1.751,1.867,0.807,1.758,3.035,2.281,1.004,0.841,0.888,1.547,1.4,0
4.697,7.322,5.978,3.44,7.991,3.453,2.119,1.955,3.142,3.093,1.823,2.327,1.532,1.605,1.546,2.062,0.918,2.017,3.67,2.455,1.149,0.963,0.875,1.852,1.645,0
9.666,7.166,8.346,4.428,13.596,4.493,3.935,1.143,2.845,2.275,2.359,2.583,1.859,2.816,1.652,2.759,1.433,2.545,6.768,2.806,1.574,1.232,1.083,3.215,2.319,0
17.505,14.113,9.317,9.489,17.67,6.748,9.247,1.508,5.313,2.597,3.643,3.77,2.535,4.365,2.123,3.473,2.355,2.568,10.604,3.188,1.911,1.333,1.416,4.992,2.904,0
20.495,21.177,9.456,16.44,17.599,7.999,12.427,2.114,8.573,3.382,4.098,4.319,2.782,5.071,2.286,3.687,2.864,2.376,11.616,3.43,1.991,1.282,1.516,5.788,3.126,0
20.423,36.871,9.354,35.792,13.721,9.416,16.57,3.409,16.698,5.158,4.129,4.82,2.911,6.331,2.369,3.584,3.502,1.874,10.653,3.776,2.079,1.107,1.604,7.203,3.567,0
17.043,41.713,8.797,42.785,10.93,9.128,16.545,3.753,19.168,5.446,3.767,4.887,2.871,6.844,2.323,3.268,3.489,1.672,9.218,3.729,2.132,1.073,1.687,7.99,3.807,0
8.325,38.231,6.381,41.733,5.418,6.674,12.746,3.583,17.018,4.189,2.995,4.996,2.805,7.045,2.408,2.539,2.839,1.459,7.369,3.224,2.301,1.208,2.081,10.117,4.162,0
3.312,24.192,3.262,26.312,2.571,3.703,8.273,2.685,9.018,2.342,2.769,4.97,2.602,5.78,3.194,2.602,1.936,1.508,8.714,2.808,3.102,1.478,2.688,12.88,4.335,2
2.642,18.718,2.137,19.079,2.451,2.744,7.405,2.183,5.644,1.968,2.786,4.664,2.366,4.961,3.828,3.01,1.682,1.59,9.775,2.778,3.895,1.609,2.943,14.088,4.455,2
2.997,17.961,1.556,13.874,4.564,2.086,8.54,1.312,3.583,2.215,2.964,3.594,1.808,5.413,5.237,3.831,1.659,1.655,10.345,2.899,5.576,1.76,3.091,15.396,4.908,2
4.225,25.155,1.938,15.034,7.147,1.703,9.959,0.857,6.201,2.193,3.927,3.095,1.403,9.297,6.309,3.729,1.767,1.425,8.807,2.949,5.842,1.668,2.758,15.34,5.542,2
4.822,26.717,1.904,15.186,7.579,1.382,9.476,0.877,8.407,1.97,4.801,3.134,1.27,11.177,6.616,3.344,1.703,1.266,7.963,2.966,5.296,1.541,2.584,15.255,5.888,2
5.21,19.759,1.916,13.897,6.474,0.944,6.326,1.439,12.855,1.919,6.334,3.09,1.077,11.831,6.62,2.583,1.329,1.14,7.355,3.173,3.794,1.222,2.524,15.525,6.403,2
4.157,7.906,2.49,14.702,4.443,1.148,3.441,2.639,14.192,2.71,5.779,2.44,1.087,8.589,5.631,2.39,1.007,1.37,8.568,3.54,2.827,0.959,2.583,15.06,6.056,2
3.283,4.034,2.711,16.346,3.651,1.369,2.834,3.31,13.29,3.065,4.606,2.016,1.205,6.667,4.818,2.45,0.963,1.525,9.652,3.695,2.549,0.867,2.466,14.1,5.523,2
1.583,1.906,2.315,19.24,2.645,1.839,2.358,4.01,11.819,3.039,1.899,1.212,1.449,3.813,3.136,2.501,0.996,1.641,12.202,3.701,2.162,0.747,2.041,12.199,4.543,2
1.34,1.614,1.826,20.085,2.429,2.136,2.009,3.797,12.82,2.725,0.999,0.882,1.448,2.971,2.487,2.414,1.004,1.568,13.404,3.502,2.084,0.707,1.949,12.252,4.446,2
3.394,1.188,0.956,22.281,3.398,2.867,1.349,2.67,17.884,1.96,0.457,0.411,1.151,2.363,1.647,1.969,0.962,1.341,14.4,2.828,2.122,0.643,2.214,14.31,4.85,2
8.148,1.055,0.991,26.493,6.461,3.476,1.252,2.057,20.566,1.687,0.728,0.27,0.764,3.268,1.142,1.365,0.837,1.315,12.588,2.298,2.138,0.579,2.563,15.345,4.841,2
10.429,1.032,1.204,28.251,8.068,3.668,1.268,2.182,19.096,2.139,0.953,0.3,0.672,3.841,1.023,1.154,0.748,1.422,11.098,2.303,2.076,0.557,2.568,14.575,4.482,2
11.943,1.464,1.568,28.327,8.939,3.927,1.142,2.62,12.936,4.356,1.36,0.551,0.764,4.099,1.138,1.149,0.623,1.724,8.664,2.807,1.877,0.557,2.355,12.366,3.707,2
11.009,3.287,1.77,27.612,8.25,4.019,1.364,2.607,10.996,5.735,1.503,0.902,0.929,3.74,1.481,1.323,0.717,1.822,8.016,3.109,1.777,0.59,2.293,12.029,3.618,2
8.576,16.102,2.515,40.236,6.829,4.157,3.772,2.144,13.826,7.766,1.87,2.321,1.314,3.416,3.111,1.717,1.527,1.74,7.428,3.357,1.581,0.772,2.372,12.753,4.047,2
7.449,34.932,3.437,64.078,6.933,4.147,7.688,1.792,20.258,8.129,2.79,3.831,1.476,4.35,6.294,1.906,2.676,1.382,6.51,3.128,1.32,1.054,2.283,11.65,4.2,0
7.366,40.301,3.72,70.335,7.448,4.038,8.777,2.097,20.229,7.11,4.373,3.822,1.42,5.096,10.332,1.958,2.851,1.049,4.758,2.993,1.02,1.192,1.686,7.256,3.323,0
6.689,33.856,4.082,56.615,8.08,4.012,7.547,2.57,17.447,6.19,5.038,3.155,1.472,4.975,11.768,1.991,2.437,0.937,3.788,3.101,0.892,1.149,1.3,4.85,2.688,0
4.774,14.757,4.989,24.6,7.15,4.086,3.543,4.353,11.315,4.404,5.141,1.478,2,3.885,11.865,2.024,1.256,0.783,2.185,3.492,0.791,0.945,0.755,1.819,1.716,0
4.066,10.942,5.46,12.505,6.424,4.175,2.593,5.44,9.605,4.019,4.478,0.942,2.428,3.286,10.581,1.979,0.871,0.736,1.7,3.673,0.86,0.88,0.689,1.345,1.524,0
4.453,26.992,5.421,4.105,6.335,4.681,5.424,6.89,8.375,5.249,2.677,0.93,3.289,3.356,7.621,1.804,1.019,0.785,1.473,4.02,1.181,0.952,0.894,1.437,1.547,0
5.31,40.368,4.815,4.798,7.399,5.41,10.358,6.388,6.709,7.929,1.724,1.73,3.592,5.248,6.328,1.77,1.854,1.126,1.88,4.587,1.493,1.156,1.247,1.776,1.681,0
6.242,52.782,3.282,7.067,10.057,5.637,11.409,5.574,5.661,8.834,1.739,2.244,3.461,6.198,6.192,1.868,2.173,1.351,2.197,4.89,1.57,1.236,1.39,1.954,1.752,0
5.795,37.833,2.474,8.241,9.725,5.768,9.411,3.84,4.13,8.571,2.297,3.332,2.846,7.005,6.26,2.326,2.316,1.745,3.035,5.126,1.617,1.369,1.52,2.501,1.977,0
5.468,26.436,2.399,8.391,8.222,5.686,7.217,3.184,3.748,7.53,2.665,3.827,2.492,6.958,6.561,2.645,2.248,1.886,3.575,4.966,1.657,1.477,1.501,2.947,2.13,0
5.583,13.258,2.615,8.417,6.048,5.07,3.968,2.396,3.83,4.751,3.22,4.52,1.874,7.006,7.453,3.297,2.236,2.028,4.896,4.465,1.904,1.799,1.409,4.256,2.48,0
6.036,12.856,2.817,8.25,5.94,3.827,3.847,2.116,4.69,2.936,3.197,4.625,1.501,7.052,7.228,3.57,2.314,1.935,6.159,4.282,2.322,1.966,1.497,5.701,2.849,0
6.761,13.419,2.901,7.622,6.656,3.128,4.257,2.133,5.106,2.689,2.972,4.443,1.418,6.588,6.389,3.45,2.221,1.796,6.487,4.233,2.503,1.891,1.627,6.163,3.007,1
6.374,9,2.523,9.325,7.408,1.941,4.578,2.135,5.135,2.643,2.498,3.722,1.288,4.613,4.415,2.778,1.738,1.446,6.014,3.789,2.586,1.512,1.852,6.108,3.081,1
5.834,6.597,2.369,11.801,7.549,1.531,4.159,1.867,4.408,2.404,2.595,2.911,1.147,2.964,3.909,2.324,1.297,1.304,4.562,3.01,2.228,1.186,1.802,5.076,2.652,1
4.712,3.559,2.381,18.187,8.074,1.695,3.668,1.724,4.349,2.467,2.906,2.568,1.073,2.631,4.31,2.53,1.205,1.368,4.072,2.81,1.998,1.136,1.685,4.561,2.34,0
3.552,2.769,2.239,20.347,8.897,2.535,2.577,1.593,5.224,3.935,3.504,1.923,0.967,2.712,5.796,3.572,1.19,1.578,4.394,3.159,1.784,1.215,1.441,4.138,1.987,0
2.978,2.746,2.012,18.827,9.231,2.999,2.342,1.595,5.85,5.17,3.549,1.616,0.961,3.031,6.528,4.019,1.204,1.642,4.998,3.575,1.849,1.305,1.364,4.263,2.078,0
2.484,2.911,1.707,12.931,10.614,3.332,2.622,1.743,6.427,6.787,3.218,1.051,1.027,3.798,7.297,4.103,1.189,1.586,5.744,4.193,2.111,1.481,1.306,4.855,2.639,0
3.221,2.723,1.798,7.941,11.532,2.861,2.824,2.392,5.923,6.143,3.523,0.804,1.209,4.697,7.487,3.568,1.147,1.385,5.304,4.245,2.259,1.466,1.399,5.621,3.143,0
3.765,2.728,1.795,6.374,11.635,2.638,2.606,2.842,5.455,5.613,4.242,0.907,1.374,5.387,7.887,3.36,1.149,1.32,4.958,4.157,2.277,1.345,1.516,6.019,3.23,0
4.36,2.405,1.796,4.413,11.088,2.784,1.74,3.387,4.216,6.351,6.166,1.367,1.938,7.114,9.577,3.188,1.236,1.373,4.678,4.03,2.241,0.955,1.761,6.518,3.089,0
4.253,2.367,1.912,3.658,11.397,3.408,1.172,2.915,2.895,9.497,7.124,1.665,2.596,7.954,10.559,3.155,1.5,1.644,4.888,4.249,2.071,0.607,1.798,6.127,2.765,0
3.658,3.209,2.221,3.321,12.829,3.599,1.136,2.427,2.362,10.669,6.899,1.687,2.804,7.596,10.025,3.185,1.685,1.812,5.005,4.521,1.954,0.537,1.757,5.688,2.655,0
3.126,4.608,2.094,4.137,12.24,3.393,1.226,1.646,1.519,10.102,5.23,1.665,2.89,5.429,7.322,3.167,1.932,2.032,4.956,5.052,1.819,0.616,1.774,5.039,2.687,0
2.896,4.84,1.794,4.638,10.712,3.019,1.213,1.509,1.233,8.465,4.159,1.668,2.822,4.133,5.875,2.979,1.883,2.033,4.73,5.08,1.854,0.714,1.895,5.054,2.817,0
2.454,3.915,1.471,6.203,6.943,2.099,1.097,1.58,1.289,4.967,2.549,1.689,2.676,2.469,4.233,2.277,1.432,1.871,3.944,4.511,2.145,0.947,2.327,5.978,3.181,0
2.412,3.214,1.669,7.178,5.676,1.615,1.043,1.679,1.947,4.054,2.038,1.604,2.613,2.116,4.057,1.873,0.911,1.696,3.179,3.95,2.449,1.137,2.638,7.421,3.373,1
3.192,2.598,2.431,8.707,5.315,1.576,1.064,1.67,2.331,4.311,1.987,1.525,2.572,2.224,4.101,1.905,0.788,1.653,2.986,3.906,2.494,1.191,2.619,7.915,3.343,1
4.271,4.032,2.686,8.256,6.104,1.547,1.344,1.474,2.912,4.381,1.732,1.486,2.469,3.221,3.974,2.118,0.91,1.661,2.946,3.988,2.31,1.259,2.228,7.809,3.09,1
4.579,5.269,2.508,7.507,6.354,1.506,1.643,1.344,3.029,3.989,1.466,1.516,2.403,4.138,3.773,2.161,1.092,1.676,2.945,3.846,2.133,1.293,1.944,7.199,2.912,0
4.654,7.609,1.891,5.734,6.368,1.522,2.281,1.352,2.772,3.144,1.002,1.515,2.205,6.108,3.159,2.162,1.456,1.651,2.88,3.078,1.876,1.331,1.512,5.638,2.643,0
5.511,7.233,1.588,4.671,7.811,2.177,2.512,1.738,1.869,3.889,1.19,1.349,1.912,6.808,2.577,2.241,1.529,1.547,2.903,2.388,2.035,1.256,1.428,4.993,2.743,0
6.527,5.89,1.676,4.561,9.741,2.616,2.546,1.888,1.423,4.73,1.534,1.227,1.738,6.547,2.542,2.246,1.432,1.476,2.974,2.24,2.243,1.182,1.472,5.173,2.916,0
8.403,2.642,2.13,5.654,14.519,3.05,2.993,2.042,1.602,5.856,2.264,1.072,1.381,5.684,3.343,2.077,1.148,1.333,3.161,2.193,2.623,1.084,1.611,5.952,3.253,0
8.133,1.185,2.505,8.038,15.814,2.723,3.902,2.337,3.495,5.903,2.635,1.081,1.081,5.393,5.007,2.331,0.987,1.283,3.303,2.406,2.749,1.223,1.792,6.541,3.488,0
7.314,1.124,2.441,9.019,14.375,2.515,4.208,2.535,4.497,5.898,2.848,1.068,0.983,5.354,5.859,2.933,0.992,1.378,3.448,2.702,2.737,1.366,1.881,6.651,3.613,0
5.749,1.28,1.799,9.423,9.891,2.613,4.101,2.681,5.141,6.488,3.616,0.929,0.907,5.014,6.821,4.754,1.169,1.835,3.973,3.485,2.758,1.636,2.031,6.686,4.028,0
5.36,1.274,1.38,9.097,8.555,2.938,3.785,2.485,4.655,6.981,3.999,0.845,0.928,4.765,6.782,5.513,1.314,2.086,4.388,3.772,2.823,1.704,2.092,6.692,4.301,0
4.857,0.936,0.891,8.121,8.195,3.494,3.048,1.694,3.094,7.446,3.947,0.742,1.097,4.454,5.701,5.796,1.521,2.265,5.435,3.75,2.924,1.637,2.173,6.576,4.585,0
3.769,0.616,0.979,6.628,7.975,3.568,2.404,1.08,2.372,6.7,2.615,0.647,1.232,4.09,3.822,4.518,1.368,1.945,5.977,3.069,2.799,1.413,2.152,6.167,4.193,0
3.249,0.658,1.126,5.823,7.261,3.603,2.152,0.94,2.375,6.086,1.801,0.579,1.211,3.582,2.894,3.654,1.171,1.713,5.74,2.702,2.705,1.356,2.148,6.095,3.93,0
3.319,1.209,1.267,5.252,6.186,3.805,1.802,0.797,2.393,4.635,0.785,0.499,1.062,1.954,1.694,2.227,0.757,1.308,4.477,2.26,2.691,1.491,2.329,6.78,3.92,0
5.073,2.705,1.253,5.866,6.884,3.77,1.692,0.685,2.068,3.373,0.745,0.676,1.069,0.836,1.623,1.635,0.486,0.972,3.54,2.207,2.862,1.742,2.623,7.921,4.49,0
6.148,3.639,1.351,5.851,7.974,3.484,1.755,0.652,1.784,3.117,0.895,0.84,1.155,0.768,1.994,1.684,0.416,0.873,3.707,2.337,2.889,1.791,2.677,8.212,4.65,0
8.11,5.298,2.59,5.951,10.408,2.441,2.046,0.78,1.368,3.21,1.213,1.162,1.34,1.24,3.051,2.37,0.446,1.032,5.448,3.065,2.779,1.687,2.508,8.39,4.375,0
8.902,5.757,4.065,7.633,11.345,1.883,2.175,0.963,1.442,3.321,1.397,1.29,1.396,1.908,3.461,2.876,0.575,1.303,6.649,3.604,2.748,1.603,2.37,8.644,4.115,0
10.554,7.114,8.181,16.069,13.104,1.277,2.372,1.389,2.872,3.943,2.109,1.54,1.623,5.158,3.888,3.746,1.066,1.933,8.445,4.576,2.823,1.541,2.157,9.431,3.824,0
13.883,9.659,11,26.181,16.895,1.569,2.651,1.542,5.467,5.577,3.075,1.806,2.024,9.702,4.314,3.779,1.576,2.107,7.997,4.785,2.626,1.526,1.846,8.696,3.537,0
16.104,10.672,11.126,28.494,19.627,1.916,2.783,1.452,6.403,6.422,3.304,1.888,2.122,11.012,4.528,3.381,1.691,1.938,6.91,4.6,2.289,1.461,1.574,7.322,3.214,0
20.15,10.808,8.675,24.76,23.649,2.517,2.563,1.167,6.364,7.166,2.814,1.778,1.828,9.602,4.377,2.151,1.532,1.322,4.102,3.992,1.395,1.237,0.973,3.782,2.389,0
21.886,9.717,6.727,19.611,23.945,2.603,2.144,1.171,5.651,7.165,2.277,1.617,1.512,7.342,3.92,1.583,1.308,1.021,2.85,3.629,1.031,1.118,0.756,2.362,2.051,0
24.079,6.629,3.636,9.217,21.252,2.214,1.114,1.687,4.55,7.172,1.681,1.315,0.998,3.024,3.109,0.976,0.81,0.656,1.286,2.869,0.66,0.919,0.563,1.014,1.613,0
26.998,4.391,1.968,5.803,18.038,1.765,0.709,2.252,5.113,8.081,2.278,1.193,0.886,1.595,3.768,0.959,0.481,0.575,0.801,2.432,0.521,0.768,0.493,0.961,1.209,0
31.462,3.856,1.73,6.636,17.878,1.929,0.844,2.289,5.58,9.325,2.745,1.166,0.932,1.689,4.589,0.989,0.403,0.576,0.75,2.381,0.465,0.697,0.441,1.08,1.008,0
48.544,3.791,2.254,8.107,20.271,3.004,1.413,2.008,5.497,13.516,3.266,1.059,1.164,2.09,5.89,0.913,0.373,0.603,0.789,2.369,0.399,0.57,0.325,1.307,0.794,0
62.094,4.367,2.997,7.235,24.215,3.655,1.805,1.86,4.678,17.125,2.894,0.89,1.433,2.169,5.675,0.831,0.456,0.65,0.954,2.276,0.517,0.572,0.294,1.504,0.94,0
59.202,4.37,2.997,7.567,25.114,3.473,1.802,1.877,5.024,16.941,2.436,0.795,1.465,2.213,4.93,0.858,0.498,0.671,1.193,2.222,0.689,0.658,0.331,1.713,1.153,0
34.806,3.008,2.25,15.595,23.675,2.539,1.457,1.915,9.206,11.729,1.414,0.611,1.172,3.129,2.973,1.006,0.557,0.665,2.372,2.298,1.218,1.001,0.46,2.534,1.803,0
20.361,2.131,1.979,22.581,22.443,2.173,1.212,1.975,12.53,8.11,1.033,0.53,0.911,3.975,2.273,1.063,0.595,0.633,3.184,2.461,1.478,1.212,0.511,3.01,2.146,0
3.922,1.169,2.391,34.117,21.932,2.053,0.814,2.449,17.37,3.352,0.633,0.39,0.548,5.211,2.149,1.041,0.693,0.532,4.223,3.034,1.656,1.476,0.503,3.388,2.504,0
2.062,1.814,3.223,41.339,22.365,2.231,0.75,3.276,17.029,2.588,0.494,0.421,0.572,4.925,2.924,0.863,0.752,0.4,3.997,3.843,1.257,1.318,0.373,2.712,2.203,0
2.211,2.735,3.274,45.891,21.569,2.336,0.962,3.563,15.509,2.937,0.445,0.616,0.629,4.594,3.163,0.751,0.762,0.333,3.752,4.129,0.971,1.118,0.309,2.223,1.89,0
2.397,5.561,2.33,56.846,18.56,2.628,1.964,3.486,12.463,4.552,0.56,1.331,0.624,4.629,3.475,0.582,0.798,0.243,3.645,3.981,0.581,0.733,0.25,1.539,1.358,0
2.937,7.639,1.077,54.581,18.789,2.793,2.97,2.78,10.048,7.528,1.26,1.809,0.628,5.234,4.155,0.551,0.846,0.228,3.464,3.175,0.489,0.563,0.26,1.239,1.227,0
3.316,7.524,0.761,44.749,20.124,2.738,3.095,2.437,8.655,9.019,1.79,1.75,0.737,5.203,4.563,0.586,0.855,0.248,3.054,2.898,0.476,0.541,0.27,1.079,1.27,0
3.743,5.109,0.787,18.585,20.035,2.425,2.57,2.073,5.733,9.837,2.688,1.205,1.103,4.099,4.685,0.692,0.857,0.33,1.938,2.909,0.4,0.519,0.286,0.711,1.316,0
3.722,3.509,0.943,8.976,18.182,2.206,2.168,2.033,4.608,8.846,2.807,0.917,1.231,3.317,4.163,0.726,0.866,0.373,1.539,3.034,0.344,0.511,0.295,0.598,1.251,0
3.731,1.268,1.362,2.629,15.787,1.672,1.711,1.939,3.054,5.703,2.272,0.67,1.142,1.912,2.502,0.683,0.882,0.415,1.208,2.979,0.259,0.53,0.307,0.581,1.05,0
4.651,0.653,1.953,2.699,29.072,1.221,1.619,1.601,1.593,5.066,1.415,0.761,0.792,0.942,1.933,0.533,0.818,0.412,1.058,2.934,0.234,0.614,0.282,0.631,1.113,0
5.274,0.674,2.301,3.019,42.09,1.143,1.532,1.383,0.996,6.225,1.126,0.797,0.697,0.701,2.383,0.464,0.769,0.414,1.003,3.409,0.236,0.682,0.252,0.623,1.299,0
6.186,1.577,2.774,3.608,64.229,1.206,1.226,1.007,0.438,8.937,0.846,0.818,0.817,0.779,3.772,0.399,0.74,0.446,0.909,5.443,0.252,0.85,0.186,0.558,1.744,0
6.475,4.164,2.64,4.067,62.192,1.306,1.314,0.915,0.412,9.216,0.698,1.151,1.124,1.194,4.088,0.425,0.866,0.48,0.764,7.316,0.252,0.964,0.16,0.528,1.874,0
6.726,5.763,2.467,4.167,53.463,1.46,1.678,0.99,0.452,8.568,0.637,1.472,1.227,1.415,3.695,0.457,0.946,0.487,0.701,7.57,0.248,0.958,0.166,0.535,1.767,0
8.19,8.133,2.46,4.021,36.847,2.217,2.572,1.278,0.541,7.273,0.643,1.984,1.236,1.774,2.628,0.531,1.014,0.505,0.728,6.44,0.26,0.815,0.198,0.543,1.422,0
9.3,8.555,2.791,3.733,33.4,2.684,2.756,1.457,0.612,7.159,0.964,1.954,1.188,1.859,2.49,0.595,0.979,0.528,0.828,5.363,0.294,0.715,0.216,0.553,1.323,0
11.32,7.781,3.823,3.205,29.887,3.419,2.279,1.814,0.975,9.14,3.139,1.285,1.121,1.74,4.742,0.846,0.816,0.589,1.046,3.367,0.421,0.588,0.255,0.692,1.576,0
11.73,5.918,4.559,3.131,19.991,4.413,1.442,1.966,1.467,14.433,6.573,0.566,1.048,1.292,10.554,1.208,0.65,0.59,1.037,2.528,0.545,0.576,0.288,0.962,2.411,0
11.249,4.839,4.62,3.218,13.95,5.023,1.208,1.861,1.597,17.185,7.728,0.433,0.961,1.029,13.559,1.343,0.585,0.554,0.918,2.63,0.577,0.58,0.3,1.055,2.826,0
15.905,4.893,6.047,9.298,16.243,2.091,1.437,6.099,3.27,3.025,2.158,0.948,3.634,2.522,2.733,2.525,1.182,3.294,1.844,3.102,1.854,1.002,1.386,1.527,1.874,0
16.816,3.701,7.637,5.504,13.677,2.055,1.427,5.789,3.551,2.372,1.99,0.812,3.244,2.398,2.341,2.499,1.025,3.278,1.922,3.323,2.14,1.001,1.583,1.678,2.137,0
17.077,3.254,10.979,1.716,12.016,2.92,1.607,5.45,3.712,2.301,1.805,0.892,2.442,2.848,1.996,2.866,0.85,3.416,2.186,3.781,2.921,1.121,2.061,2.5,2.85,0
16.062,3.855,12.039,1.488,12.783,3.699,1.755,5.906,3.551,2.815,1.684,0.941,2.468,3.276,1.958,3.053,0.86,3.406,2.304,3.835,3.112,1.179,2.231,3.018,3.04,0
13.641,5.421,11.936,2.081,15.659,5.165,2.101,8.311,3.598,4.487,1.338,1.014,3.72,4.279,1.894,3.105,1.079,3.069,2.527,3.478,2.855,1.205,2.242,3.929,2.916,0
13.014,5.465,9.255,2.878,16.835,5.346,2.376,10.988,4.424,6.058,1.25,1.105,4.924,4.634,1.938,2.939,1.308,2.731,2.632,2.954,2.417,1.144,1.95,4.308,2.63,0
12.947,4.666,7.999,3.708,16.397,4.849,2.431,11.481,4.734,6.435,1.398,1.141,4.961,4.305,2.041,2.856,1.309,2.69,2.558,2.741,2.34,1.085,1.812,4.156,2.548,0
10.891,2.857,8.183,7.038,13.903,3.175,2.221,10.428,4.373,5.946,1.859,1.102,3.961,2.969,2.224,2.512,1.029,2.59,2.203,2.229,2.247,0.889,1.634,3.173,2.312,0
9.33,2.309,9.992,9.108,12.211,2.466,1.92,9.497,3.762,5.264,2.033,1.029,3.359,2.258,2.173,2.182,0.826,2.451,1.992,1.883,2.08,0.767,1.552,2.512,2.076,0
6.774,1.997,16.494,11.058,8.981,2.634,1.119,8.899,2.521,4.437,2.177,0.951,2.779,1.262,1.755,1.378,0.597,2.185,1.636,1.195,1.526,0.579,1.326,1.458,1.475,1
5.754,1.977,24.046,8.55,6.773,4.724,0.517,9.824,2.014,5.26,2.172,1.058,2.535,0.845,1.405,0.829,0.817,2.146,1.371,0.838,1.052,0.515,1.046,1.058,0.977,1
5.993,2.077,26.919,6.916,6.306,5.709,0.453,9.914,2.059,5.8,2.119,1.098,2.283,0.823,1.401,0.718,1.019,2.182,1.245,0.835,0.944,0.51,0.925,1.018,0.835,1
6.957,2.369,29.198,5.77,6.566,6.003,0.853,8.738,2.367,5.729,1.817,0.979,1.791,1.204,1.583,0.739,1.319,2.57,1.037,1.025,0.929,0.52,0.882,1.144,0.764,1
6.771,2.543,25.473,6.679,7.277,4.026,1.592,7.01,2.211,3.985,1.586,0.847,1.688,1.826,2.031,1.026,1.369,3.976,1.21,1.266,0.998,0.656,1.312,1.589,0.867,1
6.181,2.734,21.611,6.931,7.73,2.815,1.901,6.483,1.847,2.91,1.802,0.922,1.69,2.087,2.646,1.277,1.352,4.899,1.534,1.487,1.039,0.797,1.689,1.883,0.973,1
4.625,3.873,13.19,6.157,9.067,1.34,2.25,6.47,1.072,1.656,2.936,1.225,1.556,2.4,4.653,1.838,1.324,5.983,2.392,2.288,1.143,1.096,2.436,2.345,1.286,1
3.604,4.859,9.303,5.105,11.111,1.371,2.484,7.234,1.236,2.567,3.861,1.23,1.41,2.405,6.007,1.969,1.185,5.184,2.728,2.977,1.215,1.145,2.628,2.395,1.578,0
3.693,4.767,9.325,5.439,12.285,1.768,2.636,7.772,1.912,4.033,3.814,1.079,1.533,2.279,5.808,1.785,1.042,4.342,2.522,2.952,1.211,1.044,2.448,2.297,1.654,0
5.757,4.454,11.702,8.196,14.618,2.962,2.785,8.707,4.02,8.411,2.855,0.792,2.535,1.818,3.948,1.263,0.726,2.884,1.675,2.137,1.155,0.759,1.815,2.146,1.685,0
7.179,4.488,13.182,9.702,15.568,3.477,2.67,8.898,4.935,10.375,2.305,0.762,3.337,1.539,2.891,1.088,0.612,2.49,1.282,1.594,1.145,0.651,1.534,2.182,1.687,0
8.546,4.649,14.17,10.697,16.174,3.555,2.064,8.251,5.164,10.973,1.868,0.813,4.911,1.156,1.889,0.986,0.466,2.137,0.868,0.912,1.195,0.544,1.281,2.409,1.701,0
6.95,4.532,10.355,10.996,16.216,2.364,1.388,6.181,3.339,7.893,2.326,0.738,5.949,1.249,2.696,0.885,0.38,2.031,0.758,0.98,1.235,0.526,1.377,2.558,1.678,0
5.731,5.794,7.586,11.95,16.471,1.724,1.235,4.903,2.297,6.583,2.631,0.71,6.223,1.425,3.469,0.826,0.398,2.046,0.827,1.228,1.241,0.554,1.462,2.597,1.681,0
3.998,12.268,4.085,14.714,16.989,1.363,1.66,2.868,1.047,6.214,2.829,0.852,6.348,1.698,4.457,0.975,0.583,2.234,1.379,1.986,1.282,0.687,1.512,2.753,1.829,0
4.058,18.291,5.141,14.621,14.209,2.172,3.493,2.711,0.698,6.508,2.36,1.357,5.691,1.53,3.63,1.509,0.871,2.554,2.177,2.666,1.32,0.82,1.348,2.99,2.074,0
4.557,26.321,7.055,13.077,11.412,2.683,8.451,3.533,0.616,6.072,2.093,3.078,5.066,1.308,2.927,1.773,1.698,2.709,2.387,2.805,1.314,0.947,1.248,3.08,2.167,0
6.462,89.699,13.23,10.471,5.697,3.61,43.648,6.011,0.679,5.031,1.964,17.435,3.604,0.922,2.547,1.949,8.509,2.842,2.098,2.565,1.291,1.999,1.178,3.126,2.26,0
7.461,147.75,16.882,10.522,4.165,4.008,73.269,6.946,0.857,4.938,2.063,30.349,3.011,0.906,2.919,1.836,14.545,2.844,1.722,2.285,1.307,3.024,1.22,3.119,2.285,0
8.332,251.777,22.861,12.943,3.983,4.444,122.301,7.138,1.216,4.998,2.124,53.277,2.891,1.373,3.513,1.462,25.022,3.005,1.147,1.78,1.401,5.049,1.339,3.15,2.285,0
6.416,238.1,22.932,12.828,5.932,4.26,110.572,6.331,1.545,3.93,1.992,50.187,4.244,2.07,2.927,1.336,23.266,3.499,1.21,1.691,1.502,5.076,1.366,3.195,2.152,0
5.129,185.92,20.385,11.179,7.307,4.26,83.225,6.444,2.163,3.179,1.997,38.514,5.012,2.21,2.544,1.459,17.835,3.748,1.456,1.918,1.539,4.204,1.349,3.175,2.056,0
3.597,73.85,14.637,7.302,9.607,4.931,28.559,7.572,4.617,2.527,2.22,13.986,5.464,1.791,2.749,1.929,6.698,3.805,2.216,2.835,1.581,2.09,1.287,3.028,1.899,0
4.066,45.396,11.834,5.773,10.347,5.54,16.798,7.338,6.566,3.511,2.394,10.079,3.968,0.995,3.903,2.195,4.503,3.109,2.934,3.572,1.494,1.099,1.171,2.838,1.741,0
4.667,59.64,12.558,6.651,11.73,5.283,23.127,6.272,6.546,4.436,2.363,14.047,2.979,0.795,4.337,2.112,6.07,2.66,3.066,3.554,1.385,0.996,1.115,2.784,1.621,0
5.818,87.309,15.201,10.459,18.14,3.951,32.523,3.932,5.753,6.476,2.237,19.118,1.826,0.986,4.518,1.638,8.466,2.02,2.74,2.85,1.157,0.849,1.117,2.828,1.345,0
6.14,85.938,16.294,12.299,21.379,3.472,31.327,3.511,5.955,7.193,2.293,18.165,1.733,1.294,4.321,1.441,8.202,1.852,2.422,2.53,1.098,0.737,1.182,2.88,1.245,0
6.53,54.569,16.529,13.86,22.936,3.57,18.757,4.649,7.841,7.523,2.684,11.008,1.905,2.12,3.667,1.541,5.136,1.689,2.007,2.821,1.139,0.53,1.32,2.963,1.257,0
7.556,18.341,14.137,12.269,16.775,4.05,5.525,6.259,8.435,6.812,2.987,4.302,2.044,2.951,3.038,2.031,2.001,1.597,2.061,3.867,1.258,0.493,1.299,3.028,1.474,0
8.31,9.028,12.332,10.976,12.835,4.044,2.453,6.495,7.51,6.308,3.01,2.824,2.037,3.355,2.824,2.202,1.314,1.578,2.173,4.141,1.298,0.56,1.246,3.056,1.58,0
8.72,4.52,10.055,9.329,7.735,3.594,1.8,5.576,4.921,5.248,3.01,2.326,1.899,4.074,2.707,2.319,1.252,1.7,2.511,3.763,1.343,0.815,1.227,3.082,1.741,0
6.983,3.976,11.441,9.243,6,2.977,2.934,3.962,3.927,3.852,3.196,2.731,1.821,4.455,3.01,2.341,1.381,1.919,2.928,2.805,1.405,1.083,1.443,3.275,1.935,0
5.89,3.649,14.068,9.646,5.46,2.707,3.368,3.501,4.098,3.125,3.29,3.122,1.89,4.418,3.223,2.371,1.337,1.931,3.039,2.472,1.478,1.175,1.61,3.597,2.093,0
4.888,3.105,28.305,10.574,4.958,2.382,3.42,4.998,4.498,2.319,3.245,3.924,2.338,3.779,3.417,2.358,1.089,1.765,2.801,2.343,1.797,1.257,1.948,4.806,2.54,0
4.86,2.911,39,10.474,4.5,2.309,3.093,7.219,4.397,2.286,3.039,4.111,2.706,3.274,3.33,2.257,0.958,1.712,2.479,2.418,2.038,1.254,2.075,5.526,2.773,0
4.807,2.723,57.661,8.101,3.004,2.207,2.255,12.498,3.531,2.276,2.329,3.667,3.473,2.32,2.868,1.892,0.82,1.919,1.92,2.437,2.49,1.189,2.201,6.593,3.115,1
4,2.567,55.05,4.953,1.61,1.994,1.503,13.956,2.225,1.818,1.621,2.421,3.536,2.041,2.526,1.529,0.823,2.341,2.198,2.159,2.639,1.102,2.229,6.949,3.292,1
3.469,2.371,44.642,3.832,1.391,1.864,1.164,12.449,1.763,1.595,1.445,1.82,3.157,2.321,2.574,1.395,0.829,2.444,2.681,1.965,2.64,1.097,2.25,7.02,3.415,1
3.898,1.892,19.301,3.107,7.214,1.696,0.59,7.561,1.717,4.456,1.623,1.058,2.162,3.294,4.335,1.234,0.81,2.353,3.696,2.044,2.791,1.185,2.314,7.223,4.023,1
4.675,1.581,10.343,3.372,17.513,1.691,0.432,5.59,2.036,10.18,1.93,0.886,1.831,3.57,7.023,1.165,0.792,2.226,3.874,2.774,2.948,1.233,2.305,7.243,4.543,1
5.459,1.636,5.269,4.166,51.317,1.72,0.936,3.865,2.627,29.359,2.523,0.906,1.846,3.172,15.255,1.037,0.886,2.013,3.384,5.593,3.106,1.233,2.159,6.837,5.595,1
4.192,12.352,6.399,4.316,73.764,1.671,5.315,3.566,2.587,42.156,2.479,2.672,2.565,2.267,19.96,1.13,2.408,1.937,2.7,7.78,2.796,1.323,2.028,6.229,5.842,1
3.509,24.751,7.285,4.057,70.74,1.786,9.521,3.51,2.393,40.451,2.294,4.643,2.997,2.125,18.783,1.36,4.064,2.026,2.815,7.873,2.587,1.544,2.071,6.126,5.593,1
4.644,53.984,8.265,3.971,40.767,2.514,18.841,3.333,2.345,24.306,2.152,9.621,3.582,3.006,11.276,2.073,7.685,2.465,4.263,6.462,2.427,2.242,2.426,6.383,4.84,1
6.509,62.287,7.833,4.431,24.454,2.988,21.832,3.193,2.719,15.311,2.253,11.555,3.617,3.83,7.308,2.431,8.534,2.715,5.283,5.627,2.496,2.519,2.67,6.619,4.556,1
10.013,53.596,6.881,5.982,6.782,3.775,21.396,2.886,3.814,5.785,2.481,12.084,3.424,5.03,3.014,2.844,6.94,2.956,6.631,4.656,2.759,2.557,3.048,7.232,4.374,1
10.742,26.79,6.82,7.033,6.113,4.067,15.556,2.568,4.038,5.326,2.298,9.242,3.414,4.962,2.452,2.741,3.208,2.69,6.236,3.973,3.074,2.173,3.144,7.993,4.474,1
10.262,17.025,7.522,7.104,7.064,4.014,12.732,2.439,3.688,5.83,2.07,7.967,3.446,4.788,2.585,2.573,1.894,2.454,5.602,3.539,3.236,2.046,3.125,8.222,4.527,1
8.554,11.986,9.289,7.091,7.998,3.393,9.878,2.392,2.724,6.377,1.649,7.248,3.074,5.15,3.261,2.2,1.23,1.97,4.31,2.817,3.39,2.062,3.042,7.771,4.536,0
6.691,15.517,9.796,8.873,8.853,2.234,10.603,2.766,2.14,5.261,1.384,7.846,2.318,6.506,3.793,1.895,1.839,1.619,3.379,2.269,3.156,2.128,2.952,6.45,4.27,0
5.772,17.398,9.014,10.123,9.23,1.704,11.568,3.074,1.979,4.296,1.328,8.012,2.271,7.373,3.69,1.799,2.215,1.545,3.045,2.025,2.974,2.08,2.888,5.951,4.06,0
4.234,21.639,6.031,10.947,11.371,1.229,12.521,3.697,1.56,2.911,1.565,8.029,3.405,9.244,2.723,1.835,2.77,1.598,2.793,1.77,2.813,1.865,2.714,5.942,3.804,0
4.275,24.199,4.54,10.447,13.123,1.215,11.864,4.017,1.385,2.809,1.868,8.036,4.328,10.189,2.144,1.968,2.858,1.654,2.978,1.846,2.855,1.749,2.617,6.271,3.814,0
6.433,27.673,3.481,9.649,17.184,1.219,8.722,4.725,1.463,3.308,2.549,7.892,5.562,11.368,1.702,2.232,2.664,1.674,3.755,2.369,2.937,1.577,2.46,6.839,3.916,0
8.449,23.36,4.022,9.764,18.052,1.193,5.339,5.205,1.945,3.441,3.012,6.517,5.164,10.546,2.349,2.148,2.199,1.563,4.193,2.873,2.871,1.489,2.507,7.353,4.016,0
8.314,18.281,4.227,9.365,16.185,1.321,4.114,5.288,2.275,3.295,3.1,5.43,4.711,9.396,2.697,1.988,1.921,1.482,4.089,2.949,2.855,1.472,2.614,7.766,4.138,1
6.114,8.518,4.164,6.822,13.447,1.889,2.602,4.928,2.901,3.597,2.961,3.511,4.379,6.594,2.936,1.714,1.33,1.347,3.427,2.843,2.965,1.571,2.811,8.675,4.697,1
4.332,5.585,3.788,3.875,25.61,2.318,1.986,3.851,3.175,5.328,2.361,2.62,4.616,4.897,3.553,1.694,0.989,1.215,2.794,3.008,3.022,1.849,2.744,8.709,5.37,1
4.22,6.609,3.513,3.258,36.591,2.403,1.935,3.173,3.259,6.517,1.946,2.451,4.561,4.794,4.261,1.727,0.981,1.123,2.588,3.217,2.914,1.965,2.62,8.245,5.476,1
4.475,9.634,2.898,4.182,51.152,2.553,2.078,1.95,3.68,8.17,1.374,2.284,3.992,5.353,5.629,1.77,1.183,1.006,2.722,3.55,2.448,1.919,2.289,6.879,4.915,1
3.989,9.814,2.53,6.099,42.716,2.675,2.011,1.595,4.188,7.604,1.373,2.069,3.601,4.791,5.27,1.901,1.287,1.179,3.911,3.593,2.033,1.524,1.915,5.771,3.768,1
3.681,8.579,2.709,6.511,32.267,2.652,1.822,1.905,4.263,6.618,1.489,1.912,3.603,3.842,4.364,2.005,1.251,1.354,4.691,3.549,1.969,1.309,1.732,5.434,3.291,1
4.126,5.599,3.758,6.071,13.618,2.385,1.411,3.011,4.063,4.17,1.728,1.71,3.459,2.15,2.705,2.13,1.156,1.59,5.581,3.352,2.081,1.061,1.498,5.155,2.932,1
4.933,4.831,4.232,5.623,9.635,2.178,1.27,3.451,3.934,3.122,1.763,1.764,3.12,2.007,2.713,2.094,1.165,1.555,5.479,3.183,2.169,1.041,1.491,5.188,3.034,1
6.301,5.212,4.281,4.905,11.757,1.799,1.031,3.392,3.71,2.231,1.668,2.143,2.227,3.005,4.873,1.868,1.271,1.309,4.826,2.754,2.239,1.097,1.634,5.482,3.45,1
5.843,8.099,3.847,4.522,17.177,1.433,1.119,2.388,3.243,2.909,1.535,2.708,1.882,4.138,7.793,1.628,1.388,1.328,4.807,2.43,2.206,1.217,1.856,5.831,3.72,1
5.062,10.373,3.955,4.913,18.281,1.243,1.98,1.916,2.943,3.491,1.482,3.167,1.946,4.32,8.438,1.577,1.525,1.548,5.138,2.411,2.19,1.313,1.986,5.916,3.708,0
3.475,14.842,4.65,6.889,15.484,0.904,5.981,1.489,2.651,3.979,1.391,4.556,2.012,3.719,7.072,1.654,2.052,2.136,5.815,2.671,2.196,1.548,2.248,5.841,3.463,0
3.077,16.592,4.864,7.951,12.757,0.788,8.25,1.528,2.832,3.668,1.365,5.237,1.898,3.144,5.599,1.727,2.338,2.316,5.917,2.851,2.216,1.645,2.335,5.731,3.319,0
2.986,19.171,4.231,8.239,9.279,0.783,11.137,2.047,3.758,2.474,1.973,5.72,1.937,2.881,4.226,1.932,2.662,2.24,5.826,3.128,2.303,1.768,2.372,5.606,3.188,0
3.127,20.943,3.079,5.695,10.725,1.156,11.924,3.255,4.44,1.622,4.679,4.935,3.214,5.215,7.532,2.796,2.919,2.089,6.627,3.716,2.512,1.911,2.379,5.74,3.333,0
3.485,20.995,3.197,4.728,13.286,1.436,11.962,3.957,4.314,1.537,6.486,4.331,4.123,6.867,10.025,3.541,3.105,2.145,7.466,4.209,2.598,1.981,2.381,5.702,3.399,0
5.226,17.382,5.498,5.664,22.276,1.944,11.023,4.679,2.963,2.085,8.573,3.232,5.143,8.542,12.461,4.829,3.245,2.228,8.414,4.953,2.491,1.944,2.191,4.867,3.261,0
7.204,9.898,8.744,9.408,36.096,2.093,7.741,4.009,1.418,3.672,6.951,2.52,4.228,6.821,9.769,4.691,2.527,1.778,6.616,4.623,1.937,1.612,1.638,3.156,2.724,0
7.59,6.744,9.661,10.929,42.367,2.017,5.587,3.447,1.035,4.774,5.3,2.27,3.334,5.274,7.631,4.089,1.921,1.404,4.941,4.143,1.585,1.409,1.309,2.29,2.368,0
7.127,4.016,8.919,11.635,50.595,1.912,2.469,2.853,0.989,7.176,2.604,1.866,1.818,2.66,4.657,2.669,0.937,0.853,2.041,3.309,0.975,1.072,0.799,1.117,1.682,0
6.96,5.855,7.568,11.328,52.683,2.023,2.188,3.016,1.221,8.477,1.972,1.858,1.45,1.909,4.009,2.122,0.775,0.75,1.309,3.06,0.773,0.961,0.65,0.901,1.427,0
8.889,23.145,4.471,11.674,53.839,2.52,6.026,3.844,2.25,10.717,1.461,3.532,1.382,1.53,3.362,1.453,1.258,0.749,1.256,2.652,0.629,0.946,0.5,1.323,1.224,0
15.02,56.221,3.495,18.262,49.025,2.797,13.984,4.057,3.672,10.706,1.107,7.771,1.671,2.83,3.179,1.276,2.372,0.859,2.589,2.235,0.909,1.275,0.546,2.864,1.494,0
18.092,68.393,3.771,22.584,42.657,2.717,17.198,3.729,4.309,9.586,1.049,9.737,1.769,3.897,3.342,1.341,2.828,0.966,3.517,2.052,1.186,1.481,0.673,3.918,1.771,0
19.804,65.24,5.121,27.641,25.168,2.613,17.39,2.755,5.269,6.703,1.328,10.406,1.805,5.302,3.59,1.702,2.899,1.284,4.802,1.692,1.681,1.618,1.066,5.83,2.327,0
18.114,50.718,5.444,26.687,17.816,2.759,14.549,2.462,5.5,5.739,1.537,8.924,1.775,5.12,3.36,2.001,2.516,1.43,4.841,1.556,1.769,1.49,1.251,6.373,2.486,0
11.684,20.8,5.104,18.646,9.513,3.274,8.149,2.616,5.272,4.696,1.625,5.091,1.76,3.382,2.167,2.698,1.617,1.575,3.98,1.544,1.567,1.088,1.421,6.416,2.418,0
6.201,16.825,4.446,9.572,7.954,3.255,6.25,3.23,4.454,3.643,1.237,4.435,1.883,1.848,0.948,2.955,1.69,1.684,2.994,1.692,1.204,1.044,1.342,5.666,2.012,0
4.828,23.245,4.123,6.831,8.566,2.882,6.867,3.323,3.978,2.916,1.081,5.318,1.959,1.588,0.701,2.756,2.075,1.777,2.705,1.708,1.086,1.189,1.275,5.29,1.808,0
4.65,33.876,4.714,4.665,13.658,1.842,7.887,3.408,3.143,2.316,1.121,6.7,1.948,1.564,1.841,2.019,2.636,1.951,2.383,1.734,1.064,1.447,1.171,4.973,1.634,0
6.48,27.235,7.423,4.533,22.254,1.112,6.234,4.282,2.271,4.048,1.477,5.601,1.615,1.317,5.333,1.697,2.191,1.92,2.319,2.044,1.237,1.334,1.099,5.343,1.771,0
7.395,19.315,8.787,4.806,25.261,0.963,4.692,4.8,1.897,5.41,1.842,4.389,1.378,1.153,7.121,1.832,1.708,1.808,2.565,2.303,1.342,1.186,1.084,5.704,1.887,0
7.786,6.734,8.842,4.619,23.973,1.179,2.045,5.02,1.704,7.341,3.079,2.096,1.024,1.164,8.466,2.287,0.965,1.505,3.544,2.671,1.515,0.992,1.156,6.449,2.123,0
7.389,4.104,7.5,4.435,20.06,1.547,1.406,4.719,1.897,7.424,3.693,1.396,0.979,1.361,7.735,2.386,0.874,1.412,4.014,2.68,1.573,1.013,1.245,6.772,2.226,0
6.307,4.193,4.815,4.504,11.215,2.507,1.251,4.161,2.357,6.255,3.933,0.874,1.045,1.995,4.909,2.144,1.049,1.525,4.266,2.498,1.643,1.236,1.458,7.392,2.385,2
6.62,5.875,6.762,7.39,6.954,3.11,1.736,4.097,2.633,4.814,2.694,1.278,1.077,3.043,2.889,1.63,1.247,1.923,3.699,2.38,1.638,1.467,1.564,7.811,2.436,2
7.416,6.793,9.145,10.093,6.749,3.183,2.006,3.933,2.812,4.32,1.903,1.771,1.035,3.582,2.412,1.455,1.309,2.064,3.402,2.419,1.591,1.521,1.539,7.771,2.418,2
9.068,7.639,12.23,15.144,9.038,3.166,2.012,3.136,3.245,5.01,0.861,2.612,0.86,3.965,2.296,1.48,1.354,1.897,3.204,3.067,1.404,1.429,1.352,7.068,2.407,0
9.352,7.074,11.93,15.835,11.322,3.163,1.678,2.904,3.336,6.568,0.693,2.668,0.809,3.628,2.8,1.62,1.331,1.6,3.252,3.788,1.299,1.295,1.228,6.527,2.487,0
8.308,4.464,8.597,12.32,17.262,3.07,0.832,3.366,2.935,10.728,0.793,1.963,0.905,2.371,4.67,1.737,1.173,0.952,3.349,5.393,1.205,0.975,1.034,5.594,2.801,0
5.755,1.919,5.424,6.433,19.725,2.568,0.508,3.777,2.183,11.832,1.184,0.926,1.148,1.852,5.824,1.43,0.886,0.666,3.427,5.73,1.353,0.732,0.997,5.677,3.103,0
4.434,1.155,4.565,4.711,17.608,2.206,0.595,3.492,1.898,10.3,1.388,0.577,1.241,2.11,5.5,1.227,0.735,0.682,3.464,5.204,1.475,0.667,1.028,6.229,3.197,0
2.867,0.76,3.596,4.499,9.666,1.806,1.035,2.304,1.553,5.551,1.634,0.269,1.248,2.858,3.56,1.009,0.573,0.849,3.403,3.519,1.599,0.658,1.114,7.729,3.221,2
2.826,1.063,2.768,5.177,4.016,1.941,1.607,1.587,1.598,3.091,1.715,0.258,1.141,3.246,2.396,1.076,0.707,0.947,3.196,2.414,1.457,0.723,1.144,8.079,2.991,2
3.092,1.414,2.645,4.767,3.397,2.069,1.86,1.615,1.916,3.096,1.816,0.396,1.171,3.525,2.794,1.184,0.83,0.966,3.181,2.339,1.36,0.741,1.142,7.552,2.825,2
3.616,2.085,3.431,3.145,4.585,2.159,2.057,1.963,2.943,3.594,2.214,0.983,1.376,4.459,4.817,1.58,1.005,1.07,3.47,2.982,1.354,0.742,1.167,6.252,2.678,2
3.741,2.348,4.26,2.554,5.612,2.108,1.929,2.085,3.3,3.53,2.456,1.344,1.446,4.794,5.729,1.85,1.049,1.197,3.727,3.545,1.47,0.75,1.204,6.081,2.779,2
3.862,2.728,6.274,5.228,7.85,2.024,1.299,2.097,3.332,2.723,2.76,1.889,1.358,4.635,6.092,2.221,1.171,1.577,4.301,4.45,1.836,0.816,1.349,7.416,3.327,2
5.206,2.569,7.527,13.725,9.637,2.127,0.705,2.194,3.531,1.745,2.523,1.97,1.073,4.712,4.489,2.002,1.371,1.93,5.113,4.251,2.206,0.876,1.66,10.441,4.076,2
6.646,2.34,7.849,17.959,9.807,2.162,0.574,2.563,3.962,1.407,2.205,1.845,0.98,5.255,3.439,1.75,1.438,2.031,5.668,3.843,2.332,0.87,1.838,11.91,4.389,2
9.687,1.765,7.917,21.079,8.029,2.034,0.555,4.006,4.638,1.108,1.458,1.394,1.05,6.3,1.874,1.413,1.381,2.029,6.708,3.189,2.359,0.796,2.008,13.036,4.559,2
10.576,1.322,7.922,16.662,4.572,1.828,0.595,5.365,3.755,1.164,0.938,0.888,1.255,5.181,1.429,1.525,1.152,1.792,7.146,3.133,2.121,0.723,1.779,11.075,4.051,2
9.817,1.252,7.009,13.54,3.146,1.833,0.611,5.614,2.927,1.358,0.977,0.712,1.285,3.913,1.637,1.629,1.054,1.632,7.163,3.176,1.972,0.719,1.588,9.52,3.726,2
8.567,1.482,5.205,8.476,1.86,2.585,0.677,5.124,1.904,2.125,1.834,0.64,1.249,1.788,2.531,1.626,0.986,1.37,7.062,3.006,1.739,0.795,1.343,7.077,3.383,2
10.222,1.881,3.987,6.852,2.172,3.506,0.718,4.531,1.894,2.519,2.466,0.712,1.262,1.307,2.952,1.536,1.015,1.285,6.88,2.79,1.665,0.858,1.334,6.492,3.382,2
20.38,2.942,1.616,6,4.375,5.897,0.707,3.246,2.265,2.803,3.326,0.943,1.425,1.261,3.355,1.41,1.107,1.226,5.965,2.373,1.557,0.969,1.411,5.982,3.314,2
30.531,3.049,2.525,7.178,7.42,6.866,0.523,2.654,2.372,2.221,3.164,1.179,1.495,1.855,3.347,1.398,1.126,1.348,4.702,2.192,1.454,0.995,1.42,5.545,2.916,2
31.14,2.496,4.941,7.426,10.89,6.329,0.433,2.752,2.315,2.002,2.84,1.275,1.427,2.283,3.568,1.343,1.108,1.456,4.313,2.478,1.405,0.981,1.4,5.36,2.791,2
23.008,1.421,11.901,7.198,23.212,4.113,0.397,3.258,1.963,2.803,2.24,1.524,1.212,2.979,4.704,1.05,1.155,1.696,4.321,4.091,1.356,0.987,1.472,5.509,3.241,2
17.365,1.265,14.222,7.525,29.752,3.198,0.447,3.398,1.703,3.741,2.134,1.693,1.163,3.051,5.218,0.909,1.263,1.792,4.5,5.03,1.374,1.024,1.64,6.009,3.775,2
10.395,1.867,15.107,9.533,34.143,2.527,0.612,3.193,1.129,5.034,2.373,1.949,1.212,2.717,5.023,0.919,1.548,1.911,4.623,5.663,1.467,1.107,2.182,7.672,4.686,2
9.814,2.299,12.673,10.378,24,2.579,0.809,2.936,0.832,4.167,2.848,1.829,1.514,2.725,3.454,1.222,1.605,2.059,4.495,4.253,1.53,1.078,2.538,8.947,4.525,2
9.906,2.153,14.169,9.402,16.661,2.543,0.878,3.277,0.895,3.368,3.008,1.635,1.857,3.107,2.768,1.355,1.506,2.221,4.607,3.382,1.535,1.01,2.521,9.041,4.087,2
8.629,1.727,19.449,6.027,6.217,2.758,0.855,5.212,1.426,2.824,3.024,1.265,2.806,4.098,2.354,1.449,1.289,2.642,5.4,2.507,1.551,0.852,2.241,8.454,3.192,2
6.118,2.433,21.812,4.672,3.921,4.018,0.698,7.223,2.29,3.69,2.811,1.263,3.206,4.08,2.585,1.31,1.336,2.709,5.931,2.422,1.536,0.742,1.984,7.801,2.745,2
5.019,4.223,20.247,5.47,4.411,4.844,0.735,7.512,2.688,3.949,2.634,1.414,2.978,3.493,2.548,1.179,1.463,2.475,5.624,2.261,1.456,0.716,1.864,7.417,2.573,0
4.064,12.091,11.289,8.002,6.782,5.686,1.457,6.293,3.033,3.358,2.03,2.056,2.022,2.029,2.19,0.891,1.839,1.683,3.836,1.69,1.101,0.746,1.45,5.828,2.022,0
4.477,17.502,6.617,8.852,7.6,5.387,2.424,5.17,2.896,2.724,1.688,2.546,1.589,1.561,2.023,0.77,2.078,1.332,2.745,1.416,0.877,0.793,1.155,4.589,1.648,0
6.939,25.115,2.971,8.996,8.662,3.7,5.409,3.392,2.158,3.123,1.425,3.559,1.343,1.367,2.459,0.789,2.546,1.08,1.241,1.43,0.548,0.876,0.629,2.075,1.043,0
8.757,22.451,4.096,8.099,14.868,2.17,7.648,3.021,1.594,9.822,1.724,3.902,1.795,1.627,5.58,1.284,2.56,1.333,0.908,3.241,0.531,0.833,0.467,0.68,1.286,0
8.592,17.794,5.304,7.333,21.005,1.871,7.646,3.176,1.632,14.869,1.849,3.674,2.08,1.738,7.988,1.589,2.303,1.513,0.941,4.726,0.616,0.765,0.516,0.458,1.72,0
7.073,8.251,7.132,5.583,32.335,1.984,5.683,3.66,2.305,21.674,1.682,2.779,2.401,1.863,11.433,1.897,1.564,1.754,0.945,6.955,0.766,0.625,0.653,0.407,2.419,0
5.858,4.947,7.374,5.056,32.422,2.109,3.494,3.665,3.169,17.9,1.187,2.018,2.167,1.813,9.653,1.608,1.114,1.747,0.855,6.063,0.721,0.578,0.644,0.433,2.064,0
5.565,6.263,6.914,6.063,27.952,2.071,3.052,3.509,3.445,13.073,1.059,1.806,2.026,1.721,7.224,1.366,1.078,1.709,0.863,4.643,0.647,0.584,0.578,0.446,1.57,0
4.913,11.167,6.471,10.303,17.274,1.933,2.992,3.426,3.387,4.895,1.217,1.628,2.303,1.474,3.054,1.092,1.15,1.742,1.068,2.125,0.525,0.603,0.416,0.454,0.719,0
4,12.904,8.652,13.561,15.913,1.746,2.576,4.055,2.581,4.375,1.559,1.811,3.564,1.324,4.011,1.181,1.059,1.922,1.276,3.034,0.494,0.563,0.342,0.422,0.813,0
3.639,11.542,9.907,13.688,19.436,1.619,2.123,4.422,2.13,6.106,1.716,2.02,4.278,1.304,6.484,1.246,0.937,2.029,1.274,4.965,0.488,0.508,0.344,0.4,1.199,0
3.303,8.547,10.916,10.964,30.019,1.297,1.316,4.378,1.581,9.246,2.274,2.331,5.121,1.252,11.945,1.233,0.708,2.08,1.118,9.211,0.455,0.375,0.386,0.381,2.005,0
3.259,7.735,10.022,8.841,33.044,1.199,1.179,3.91,1.552,9.61,2.852,2.301,5.112,1.184,13.37,1.173,0.654,1.971,1.035,10.131,0.43,0.32,0.411,0.385,2.152,0
4.584,6.111,6.134,6.046,29.368,1.547,1.45,2.997,1.849,7.54,4.33,2.137,4.468,1.071,11.842,1.084,0.669,1.584,0.911,8.131,0.404,0.26,0.441,0.4,1.712,0
9.677,4.776,4.694,4.832,19.169,2.754,1.905,2.785,2.027,4.743,4.986,2.717,3.707,1.371,7.042,1.073,0.681,1.484,0.757,3.734,0.489,0.248,0.436,0.409,0.915,0
13.206,4.306,5.221,4.697,15.745,3.38,2.043,2.807,1.916,4.303,4.844,3.323,3.39,1.716,5.144,1.063,0.646,1.672,0.679,2.248,0.567,0.254,0.429,0.419,0.694,0
17.202,4.205,6.337,5.151,17.017,3.66,2.092,2.673,1.477,8.044,4.511,4.362,3.053,2.936,6.185,1.037,0.602,2.416,0.745,3.428,0.707,0.286,0.46,0.495,0.906,0
14.82,5.126,5.599,5.79,29.111,2.717,2.712,2.682,1.967,19.799,5.179,4.699,3.486,5.376,14.043,1.2,1.313,3.133,1.359,9.543,0.778,0.508,0.633,0.761,1.776,0
12.17,5.908,4.683,6.686,37.173,2.299,3.787,3.079,2.985,26.939,5.783,4.767,3.904,6.967,18.316,1.41,2.148,3.284,1.811,12.766,0.827,0.785,0.79,1.012,2.245,0
7.786,8.525,4.366,10.198,53.518,2.124,6.876,4.55,5.815,36.602,6.461,4.663,4.577,9.594,21.723,2.056,4.029,3.106,2.603,15.541,1.124,1.544,1.225,1.781,2.836,0
6.51,9.84,4.507,11.88,58.952,2.192,8.083,5.208,6.945,37.482,6.205,4.273,4.672,9.965,20.182,2.408,4.51,2.853,2.804,14.615,1.372,1.852,1.448,2.241,2.897,0
5.038,9.958,4.077,12.58,57.044,2.108,8.082,5.392,7.623,32.314,4.591,2.783,4.423,8.405,14.162,2.925,3.847,2.217,2.696,10.476,1.807,1.968,1.721,3.016,2.678,0
4.293,7.194,4.591,8.839,39.808,2.585,5.935,5.515,7.022,22.501,4.553,1.325,4.573,6.056,10.074,3.04,2.068,1.71,2.332,7.022,1.906,1.539,1.742,3.284,2.308,0
4.954,5.625,5.648,7.626,30.067,3.478,5.31,7.206,7.126,17.7,7.234,1.035,5.288,6.009,10.997,3.132,1.407,1.7,2.443,6.069,1.955,1.331,1.816,3.306,2.196,0
8.995,4.032,9.48,10.192,19.911,6.33,6.343,15.098,8.966,11.065,18.625,1.228,8.181,9.108,19.836,4.091,1.106,2.598,3.965,5.547,2.676,1.339,2.586,3.786,2.554,0
14.745,5.555,13.951,16.599,25.325,9.788,8.755,23.415,11.162,10.607,29.469,2.6,11.14,13.097,32.294,6.043,1.702,4.358,6.531,7.161,4.392,1.966,4.141,5.278,4.087,0
17.301,7.489,16.196,19.356,30.114,11.191,9.505,24.585,11.38,11.589,30.667,3.907,11.665,13.621,35.732,6.849,2.075,5.011,7.312,8.236,5.242,2.376,4.834,6.173,5.081,0
19.267,12.068,18.892,21.803,34.071,12.037,9.54,19.367,9.225,11.385,23.56,6.737,10.157,10.857,31.993,7.127,2.499,4.901,6.694,8.88,5.998,2.993,5.24,7.416,6.487,0
18.35,14.525,18.532,20.866,33.096,11.268,9.207,14.748,7.25,9.997,17.713,7.53,8.502,8.507,26.148,6.642,2.452,4.195,5.615,8.177,5.807,3.072,4.897,7.562,6.606,0
13.939,29.725,13.628,14.667,28.059,8.253,17.879,7.317,3.526,6.523,8.569,9.934,4.878,4.735,14.246,5.205,2.433,2.478,3.564,5.655,4.712,2.922,3.624,6.95,5.761,0
8.38,75.065,7.578,6.884,29.216,5.655,53.624,4.737,1.455,4.711,5.373,17.856,2.338,3.191,8.806,3.972,3.898,1.479,2.56,3.872,3.44,3.087,2.428,5.665,4.449,0
6.383,101.503,5.645,4.39,35.26,5.102,75.876,4.46,0.982,4.954,4.976,22.615,1.667,2.904,8.422,3.448,5.048,1.312,2.286,3.613,2.905,3.365,2.03,4.987,3.934,0
4.57,122.337,6.49,3.42,49.615,4.828,96.828,4.025,0.907,7.921,4.361,26.092,1.347,2.57,8.658,2.419,6.4,1.288,1.985,3.689,2.21,3.758,1.62,4.163,3.373,0
4.207,109.255,7.783,4.132,55.604,4.598,87.822,3.698,1.211,11.216,3.886,23.158,1.535,2.355,8.052,1.937,6.074,1.357,2.01,3.645,2.114,3.636,1.569,4.212,3.291,0
3.555,54.066,9.466,6.079,54.91,3.579,45.19,3.482,2.007,20.923,3.218,12.479,2.365,1.931,5.533,1.296,3.889,1.689,2.298,3.186,2.399,2.78,1.729,5.001,3.355,0
2.341,13.309,11.089,7.355,44.908,2.296,11.876,3.844,2.336,26.478,3.489,5.658,3.124,1.929,3.299,1.03,1.967,2.098,2.233,2.64,2.822,1.935,2.151,5.607,3.457,0
1.991,8.433,12.878,7.35,38.318,1.959,6.68,3.872,2.347,24.614,3.77,4.645,3.231,2.289,2.644,0.99,1.676,2.207,1.954,2.47,2.896,1.763,2.41,5.508,3.404,0
3.987,18.931,16.076,7.777,26.34,2.539,10.424,3.223,2.586,14.389,3.871,4.432,2.739,3.513,1.957,0.961,2.695,2.07,1.221,2.199,2.662,1.905,2.846,4.644,3.021,0
8.47,37.542,17.417,8.54,18.115,3.821,20.517,2.308,3.271,5.371,3.304,5.247,1.828,4.429,1.493,0.892,5.262,1.683,0.922,1.85,2.219,2.448,2.984,3.914,2.579,0
10.28,42.829,16.403,8.465,17.718,4.162,24.791,2.133,3.72,3.765,2.961,6.006,1.627,4.514,1.559,0.905,6.415,1.596,1.15,1.96,2.09,2.724,2.961,3.909,2.487,0
10.997,35.315,12.246,6.62,23.254,3.953,25.077,2.367,4.913,4.977,2.395,7.284,2.21,4.063,3.696,1.173,6.766,1.969,2.586,3.714,2.219,2.857,2.957,4.698,2.724,0
10.016,25.62,10.313,5.135,27.05,3.58,20.729,2.623,5.605,6.303,2.159,7.343,2.796,3.685,5.968,1.435,5.877,2.416,3.725,5.342,2.424,2.626,3.023,5.383,3.038,0
7.116,7.599,7.753,2.86,31.284,2.97,9.283,3.054,6.341,8.59,1.979,5.98,3.568,3.129,10.939,2.034,3.391,3.297,5.977,8.273,2.714,1.795,3.131,6.759,3.761,1
4.939,1.631,7.115,2.697,27.153,2.682,3.04,3.205,5.253,8.694,2.814,3.967,3.065,2.897,12.33,2.303,1.95,3.326,6.649,8.057,2.489,1.185,2.899,7.438,4.083,1
3.998,1.926,7.311,2.936,22.58,2.567,2.258,3.159,4.229,7.942,3.556,3.197,2.525,2.757,11.15,2.233,1.74,2.963,6.229,6.717,2.23,1.103,2.631,7.385,3.977,1
2.322,4.98,6.45,3.085,13.851,2.599,2.083,3.436,2.598,7.278,4.69,2.626,1.796,2.266,7.404,1.977,1.577,2.055,4.642,3.593,1.782,1.156,2.04,6.53,3.35,0
1.88,7.039,5.781,3.254,12.983,2.789,2.062,3.819,2.319,8.161,4.75,2.866,1.775,1.942,6.111,1.962,1.493,1.764,3.847,2.631,1.693,1.154,1.82,5.847,2.978,0
2.167,9.538,5.119,4.531,20.903,3.148,2.311,4.289,2.501,12.462,3.95,4.101,2.054,1.698,6.354,2.309,1.232,1.776,2.907,2.501,1.703,0.967,1.528,4.457,2.425,0
3.69,9.098,4.764,6.573,35.263,2.809,3.262,3.378,2.886,18.453,3.458,6.304,2.671,3.417,10.08,2.703,0.92,2.34,2.925,3.698,1.813,0.791,1.374,3.91,2.527,0
4.489,8.388,4.332,7.084,41.579,2.431,3.817,2.644,2.984,20.777,3.748,7.693,3.149,5.017,12.461,2.711,0.878,2.638,3.134,4.273,1.996,0.875,1.43,4.209,2.99,0
5.151,7.875,3.37,6.107,43.799,1.829,4.346,2.003,2.916,20.595,4.726,9.528,4.015,7.792,15.128,2.306,1.084,2.909,3.669,4.664,2.716,1.397,1.911,5.614,4.504,1
4.157,7.272,2.31,3.754,33.209,1.659,3.73,2.634,2.663,14.971,4.515,7.987,3.835,7.401,12.884,1.976,1.407,2.799,4.601,4.662,3.409,1.864,2.463,6.779,5.506,1
3.771,6.395,2.135,2.759,31.589,1.682,3.232,2.9,2.581,12.645,3.782,6.072,3.291,5.972,10.867,2.106,1.522,2.777,5.38,5.299,3.501,1.904,2.539,6.903,5.406,1
5.196,4.079,2.685,1.687,47.738,1.809,2.746,2.632,2.8,13.68,2.076,2.355,2.09,2.739,8.337,2.874,1.622,2.953,6.963,8.199,3.047,1.605,2.164,6.22,4.187,0
6.904,3.235,3.157,1.523,60.089,1.793,2.791,2.162,2.999,16.075,1.487,1.348,1.684,1.695,7.981,3.241,1.619,3.043,7.222,9.576,2.679,1.378,1.856,5.644,3.453,0
9.841,3.014,3.478,1.225,67.941,1.555,3.054,1.106,3.188,17.735,0.955,0.885,1.244,1.048,6.886,3.363,1.556,2.924,6.045,9.592,2.219,1.017,1.504,4.778,2.575,0
9.007,4.031,2.601,0.99,44.833,1.452,3.393,0.625,3.102,11.842,0.846,0.88,1.129,1.274,4.437,3.025,1.472,2.524,3.905,6.281,2.24,0.849,1.659,4.724,2.584,0
7.632,4.571,2.104,1.094,28.839,1.501,3.526,0.674,3.15,7.873,1.025,0.884,1.29,1.619,3.388,3.084,1.462,2.326,3.175,4.631,2.312,0.858,1.817,4.947,2.763,0
5.723,8.131,1.8,1.867,9.576,1.54,3.49,1.063,3.452,2.925,2.117,1.419,2.104,2.918,2.63,4.224,1.637,1.972,2.906,3.448,2.411,1.259,2.064,5.492,3.213,0
6.092,19.412,2.102,3.231,10.426,1.391,3.599,1.628,3.827,2.849,3.376,3.559,3.438,4.469,2.928,5.689,1.993,1.604,3.203,4.158,2.41,2.111,2.133,5.665,3.606,0
6.51,26.387,2.273,3.941,13.167,1.541,3.814,2.318,4.265,3.788,3.628,5.051,4.235,5.06,3.159,5.894,2.13,1.524,3.241,4.378,2.388,2.503,2.107,5.609,3.731,0
6.55,32.729,2.653,4.621,16.943,3.097,4.37,5.838,6.521,6.695,3.423,7.193,5.441,5.906,3.929,4.809,2.123,1.768,3.131,3.974,2.29,2.723,1.942,5.556,3.73,0
6.14,29.693,2.811,4.494,17.534,4.462,4.621,8.456,8.174,8.298,3.277,7.237,5.53,6.231,4.467,3.89,1.998,2.026,3.193,3.641,2.208,2.505,1.811,5.646,3.616,0
5.248,16.007,2.902,3.945,17.39,6.983,4.554,12.287,10.572,10.386,3.461,5.346,4.702,6.395,5.353,2.712,1.752,2.443,3.966,3.741,2.066,1.758,1.514,5.852,3.283,0
4.71,5.869,2.535,3.826,15.812,7.006,3.845,10.711,9.483,9.481,3.888,3.131,3.548,5.259,5.313,2.876,1.615,2.368,5.205,4.663,2.05,1.191,1.354,5.728,3.012,0
4.463,4.162,2.285,3.846,13.732,5.942,3.349,8.263,7.786,8.018,4.009,2.563,3.23,4.286,4.929,3.081,1.517,2.142,5.559,4.852,2.069,1.065,1.386,5.583,2.957,0
4.016,3.863,2.095,3.719,8.493,3.665,2.195,3.684,4.163,4.865,4.156,2.157,3.049,2.571,4.017,3.012,1.216,1.553,5.023,3.941,2.074,1.022,1.617,5.398,2.951,0
4.159,3.85,2.335,3.556,15.658,3.424,1.463,2.283,2.402,4.452,4.079,1.906,2.817,2.41,4.3,2.496,1.136,1.156,3.351,2.553,2.112,1.183,1.871,5.573,3.055,0
4.523,4.23,2.55,3.803,30.199,3.901,1.341,2.459,2.338,5.927,3.751,1.789,2.606,2.954,5.136,2.192,1.214,1.098,2.534,2.381,2.208,1.312,1.945,5.81,3.205,0
5.226,6.257,2.952,5.31,72.455,4.254,1.188,3.331,2.746,10.692,2.609,1.654,2.209,4.661,7.238,1.666,1.341,1.217,1.619,3.18,2.67,1.561,2.057,6.653,3.85,0
5.191,7.615,3.085,5.78,89.24,3.878,1.329,3.903,2.879,12.628,2.061,1.818,2.154,5.579,7.807,1.539,1.352,1.397,1.657,3.702,3.028,1.677,2.177,7.233,4.296,0
4.742,11.085,3.191,5.709,89.362,2.948,3.669,5.007,2.804,12.658,1.595,3.778,2.59,6.991,7.094,1.733,1.624,2.004,2.685,4.064,3.708,1.997,2.545,8.263,4.987,0
3.979,14.751,3.989,4.687,52.282,2.859,8.401,5.372,2.474,8.742,1.776,7.895,3.367,7.66,5.183,2.235,2.394,2.515,4.152,3.693,3.823,2.398,2.702,8.312,4.91,0
3.588,15.305,4.711,4.184,32.88,3.091,10.248,5.063,2.349,7.095,1.931,9.67,3.617,7.677,4.537,2.407,2.746,2.526,4.67,3.502,3.612,2.489,2.588,7.885,4.604,0
3.733,13.117,5.635,5.692,14.266,3.487,9.975,3.649,2.223,7.124,2.49,10.035,3.767,6.815,4.571,2.558,2.965,2.212,5.031,3.467,2.961,2.216,2.082,6.581,3.815,0
4.472,10.695,5.719,7.308,14.239,3.547,8.016,2.913,2.159,8.321,2.97,8.56,3.741,5.914,5.087,2.634,2.894,2.157,4.98,3.621,2.684,1.912,1.813,5.948,3.45,0
6.194,5.511,5.094,8.552,18.071,3.488,3.91,2.183,1.951,10.102,3.852,4.849,3.54,3.656,6.137,2.828,2.796,2.695,4.682,4.053,2.476,1.455,1.541,5.306,3.091,0
6.484,3.244,6.105,6.865,18.794,3.576,2.892,2.9,1.608,9.703,3.982,3.11,3.11,2.077,6.339,2.924,2.827,3.542,4.364,4.466,2.662,1.513,1.679,5.791,3.511,1
5.853,3.206,7.994,5.546,17.257,3.658,3.216,3.67,1.451,8.726,3.782,2.922,2.823,1.764,6.099,2.923,2.756,3.711,4.214,4.525,2.766,1.621,1.816,6.2,3.867,1
3.838,8.439,11.755,3.482,12.846,3.628,5.845,4.968,1.65,6.233,3.29,3.712,2.633,1.84,5.428,2.915,2.725,3.383,3.756,4.161,2.68,1.821,1.945,6.284,4.117,1
4.141,37.255,12.436,4.751,10.543,3.827,16.076,4.804,3.106,4.462,3.808,7.251,3.669,2.749,5.425,2.861,4,2.775,2.86,3.472,2.147,2.593,1.673,4.952,3.327,1
8.407,61.408,11.975,7.703,17.489,4.775,23.503,4.439,4.808,5.39,4.723,9.571,4.448,3.68,6.018,2.744,5.179,2.62,2.401,3.387,1.835,3.267,1.44,4.113,2.805,1
26.966,104.096,14.777,18.675,64.089,8.871,34.102,4.736,10.312,15.857,7.401,12.12,5.343,6.023,9.582,2.398,7.142,2.718,2.203,5.346,1.407,4.337,1.046,3.088,3.01,1
37.291,109.401,18.466,24.272,99.917,11.171,33.951,5.571,13.611,25.478,8.606,11.484,5.175,7.051,12.574,2.308,7.286,2.84,2.667,7.81,1.333,4.318,0.949,2.993,4.301,1
46.575,80.421,25.978,27.66,161.214,12.98,23.046,7.194,18.44,54.341,9.019,7.44,3.945,7.848,18.089,2.376,5.714,2.805,4.34,15.298,1.331,3.076,0.909,3.049,9.201,1
34.774,37.117,25.648,18.371,192.654,9.794,9.64,6.749,18.025,90.331,6.965,3.803,2.884,6.674,19.561,2.423,3.396,2.422,5.422,23.626,1.256,1.562,0.908,2.768,14.37,1
25.081,24.213,21.84,14.935,202.385,7.526,5.841,5.797,16.543,103.561,6.011,2.985,2.712,5.792,19.489,2.386,2.599,2.26,5.366,26.619,1.146,1.148,0.885,2.578,15.729,1
11.57,16.82,13.748,23.052,208.401,4.407,3.351,3.722,14.553,103.874,5.457,2.536,2.868,4.518,20.492,2.35,1.878,2.143,4.259,27.322,0.864,0.907,0.793,2.431,14.883,1
9.322,16.305,10.951,32.464,197.531,3.745,3.048,2.911,14.448,91.507,5.475,2.54,3.054,4.266,22.007,2.405,1.737,2.131,3.505,25.111,0.757,0.866,0.726,2.445,13.137,0
11.131,12.649,7.732,42.887,140.262,3.804,2.533,1.839,13.512,63.107,4.846,2.499,3.517,3.934,26.372,2.471,1.508,1.987,2.201,19.726,0.683,0.715,0.558,2.281,9.335,0
21.251,7.008,6.487,31.814,82.483,7.117,1.953,1.649,9.703,56.696,3.379,2.026,3.377,2.767,30.441,2.102,1.241,1.657,1.341,18.346,0.693,0.511,0.414,1.662,6.969,0
29.042,5.393,6.529,22.93,73.216,10.065,1.963,1.935,7.522,62.244,2.776,2.27,2.889,2.06,32.023,1.814,1.285,1.478,1.036,19.353,0.674,0.464,0.38,1.296,6.408,0
41.494,7.974,7.376,12.763,88.753,15.7,3.547,3.31,5.845,72.882,2.917,8.696,1.597,2.38,34.303,1.615,2.962,1.249,0.884,20.597,0.583,0.869,0.395,0.801,5.919,0
43.299,12.775,8.219,13.579,96.769,17.114,5.151,4.395,7.23,72.697,3.898,15.625,1.158,3.929,34.554,1.872,4.858,1.246,1.126,19.399,0.536,1.425,0.422,0.72,5.828,0
34.571,29.144,11.296,20.846,90.579,16.24,8.38,6.506,13.209,60.709,6.923,29.923,1.057,8.588,31.101,2.8,9.001,1.421,1.951,14.214,0.491,2.785,0.473,0.761,5.854,0
21.971,40.411,14.873,28.092,72.333,12.514,8.903,7.6,17.25,49.171,8.656,31.117,1.48,11.417,25.19,3.573,9.627,1.617,2.582,11.455,0.534,3.211,0.515,0.89,6.381,0
18.713,40.716,16.593,31.32,68.305,10.498,7.847,8.045,16.601,47.55,8.337,25.555,1.645,11.229,22.645,3.784,8.128,1.677,2.846,12.244,0.608,2.849,0.544,0.968,6.756,0
17.571,30.668,19.282,36.576,71.544,6.612,4.924,9.407,10.893,48.502,6.19,11.305,2.033,8.423,20.242,3.898,3.912,1.774,3.495,16.118,0.831,1.588,0.617,1.129,7.232,0
16.572,18.162,19.919,35.643,73.307,3.712,3.506,9.799,4.882,42.253,4.66,4.139,2.53,5,20.319,3.525,1.486,1.829,3.794,18.039,0.932,0.735,0.628,1.191,7.059,0
14.831,13.86,18.928,31.26,71.036,2.989,3.458,8.79,3.157,35.716,4.438,3.346,2.662,3.631,20.398,3.099,1.163,1.773,3.51,17.608,0.865,0.568,0.592,1.149,6.805,0
8.995,7.76,14.167,17.343,63.843,2.581,3.403,4.886,1.863,24.006,3.942,2.734,2.531,1.744,21,2.038,1.117,1.435,2.184,16.754,0.55,0.393,0.476,0.956,6.467,0
6.192,5.181,11.44,11.372,60.228,2.64,3.12,3.138,1.831,21.156,3.359,2.312,2.381,1.344,21.569,1.629,1.117,1.211,1.49,17.002,0.388,0.321,0.423,0.852,6.38,0
2.787,2.491,6.862,5.65,50.656,2.965,2.241,2.191,2.278,20.16,2.029,1.675,2.199,1.658,23.072,1.249,1.039,0.84,0.721,18.38,0.228,0.266,0.356,0.715,6.05,0
2.472,4.624,4.589,5.234,43.375,3.827,2.861,3.972,2.439,22.886,1.324,2.1,2.284,2.265,26.11,1.249,1.052,0.713,0.771,19.612,0.309,0.504,0.354,0.964,5.292,0
3.365,10.532,3.97,6.457,42.19,4.769,5.212,5.109,2.326,25.25,1.286,3.057,2.393,2.4,27.906,1.341,1.299,0.755,1.06,19.933,0.418,0.845,0.397,1.482,4.857,0
6.425,38.585,4.448,13.905,53.245,8.123,17.095,6.522,2.336,29.65,1.507,7.049,2.56,2.646,29.58,1.673,2.447,0.938,2.332,18.961,0.719,2.018,0.605,3.399,4.05,0
9.577,74.34,6.301,22.77,101.298,11.954,34.249,6.06,3.819,31.729,1.701,12.311,2.584,3.371,30.085,2.3,3.835,1.335,4.803,16.244,1.029,3.227,0.913,5.347,3.881,0
10.539,83.42,7.103,24.707,135.278,12.798,39.715,5.334,5.031,31.457,1.786,13.895,2.524,3.853,30.465,2.692,4.229,1.661,6.266,14.637,1.161,3.536,1.061,5.809,4.074,0
10.534,70.402,7.297,21.794,179.088,10.806,36.454,3.951,7.055,27.515,2.062,12.447,2.329,4.407,29.146,3.22,3.992,2.328,8.276,11.57,1.37,3.33,1.305,5.789,4.585,0
10.475,52.971,6.991,18.965,173.939,8.587,28.9,3.674,7.532,24.006,2.199,9.791,2.159,4.189,26.733,3.198,3.459,2.489,8.386,10.73,1.442,2.951,1.41,5.85,4.861,0
14.281,22.229,7.391,14.302,114.661,4.63,12.724,3.846,7.693,15.898,2.181,4.449,1.63,2.936,19.902,2.589,2.237,2.201,6.863,11.049,1.52,2.243,1.615,7.105,5.513,0
21.366,11.955,9.185,13.094,52.199,3.143,4.973,3.977,7.436,11.34,1.732,2.225,1.116,1.665,15.26,1.88,1.51,1.462,4.652,12.516,1.667,1.927,1.81,8.88,6.464,0
23.312,11.197,9.62,12.777,36.345,3.077,3.868,3.812,7.025,11.068,1.488,2.022,1.024,1.321,14.591,1.705,1.431,1.157,3.988,12.84,1.85,1.872,1.913,9.426,7.21,2
19.52,8.71,8.345,10.438,24.174,3.154,2.802,3.321,5.267,11.653,1.224,1.761,1.256,1.239,14.646,1.629,1.712,0.839,3.859,11.874,2.378,1.812,2.16,9.749,9.452,2
14.602,6.868,7.173,8.237,19.736,3.132,2.149,3.12,4.112,11.62,1.206,1.512,1.474,1.436,14.663,1.597,1.895,0.775,4.192,10.832,2.573,1.765,2.271,9.655,10.61,2
5.376,4.209,5.67,3.815,11.943,3.033,1.086,2.649,2.244,10.429,1.504,1.317,1.789,2.53,13.724,1.519,1.96,0.801,5.215,8.586,2.495,1.597,2.275,9.011,11.232,2
3.192,3.147,5.851,2.721,10.717,2.845,0.698,1.784,1.432,8.245,2.449,1.71,1.717,4.528,11.55,1.68,1.528,1.102,6.07,6.453,1.919,1.337,1.87,7.631,8.477,2
4.088,2.622,5.924,3.063,16.077,2.699,0.655,1.364,1.288,8.699,2.993,1.889,1.535,5.375,11.085,1.808,1.23,1.344,6.186,5.919,1.627,1.195,1.594,6.92,6.56,2
6.336,1.621,4.983,4.13,45.02,2.501,0.709,1.142,1.312,15.383,3.539,1.779,1.103,5.504,13.403,1.809,0.766,1.808,5.81,7.293,1.306,1.018,1.211,6.403,4.24,2
6.708,1.153,3.393,5.184,82.127,2.5,1.074,1.746,1.714,23.383,3.264,1.417,0.863,3.717,15.547,1.502,0.728,1.957,5.391,9.861,1.275,1.101,1.227,7.286,4.381,2
6.337,1.269,3.072,5.585,91.109,2.501,1.285,2.138,1.91,24.121,3.035,1.336,0.809,2.762,14.448,1.439,0.84,1.897,5.481,10.281,1.31,1.186,1.339,7.974,4.665,2
5.621,2.118,3.846,5.991,76.874,2.192,1.42,2.582,2.083,17.351,2.741,1.346,0.682,2.069,9.597,1.689,1.085,1.617,6.218,9.177,1.454,1.256,1.642,9.657,4.926,2
5.707,2.662,4.487,6.136,58.751,1.957,1.311,2.517,2.187,12.075,2.698,1.317,0.632,2.396,8.044,1.913,1.161,1.452,6.632,8.471,1.547,1.217,1.808,10.68,5.087,2
7.19,3.743,5.182,6.992,27.335,2.112,1.063,1.916,2.625,5.023,2.913,1.022,0.813,3.547,10.76,2.121,1.203,1.201,6.99,8.578,1.649,1.094,2.037,12.372,5.771,2
8.73,4.644,5.153,8.33,20.752,3.722,1.211,1.28,3.134,4.811,3.583,0.615,1.347,4.057,17.199,1.838,1.16,1.082,6.359,9.616,1.548,1.08,1.929,12.145,6.15,2
8.968,4.814,5.368,8.861,23.548,4.698,1.353,1.174,3.292,5.751,3.897,0.484,1.558,3.893,18.41,1.605,1.132,1.046,5.736,9.426,1.425,1.143,1.788,11.366,5.873,2
8.349,4.254,5.87,8.73,24.561,5.577,1.341,1.498,3.26,7.076,3.952,0.458,1.611,3.444,14.452,1.294,1.062,1.001,4.494,7.111,1.124,1.338,1.672,10.148,4.747,2
7.659,3.524,5.821,8.237,22.455,5.255,1.128,1.845,3.046,7.575,3.673,0.545,1.535,3.456,11.14,1.307,1.017,1.005,4.053,6.042,1.006,1.426,1.778,10.193,4.403,2
5.782,1.755,4.524,6.726,18.666,3.689,0.638,2.562,2.338,10.512,2.769,0.799,1.45,3.876,8.271,1.592,0.997,1.135,3.647,7.349,0.969,1.527,2.154,10.997,5.121,2
3.808,0.501,2.834,4.744,17.745,2.178,0.509,2.838,1.54,15.167,1.702,1.051,1.528,3.903,10.274,1.869,1.163,1.42,3.948,11.815,1.23,1.514,2.375,11.17,6.845,2
3.568,0.195,2.288,2.996,15.709,1.303,0.614,2.392,1.039,15.185,1.051,1.24,1.577,3.202,9.816,2.033,1.387,1.599,4.552,12.775,1.579,1.369,2.46,10.844,7.46,2
4.053,0.171,2.221,2.313,13.109,1.104,0.635,2.033,0.935,12.697,1.053,1.31,1.572,2.885,8.008,2.088,1.447,1.589,4.692,11.07,1.689,1.263,2.525,10.776,7.151,2
5.349,0.171,2.206,1.74,9.47,1.424,0.646,1.539,1.051,8.475,1.521,1.379,1.602,3.026,5.299,2.046,1.421,1.477,4.638,6.104,1.678,1.07,2.557,10.55,5.941,2
5.858,0.219,2.31,1.972,14.882,1.969,0.678,1.471,1.364,10.67,1.751,1.338,1.647,3.388,7.152,1.913,1.355,1.436,4.746,4.734,1.572,1.02,2.413,10.227,5.391,2
6.446,0.597,3.093,3.542,47.755,3.159,0.785,1.46,2.416,25.914,1.864,1.061,1.657,3.829,18.67,1.503,1.152,1.415,5.9,5.93,1.333,1.054,1.814,9.494,4.915,2
6.894,1.145,4.231,5.643,82.17,3.744,0.864,1.532,3.093,40.317,1.907,0.675,1.516,3.37,29.523,1.206,0.882,1.505,7.803,8.763,1.308,1.175,1.321,9.881,5.148,2
7.179,1.286,4.596,6.413,86.056,3.826,0.919,1.713,3.029,41.233,2.07,0.523,1.44,2.979,30.752,1.163,0.778,1.615,8.403,9.643,1.384,1.217,1.275,10.587,5.382,2
7.544,1.104,4.548,6.933,66.179,3.773,1.206,2.701,2.423,33.083,2.58,0.444,1.362,2.392,28.479,1.2,0.8,1.884,7.927,11.725,1.504,1.185,1.449,11.448,5.92,2
7.66,0.989,4.2,7.114,53.264,3.589,1.497,3.519,2.191,28.733,2.778,0.568,1.357,2.233,28.695,1.26,0.913,1.957,6.864,13.935,1.463,1.09,1.507,10.883,6.224,0
7.97,1.124,3.424,8.482,44.791,3.149,2.242,5.385,2.566,26.071,3.045,1.139,1.304,1.876,34.75,1.534,1.083,1.93,4,20.088,1.18,0.778,1.302,7.482,6.794,0
8.172,2.268,3.115,9.729,48.335,3.715,2.833,6.483,4.243,24.958,3.465,1.769,1.085,1.501,37.802,2.06,0.979,1.836,1.944,22.504,0.878,0.493,0.823,3.368,6.535,0
7.82,2.884,3.12,10.057,45.418,4.562,3.078,6.391,5.198,22.195,3.727,1.982,0.976,1.429,34.438,2.344,0.869,1.79,1.603,20.64,0.792,0.415,0.612,2.048,5.842,0
6.956,3.811,3.227,9.575,33.659,6.793,3.64,4.971,6.145,16.052,4.007,2.135,1.075,1.469,21.21,2.579,0.718,1.558,1.83,13.027,0.737,0.369,0.377,1.158,3.749,0
10.456,5.232,3.793,8.222,31.725,9.258,4.335,3.123,5.232,14.998,3.771,1.991,1.597,1.509,10.284,2.055,0.74,1.116,2.115,6.035,0.702,0.357,0.33,1.14,1.97,0
14.51,6.655,4.382,7.717,40.067,10.584,4.8,2.578,4.604,18.431,3.563,1.831,1.934,1.636,8.796,1.614,0.789,0.92,2.094,3.991,0.66,0.346,0.338,1.066,1.513,0
22.505,9.744,5.986,7.807,75.408,12.586,5.847,2.481,4.348,39.863,3.283,1.49,2.711,2.439,13.916,1.006,1.024,0.893,1.979,3.06,0.551,0.331,0.39,0.826,1.59,0
24.942,11.374,7.162,9.084,94.729,12.673,6.225,2.716,4.725,56.144,3.238,1.41,3.106,3.001,18.712,1.005,1.233,1.086,2.008,3.931,0.509,0.336,0.435,0.738,2,0
24.387,13.379,10.053,13.292,108.821,10.182,6.121,2.942,5.32,78.472,2.965,1.53,3.723,3.825,25.428,1.387,1.63,1.587,2.192,6.666,0.469,0.361,0.53,0.675,2.803,0
19.871,12.317,12.198,14.984,79.999,5.992,4.837,2.644,4.651,65.288,2.109,1.821,4.095,3.721,22.115,1.626,1.602,1.775,2.184,7.909,0.463,0.373,0.565,0.662,2.695,0
17.063,10.289,11.82,12.904,60.83,4.233,4.043,2.479,4,48.978,1.622,1.972,4.212,3.392,17.92,1.592,1.411,1.651,2.038,7.707,0.46,0.371,0.552,0.658,2.32,0
11.045,7.447,8.653,7.962,40.352,2.183,3.07,2.286,2.823,22.142,0.994,2.297,4.096,2.622,11.187,1.377,0.991,1.1,1.61,6.728,0.436,0.354,0.498,0.696,1.66,0
7.718,5.852,6.259,5.328,41.505,1.751,2.917,2.238,2.45,17.249,0.978,2.428,3.777,2.323,9.916,1.292,0.889,0.843,1.414,6.334,0.42,0.349,0.482,0.746,1.561,0
7.244,5.164,2.871,3.835,48.628,1.782,2.98,2.409,2.427,16.919,1.643,2.353,2.729,2.038,9.302,1.289,0.906,0.634,1.176,5.539,0.452,0.385,0.513,0.92,1.594,0
16.677,8.758,2.74,7.517,45.37,2.742,3.445,3.219,3.104,13.365,2.946,1.708,1.991,2.021,8.092,1.606,0.932,0.77,1.419,3.97,0.759,0.491,0.662,1.368,1.51,0
22.898,11.243,3.706,9.62,40.588,3.284,3.778,3.701,3.372,10.213,3.689,1.385,2.166,2.013,7.591,1.968,0.944,0.958,1.837,3.095,1.075,0.559,0.792,1.754,1.525,0
30.583,14.738,5.933,11.185,31.244,3.765,4.263,3.95,3.148,5.401,5.132,1.229,3.531,2.03,8.179,3.346,1.197,1.499,2.948,2.315,1.949,0.707,1.135,2.621,2.035,0
30.418,14.858,6.577,10.663,27.559,3.584,4.269,3.576,2.719,4.353,5.673,1.373,4.231,2.176,8.922,4.243,1.434,1.74,3.298,2.469,2.366,0.774,1.29,2.905,2.45,0
23.968,11.705,5.829,8.42,19.81,2.638,3.611,2.441,1.849,3.633,5.844,1.69,4.407,2.825,9.103,5.447,1.748,1.871,3.05,2.997,2.749,0.829,1.377,2.865,2.92,0
16.664,7.726,3.683,7.318,13.763,1.666,2.465,1.796,1.512,2.955,4.536,1.652,2.896,3.201,6.593,4.815,1.435,1.47,2.014,2.685,2.335,0.718,1.09,2.212,2.4,0
15.243,6.392,2.872,7.596,13.733,1.383,1.995,1.766,1.519,2.581,3.531,1.541,2.015,3.079,4.98,3.913,1.128,1.193,1.6,2.241,1.924,0.61,0.876,1.837,1.91,0
18.546,5.701,2.493,9.458,21.005,1.283,1.536,1.881,1.532,1.976,1.747,1.469,0.994,2.537,2.879,2.065,0.642,0.773,1.36,1.489,1.089,0.388,0.523,1.211,1.05,0
24.317,7.737,3.288,11.318,28.501,1.437,1.969,1.804,1.214,1.547,0.905,1.939,0.828,2.273,2.72,1.115,0.604,0.599,1.541,1.301,0.587,0.28,0.399,0.777,0.64,0
25.072,9.991,3.806,12.365,28.822,1.495,2.445,1.788,1.033,1.491,0.726,2.377,0.888,2.24,2.82,0.966,0.715,0.647,1.614,1.311,0.5,0.29,0.433,0.665,0.557,0
19.437,14.614,4.961,13.564,21.01,2.273,3.39,2.568,1.95,2.654,0.642,3.412,1.524,2.152,2.487,1.088,1.047,1.16,1.743,1.447,0.608,0.417,0.793,0.741,0.599,0
15.482,16.573,5.787,14.414,15.958,3.332,3.931,3.619,3.381,4.1,0.704,3.834,2.196,2.07,2.09,1.364,1.246,1.587,1.915,1.655,0.747,0.509,1.132,0.934,0.723,0
13.195,21.442,9.034,17.817,12.725,6.126,5.967,6.166,6.85,7.4,0.9,4.357,3.655,1.789,1.503,2.097,1.88,2.439,2.645,2.41,1.038,0.659,1.835,1.625,1.054,0
15.862,25.525,12.535,18.878,14.104,7.467,8.644,6.903,8.3,8.466,1.125,5.059,4.232,1.645,2.182,2.55,3.124,2.998,3.813,3.296,1.258,0.745,2.057,2.627,1.312,0
17.316,26.43,14.105,18.363,14.858,7.198,9.59,6.404,8.021,8.002,1.312,5.578,4.213,1.852,3.061,2.642,3.835,3.191,4.395,3.644,1.362,0.815,1.972,3.123,1.434,0
19.295,24.67,16.373,16.593,16.916,5.608,9.598,5.043,6.547,6.59,1.946,6.346,4.16,3.092,5.066,2.739,4.527,3.355,4.961,4.095,1.648,1.136,1.786,3.876,1.887,0
18.952,17.843,16.043,14.05,18.085,4.15,7.487,4.434,5.339,5.832,2.841,5.733,4.102,4.643,5.939,2.75,3.58,2.858,4.342,4.325,2.001,1.616,1.88,4.38,2.692,0
17.165,13.575,14.213,12.535,17.079,3.738,6.336,4.3,4.98,5.495,3.227,4.918,3.868,5.1,5.68,2.678,2.745,2.367,3.807,4.36,2.137,1.805,1.986,4.654,3.113,0
10.538,6.574,8.243,8.094,10.809,3.367,4.52,3.907,4.502,4.31,3.489,3.27,3.016,5.106,4.31,2.406,1.379,1.443,3.076,4.128,2.242,1.895,2.134,5.274,3.634,0
6.902,3.647,4.993,5.26,6.5,3.298,3.807,3.743,4.413,3.619,3.328,2.747,2.583,4.814,3.5,2.273,1.058,1.177,3,3.806,2.231,1.809,2.167,5.518,3.669,0
4.504,1.337,1.916,4.065,3.536,2.932,2.558,3.469,4.532,2.591,2.809,2.157,2.139,4.256,2.223,2.269,0.926,1.039,3.119,2.996,2.244,1.58,2.178,5.731,3.462,0
5.751,0.972,1.488,5.603,7.901,2.228,1.645,2.83,4.254,3.617,2.745,1.655,2.472,4.171,2.4,2.73,0.955,1.058,3.09,2.87,2.337,1.448,2.055,5.722,3.264,0
6.145,1.234,1.412,5.871,13.84,2.104,1.342,2.421,3.912,5.744,2.866,1.377,2.86,4.231,3.249,3,0.962,1.042,2.969,3.294,2.346,1.411,1.95,5.674,3.238,0
7.009,2.216,2.395,6.531,34.552,2.847,1.216,2.079,3.89,14.878,2.978,0.939,3.673,4.02,6.488,3.151,1,0.979,2.563,5.036,2.244,1.312,1.817,5.48,3.507,0
6.956,4.437,4.208,5.789,71.097,3.895,1.377,2.38,5.049,30.019,2.865,0.74,3.798,3.138,11.781,2.615,1.114,0.926,2.178,7.817,2.168,1.201,1.964,5.322,4.887,0
6.348,5.503,4.778,5.334,92.13,4.042,1.365,2.512,5.638,37.053,2.847,0.687,3.429,2.749,14.448,2.265,1.201,0.935,2.135,9.164,2.166,1.165,2.09,5.283,5.898,0
4.801,5.657,4.303,5.371,109.043,3.672,1.26,2.521,6.109,41.314,2.732,0.673,2.156,2.727,16.665,1.801,1.323,1.071,2.382,10.021,2.139,1.107,2.171,5.2,7.183,0
3.788,4.309,2.611,6.093,82.143,3.344,1.577,2.286,6.166,29.959,2.29,0.909,1.072,3.215,12.712,1.908,1.298,1.38,2.801,7.914,2.046,1.035,1.87,4.99,6.14,0
3.857,3.897,2.066,6.371,58.55,3.496,1.969,2.098,6.501,21.747,2.039,1.083,0.839,3.23,9.262,2.207,1.287,1.602,2.998,6.451,2.013,1.017,1.648,4.837,4.981,0
4.898,3.746,2.525,5.929,19.415,4.228,2.867,1.604,7.193,9.593,1.977,1.319,1.136,2.571,3.163,3.075,1.456,2.083,3.373,4.406,1.956,1.033,1.315,4.434,2.876,0
5.492,3.939,3.591,5.215,9.761,4.512,3.156,1.378,6.959,7.062,2.229,1.379,1.635,2.166,1.586,3.448,1.635,2.23,3.489,3.942,1.878,1.044,1.243,4.162,2.267,0
5.845,4.719,6.401,3.474,6.3,4.4,2.971,1.455,4.778,5.662,2.707,1.581,2.944,1.88,0.925,3.708,1.997,2.058,3.298,3.342,1.62,1.041,1.261,3.604,1.743,0
4.559,5.962,7.656,2.558,6.174,3.595,1.982,2.334,2.301,4.675,2.443,1.869,3.872,2.456,1.153,3.421,2.107,1.411,2.689,2.909,1.465,1.064,1.413,3.341,1.608,0
3.417,6.186,7.13,2.848,5.482,3.155,1.464,2.827,1.98,4.235,2.111,1.949,3.988,2.914,1.269,3.181,2.069,1.109,2.433,2.895,1.479,1.098,1.507,3.329,1.66,0
1.7,5.559,4.644,4.963,4.397,2.838,0.935,3.351,3.236,3.784,1.705,1.956,3.769,3.757,1.518,2.654,1.993,1.027,2.384,3.16,1.635,1.16,1.728,3.63,1.957,0
1.501,5.105,3.49,6.433,5.671,3.064,1.005,3.304,4.105,3.854,1.73,1.963,3.625,3.984,1.774,2.397,2,1.305,2.625,3.357,1.757,1.171,1.895,4.122,2.189,0
2.241,3.55,2.358,7.641,19.016,3.738,1.513,2.902,4.687,8.427,1.891,2.163,3.477,4.004,3.973,2.13,2.023,2.168,3.449,4.332,2.07,1.19,2.349,5.813,2.844,0
3.256,2.605,2.348,5.946,57.06,3.746,1.94,2.875,3.882,25.75,1.725,2.43,3.351,4.223,10.242,2.335,1.911,2.711,4.341,6.933,2.427,1.3,2.689,7.214,3.789,0
3.603,2.295,2.478,4.478,79.388,3.435,1.991,3.137,3.557,36.704,1.581,2.388,3.276,4.61,13.942,2.53,1.823,2.733,4.777,8.565,2.59,1.377,2.701,7.34,4.252,0
6.258,4.557,5.162,6.311,108.336,3.218,2.312,3.94,3.932,48.725,2.382,2.348,3.851,6.455,18.195,3.262,1.933,2.853,6.23,10.866,2.976,1.661,2.558,7.055,4.886,0
46.37,32.248,47.796,48.254,107.303,10.373,10.458,10.245,10.509,42.243,12.156,9.682,13.467,18.215,22.233,7.872,5.032,6.371,12.928,13.579,4.395,3.46,3.359,8.615,6.066,0
111.796,71.645,112.572,112.485,126.203,23.7,23.309,20.676,22.517,40.172,23.705,20.399,25.537,31.537,28.985,13.084,9.798,10.585,19.912,17.251,5.903,5.577,4.561,10.483,7.329,0
339.968,208.529,333.507,336.56,252.684,76.893,66.562,59.334,71.086,63.198,52.976,51.918,57.385,64.557,52.366,26.049,25.504,20.971,36.397,30.355,9.851,11.248,8.045,14.437,10.617,0
451.379,276.725,439.747,447.106,329.73,107.627,88.005,80.35,99.576,88.04,62.837,64.704,68.514,75.046,62.409,30.352,32.905,24.239,41.396,37.051,11.383,13.35,9.508,15.535,11.818,1
506.024,320.711,490.054,507.228,381.786,136.05,101.737,97.268,127.042,129.15,58.427,65.487,64.543,67.85,61.373,28.625,36.206,22.187,37.849,40.819,11.529,12.947,9.902,15.489,11.664,1
316.61,219.188,306.483,328.43,258.668,98.395,69.635,69.756,93.702,113.442,31.97,37.92,35.822,36.031,35.725,17.655,23.23,12.794,23,28.942,8.484,7.605,7.104,14.707,9.113,1
198.275,149.528,193.062,213.869,172.653,67.063,47.532,48.692,65.043,86.562,19.961,23.289,22.528,21.835,22.504,12.607,15.141,8.624,16.517,20.714,6.85,4.917,5.433,14.711,7.941,0
56.03,52.376,54.229,69.609,56.998,19.347,17.247,17.803,20.875,32.886,8.298,7.059,9.324,7.848,7.844,7.113,4.854,4.333,10.136,8.43,4.856,2.184,3.226,14.848,6.632,0
34.194,31.766,32.069,44.266,33.961,9.304,11.016,11.194,11.152,17.15,6.794,4.635,7.375,5.781,5.427,5.854,3.027,3.513,8.967,5.418,4.439,1.996,2.772,14.449,6.234,0
18.78,14.04,16.604,21.049,15.568,5.082,6.317,7.281,5.92,6.048,5.643,3.01,5.409,4.194,3.308,3.866,1.967,2.414,6.944,3.26,4.024,2.251,2.479,12.358,5.229,0
9.533,7.621,9.755,8.547,7.7,4.504,3.79,5.488,4.533,3.46,4.899,2.044,4.323,3.983,2.3,2.451,1.496,1.847,5.287,2.597,3.87,2.291,2.564,9.959,4.105,1
6.868,7.183,9.456,6.367,5.97,4.405,2.955,4.717,4.116,2.923,4.74,1.774,4.121,4.046,2.082,2.063,1.39,1.828,4.991,2.366,3.898,2.275,2.764,9.249,3.759,1
3.808,6.982,10.191,4.751,4.056,4.282,2.215,3.6,3.532,3.129,4.767,1.613,4.109,3.583,2.228,1.689,1.239,1.907,4.992,2.05,4.144,2.42,3.322,9.314,3.914,1
2.6,6.036,10.269,4.282,3.407,3.673,2.283,2.991,2.661,3.458,4.793,1.719,4.434,2.671,2.949,1.524,0.99,1.863,4.507,1.877,4.415,2.68,3.529,10.465,4.924,1
2.263,5.192,9.645,4.263,3.288,3.235,2.383,2.894,2.202,3.239,4.611,1.745,4.497,2.381,3.375,1.537,0.889,1.859,4.067,1.884,4.425,2.681,3.372,10.813,5.364,1
1.938,3.959,8.456,4.177,4.313,2.523,2.228,2.785,1.568,2.421,3.697,1.689,3.98,2.26,4.409,1.873,0.965,2.007,3.669,2.26,4.069,2.271,2.78,10.355,5.486,1
2.061,4.108,8.228,4.001,5.474,2.428,2,2.591,1.493,2.252,3.067,1.707,3.421,2.271,5.037,2.168,1.141,2.108,3.857,2.611,3.811,1.955,2.546,9.765,5.253,1
2.28,5.049,7.646,3.204,7.601,2.843,1.494,1.876,1.892,2.736,2.198,1.975,2.316,2.19,6.368,2.766,1.526,2.207,4.571,3.405,3.51,1.44,2.478,8.754,4.813,1
2.468,4.614,7.232,1.988,8.132,3.99,1.348,1.606,3.258,3.953,3.152,2.55,2.752,2.917,7.938,3.578,1.689,2.764,6.108,4.512,3.75,1.391,2.957,8.319,4.797,1
2.985,3.857,9.186,1.752,7.901,5,1.63,2.359,4.334,4.899,4.512,3.013,3.878,4.339,8.824,4.249,1.767,3.564,7.687,5.294,4.103,1.604,3.399,8.191,4.916,1
5.821,3.166,22.438,2.873,7.445,7.42,2.791,6.248,6.624,6.994,7.882,3.997,7.119,9.506,10.215,5.832,2.081,5.807,11.796,6.715,5.003,2.339,4.468,7.96,5.176,1
9.464,4.033,39.093,5.67,7.512,8.132,3.501,10.446,8.432,7.519,9.382,4.218,9.119,14.03,9.945,6.289,2.285,6.817,13.684,6.448,5.617,2.963,5.25,8.896,5.477,1
10.497,4.368,42.469,7.373,7.81,7.383,3.302,11.154,9.378,6.823,8.953,4.04,8.962,14.428,9.26,5.726,2.186,6.312,12.856,5.518,5.689,3.054,5.364,10.071,5.674,1
9.895,4.013,33.635,10.298,8.439,4.861,2.218,8.976,11.276,4.436,6.701,3.952,6.771,11.809,8.141,3.759,1.66,4.086,8.965,3.264,5.439,2.77,5.073,12.523,6.037,1
7.389,2.728,15.944,11.052,8.476,3.479,1.615,5.058,11.344,2.535,4.949,4.926,4.366,9.433,8.252,2.481,1.272,2.572,5.864,2.191,5.216,2.311,4.663,13.003,6.375,1
6.445,2.44,10.074,10.977,8.091,3.408,1.716,3.708,10.278,2.037,4.769,5.495,3.749,9.549,8.397,2.383,1.247,2.468,5.28,2.17,5.21,2.157,4.521,12.381,6.517,1
6.194,3.31,7.146,11.113,6.774,3.468,2.19,2.753,7.276,1.819,5.331,5.416,3.471,10.82,7.82,2.685,1.315,2.749,5.198,2.518,5.083,1.94,4.062,10.667,6.463,1
6.553,4.097,8.066,11.124,6.142,3.249,2.37,2.722,6.098,1.93,5.674,4.637,3.443,10.994,7.195,2.782,1.297,2.754,5.296,2.785,4.816,1.812,3.639,10.022,6.172,1
6.789,4.901,9.828,9.391,4.913,2.299,2.727,2.734,4.818,2.345,5.567,2.667,3.132,10.67,6.257,2.61,1.137,2.382,5.668,3.523,3.909,1.517,2.601,9.092,5.163,1
5.904,4.396,8.704,5.765,3.846,1.649,3.137,2.518,4.392,2.976,4.236,1.925,2.801,11.22,6.182,2.341,0.989,1.946,6.387,4.191,2.97,1.343,1.821,7.859,4.129,1
5.084,4.027,7.167,4.423,3.446,1.685,3.195,2.315,4.276,3.312,3.401,2.257,2.944,11.679,6.275,2.343,0.965,1.842,6.722,4.329,2.738,1.346,1.698,7.256,3.881,1
4.127,3.864,4.166,4.928,3.368,2.179,2.948,2.391,3.787,3.752,2.164,3.652,3.93,11.449,6.133,2.596,1.015,1.86,6.699,4.158,2.829,1.415,1.947,6.518,3.961,0
3.982,4.118,3.355,6.574,3.802,2.388,2.847,2.98,3.362,3.833,1.935,4.278,4.453,10.586,5.71,2.702,1.1,1.919,6.277,3.927,2.98,1.4,2.181,6.339,4.076,0
4.286,4.207,3.335,10.543,5.447,2.592,3.138,5.156,3.125,4.026,2.907,4.817,5.395,9.234,4.674,2.753,1.437,2.185,5.349,3.543,3.245,1.312,2.609,6.286,4.223,0
4.708,3.534,3.81,11.79,6.745,3.039,3.677,7.215,4.629,4.831,6.506,5.21,7.718,11.681,5.344,3.222,2.11,3.207,5.904,3.83,3.846,1.56,3.283,7.019,4.837,0
4.535,3.033,3.805,10.531,7.013,3.387,3.735,7.67,5.714,5.368,8.614,5.602,9.411,14.115,6.611,3.743,2.521,3.953,6.841,4.395,4.314,1.865,3.788,7.618,5.385,0
3.928,2.418,3.511,6.319,7.35,3.866,3.157,7.05,6.836,5.815,10.705,6.07,11.619,17.689,9.532,4.88,3.042,5.007,8.827,6.087,4.959,2.487,4.609,8.416,6.197,0
3.843,2.41,3.406,4.521,7.544,4.05,2.638,6.104,6.451,5.629,10.242,5.787,11.154,17.389,10.491,5.239,2.994,5.024,9.318,6.774,4.921,2.628,4.652,8.446,6.176,1
4.532,3.005,3.465,3.326,7.612,5.351,1.645,3.901,5.008,5.946,8.014,4.369,7.36,12.359,11.377,5.304,2.342,4.224,8.905,6.758,4.415,2.571,4.046,8.46,5.613,1
5.049,3.906,3.395,3.484,6.944,8.182,1.026,2.615,5.188,8.573,7.832,2.918,4.033,6.099,12.358,5.066,1.567,3.35,7.559,5.214,4.354,2.612,3.639,9.636,5.633,1
4.831,4.336,3.205,3.689,6.499,9.428,0.94,2.519,5.857,10.17,8.804,2.462,3.767,4.243,12.916,5.005,1.383,3.112,6.872,4.387,4.57,2.754,3.761,10.593,5.972,1
3.75,5.509,2.721,4.392,5.622,9.83,1.36,2.709,6.485,11.709,10.599,1.989,4.871,3.494,12.714,5.009,1.649,2.947,5.885,3.478,4.74,2.864,4.034,11.691,6.382,1
2.659,6.893,2.082,4.903,5.083,7.602,2.125,2.534,5.237,9.877,10.248,1.764,5.286,4.573,10.049,5.336,2.448,3.053,5.755,3.881,3.959,2.33,3.464,10.419,5.583,1
2.184,7.262,1.824,4.697,4.846,6.151,2.413,2.452,4.298,8.167,9.269,1.748,4.849,4.974,8.255,5.774,2.781,3.191,6.003,4.58,3.384,1.913,2.968,9.227,4.893,1
1.371,6.679,1.937,3.415,4.588,3.768,2.941,2.678,2.993,4.88,6.539,1.958,3.391,4.865,5.188,7.079,2.888,3.389,6.671,6.711,2.535,1.255,2.228,7.411,3.797,1
1.19,5.785,2.281,2.646,4.387,3.054,3.304,2.858,2.811,3.829,5.352,2.379,3.03,4.915,4.366,7.7,2.715,3.456,6.963,7.872,2.434,1.126,2.142,7.258,3.657,1
1.413,8.973,2.918,1.599,3.371,2.947,4.699,2.846,3.553,3.409,4.801,4.721,4.425,7.799,4.484,8.405,2.699,4.079,7.634,9.701,2.815,1.196,2.458,8.096,4.166,1
1.932,74.484,3.075,1.621,3.409,3.974,16.032,2.601,5.495,4.199,6.771,9.558,7.588,13.527,5.864,8.228,5.509,5.354,8.568,10.413,3.246,1.894,2.907,8.513,4.748,1
2.187,158.347,2.995,1.965,4.689,4.313,30.208,2.659,6.335,4.434,7.849,13.906,8.612,15.24,6.33,7.907,8.802,5.824,8.972,10.366,3.249,2.782,3.036,8.235,4.764,1
3.295,379.678,3.002,3.395,8.828,4.121,72.562,3.347,6.719,4.43,8.08,28.848,8.232,12.99,5.842,7.088,17.915,5.934,9.302,9.696,3.112,5.922,3.265,7.886,4.599,1
4.382,475.001,3.525,4.78,10.521,3.916,93.669,3.902,6.572,4.622,7.489,38.323,7.604,10.15,5.485,6.872,22.211,5.926,9.488,9.322,3.332,7.94,3.558,8.45,4.848,1
7.747,535.193,6.224,9.566,11.51,4.221,115.228,5.421,7.274,6.131,7.112,51.515,7.974,6.547,6.681,7.424,26.839,6.641,10.638,9.118,4.839,11.344,4.634,11.155,6.526,1
10.341,415.611,9.389,14.63,10.051,5.123,99.548,7.228,9.458,8.089,8.492,45.884,10.464,8.435,9.694,8.45,25.12,7.393,11.79,9.133,6.641,11.83,5.445,13.479,8.456,1
10.248,323.776,9.902,15.391,8.97,5.181,81.924,7.713,10.08,8.568,8.845,36.868,11.212,9.931,10.431,8.406,22.376,7.022,11.555,8.675,6.954,10.747,5.316,13.51,8.746,1
7.276,159.028,7.988,11.601,6.754,3.865,43.454,7.107,9.203,7.844,7.191,17.89,10.1,10.527,8.453,7.088,14.957,4.762,9.448,6.786,5.958,7.061,3.991,11.233,7.467,1
3.798,81.404,4.761,5.107,4.574,1.979,24.755,5.575,7.569,5.469,3.849,10.699,7.154,8.31,4.095,6.083,9.126,2.95,7.612,5.545,4.073,3.985,2.463,8.245,5.08,1
3.289,86.806,3.725,3.211,3.92,1.568,27.597,5.15,7.295,4.39,2.492,12.904,5.788,7.02,2.454,6.069,8.372,2.883,7.363,5.635,3.398,3.438,2.044,7.406,4.169,1
4.78,143.059,3.224,3.069,3.806,2.498,44.587,5.156,7.358,4.005,1.266,21.848,3.951,5.247,1.296,6.204,10.109,4.103,7.808,6.57,2.963,3.976,2.02,7.266,3.554,1
5.883,162.237,3.448,3.743,3.943,3.648,49.447,5.226,7.121,4.795,1.276,24.328,3.521,4.783,1.489,5.947,10.797,4.874,8.074,6.829,3.072,4.396,2.278,7.594,3.786,0
6.901,131.216,3.731,4.157,3.749,5.854,40.024,5.104,6.021,7.146,1.866,19.921,3.414,4.439,2.643,4.842,8.705,5.694,8.192,6.304,3.534,4.291,3.014,8.153,4.79,0
5.396,53.067,3.268,3.232,3.19,6.106,17.019,5.002,5.237,8.085,2.604,9.57,3.456,4.794,4.235,3.922,4.321,5.085,7.637,5.103,3.945,3.169,3.629,8.23,5.606,0
4.381,24.746,2.878,2.966,3.328,5.524,8.522,5.093,5.307,7.705,3.102,6.17,3.548,5.892,5.009,3.892,2.859,4.616,7.361,4.766,4.175,2.724,3.847,8.326,5.83,0
4.111,5.554,3.112,4.447,6.15,4.321,2.46,5.158,6.379,6.834,4.991,4.955,4.5,11.193,6.52,4.746,2.259,4.535,7.762,5.147,4.931,2.685,4.281,9.239,6.264,0
5.459,6.644,5.035,7.053,10.604,4.275,2.343,5.081,7.663,7.638,7.662,5.612,6.485,17.541,7.816,5.568,2.723,5.324,9.239,5.955,5.692,3.157,4.619,10.732,6.816,1
5.817,6.49,6.1,7.65,11.867,4.561,2.335,5.187,7.869,8.27,8.946,5.384,7.462,19.216,8.484,5.47,2.83,5.434,9.747,6.036,5.787,3.255,4.593,11.236,6.975,1
4.911,4.83,6.583,6.563,10.519,4.93,2.271,5.48,6.998,8.126,11.236,4.037,8.581,18.447,10.165,4.416,2.591,4.55,9.608,5.49,5.236,3.01,3.98,10.924,6.696,1
3.919,3.826,5.837,5.364,8.428,4.865,2.275,5.382,6.217,7.295,11.988,3.24,8.546,16.559,10.849,3.822,2.286,3.831,9.12,5.078,4.737,2.753,3.47,10.094,6.268,1
2.415,2.291,3.659,3.581,4.793,4.224,2.367,4.445,4.909,5.289,12.131,2.447,7.66,12.276,10.926,3.057,1.684,2.816,8.038,4.312,3.849,2.312,2.478,7.959,5.272,1
2.884,1.757,2.883,3.475,4.545,3.089,2.242,3.134,3.925,4.03,11.114,3.036,6.802,10.018,9.802,2.514,1.454,2.414,7.29,3.536,3.399,2.092,1.943,6.832,4.547,1
3.65,1.763,3.307,3.613,5.315,2.62,2.049,2.76,3.53,3.869,10.517,3.422,6.531,9.895,9.252,2.265,1.458,2.262,7.266,3.196,3.337,2.005,1.881,7.093,4.351,1
5.016,2.937,5.572,3.594,6.83,2.453,1.566,2.755,2.943,4.403,9.155,3.432,5.85,10.182,8.355,2.195,1.491,2.014,7.806,2.999,3.564,1.817,2.088,8.941,4.312,1
5.203,3.85,7.247,3.375,7.155,2.799,1.465,2.984,2.751,5.183,8.205,3.013,5.284,9.706,7.76,2.362,1.467,1.915,7.97,3.131,3.776,1.728,2.245,9.901,4.39,1
5.355,5.457,10.261,3.037,7.807,3.939,1.85,3.532,2.639,7.584,5.702,1.915,3.84,6.652,5.981,2.706,1.399,1.8,7.317,3.558,4.031,1.587,2.328,10.473,4.523,1
6.682,6.134,10.59,3.765,10.022,5.09,2.599,4.205,2.808,9.655,3.85,1.534,2.748,3.241,4.714,3.035,1.528,1.923,6.106,4.229,3.948,1.557,2.093,9.485,4.679,1
7.343,6.008,9.587,4.448,11.105,5.497,2.803,4.638,3.005,10.069,3.47,1.687,2.392,2.368,4.611,3.236,1.655,2.041,5.68,4.651,3.809,1.573,1.968,8.819,4.745,1
8.22,9.643,6.996,5.384,11.477,5.744,2.822,5.356,3.362,9.373,3.008,2.455,1.702,1.839,4.73,3.44,2.18,2.108,5.054,5.089,3.262,1.576,1.805,7.322,4.478,0
6.756,49.536,5.495,4.884,8.97,4.973,3.26,5.108,3.148,7.059,2.477,6.918,1.29,1.813,4.428,2.965,6.762,1.741,4.017,4.298,2.36,1.716,1.588,5.157,3.423,0
6.063,92.099,5.072,4.495,7.791,4.353,3.963,4.583,2.949,5.793,2.291,11.345,1.477,1.901,4.132,2.498,11.839,1.47,3.3,3.519,1.9,1.981,1.394,3.899,2.752,0
4.159,176.311,4.234,3.317,5.624,3.439,5.682,3.404,3.131,4.156,2.216,20.499,2.679,2.366,3.705,1.658,23.127,1.06,2.01,2.044,1.282,2.75,0.916,1.856,1.671,0
11.216,176.821,10.638,9.947,13.947,4.933,6.335,4.281,5.515,4.83,3.373,22.223,4.7,4.227,4.661,1.738,25.258,0.986,1.397,1.721,1.054,3.037,0.604,0.99,1.175,0
23.727,145.732,20.574,21.238,29.512,7.413,6.449,6.269,8.145,6.298,4.765,19.63,6.018,5.918,5.92,2.233,21.47,1.073,1.353,2.104,0.982,2.821,0.566,0.879,1.069,0
65.938,80.08,49.378,56.746,85.204,13.961,6.763,11.743,14.821,9.943,7.769,12.564,8.322,9.538,8.413,3.585,10.345,1.406,1.594,3.283,0.845,1.948,0.639,0.909,0.98,0
86.862,64.598,60.44,71.894,113.942,15.859,7.333,13.617,17.292,10.787,8.329,10.669,8.659,10.577,8.691,4.067,6.283,1.582,1.807,3.741,0.825,1.552,0.699,0.969,0.98,0
99.179,66.522,59.243,74.834,134.168,14.144,11.88,13.038,17.549,9.645,6.408,11.968,6.824,9.618,6.634,4.068,4.148,1.743,2.28,3.963,0.928,1.359,0.788,1.066,1.027,0
76.073,62.731,38.751,48.482,99.929,8.575,19.718,8.149,12.638,7.074,3.277,16.043,3.602,6.544,4.471,3.195,5.59,1.571,2.742,3.674,1.032,1.756,0.869,1.112,1.072,0
61.789,56.65,30.789,35.386,76.08,6.57,22.473,5.843,10.067,6.263,2.516,17.399,2.539,5.434,4.546,2.827,6.155,1.455,2.941,3.692,1.02,1.927,0.928,1.129,1.109,0
49.663,44.083,26.639,22.947,50.054,6.105,20.845,3.939,7.44,6.611,2.983,16.276,2.021,4.599,6.39,2.726,5.971,1.405,3.11,4.36,0.952,1.87,1.07,1.153,1.352,0
54.304,36.44,26.928,21.484,49.58,7.438,16.734,4.109,7.345,7.933,3.674,13.713,2.091,4.4,7.19,2.898,5.223,1.467,2.976,4.861,0.955,1.644,1.122,1.153,1.552,0
74.771,20.395,23.726,18.119,58.29,10.733,7.801,5.013,7.523,11.243,4.69,7.237,1.958,3.7,7.271,3.045,3.352,1.516,2.222,5.335,1.008,1.115,1.101,1.11,1.817,0
83.54,11.648,18.506,16.379,58.631,12.203,3.995,5.573,6.71,12.385,4.922,3.152,2.049,2.778,6.202,2.597,2.057,1.34,1.323,4.561,0.92,0.884,0.918,0.998,1.59,0
76.112,9.793,16.356,16.376,52.793,11.43,3.542,5.596,5.968,11.248,4.729,2.395,2.27,2.353,5.539,2.276,1.658,1.236,1.032,3.854,0.808,0.883,0.807,0.941,1.336,0
44.638,6.985,10.751,15.227,35.014,7.796,3.184,5.303,4.442,6.606,3.968,2.215,2.545,1.731,4.023,1.806,1.2,1.125,0.797,2.481,0.614,0.935,0.634,0.918,0.901,0
32.729,5.316,5.919,12.126,25.986,8.454,3.153,4.888,3.338,4.412,3.631,2.221,2.193,1.64,2.763,1.703,1.22,1.001,0.758,1.605,0.6,0.915,0.528,0.996,0.785,0
40.396,4.624,4.415,9.833,26.608,11.479,3.082,4.671,2.968,5.31,3.726,1.992,1.868,1.781,2.488,1.736,1.34,0.885,0.814,1.347,0.62,0.857,0.496,1.014,0.785,0
60.696,3.567,3.641,5.864,31.707,17.136,2.588,4.293,2.385,8.104,3.688,1.304,1.329,2.07,2.599,1.692,1.529,0.625,1.156,1.03,0.583,0.694,0.458,0.908,0.748,0
62.038,3.382,3.754,4.362,31.411,17.184,2.276,4.112,2.172,8.543,3.335,1.008,1.196,2.095,2.724,1.553,1.531,0.545,1.379,0.936,0.529,0.614,0.449,0.799,0.713,0
40.183,3.676,3.93,2.545,21.976,11.108,1.879,3.458,1.829,6.538,2.299,0.67,1.112,1.979,2.666,1.107,1.318,0.552,1.56,0.866,0.437,0.466,0.438,0.586,0.64,0
13.106,4.851,3.673,1.932,12.129,3.9,1.742,2.333,1.562,3.374,1.5,0.641,0.989,2.088,2.103,0.73,0.98,0.71,1.184,0.907,0.41,0.334,0.412,0.499,0.549,0
6.788,5.813,3.814,2.194,11.189,2.076,1.724,1.822,1.588,2.54,1.277,0.755,0.909,2.291,1.809,0.648,0.853,0.796,0.917,0.931,0.41,0.295,0.398,0.515,0.506,0
5.748,7.959,4.439,3.391,14.813,1.596,2.025,1.318,2.073,2.794,1.383,1.123,0.855,2.579,1.728,0.701,0.792,0.916,0.657,0.955,0.403,0.302,0.398,0.62,0.496,0
7.075,8.796,4.935,4.443,15.845,2.857,2.801,1.536,3.02,4.229,3.217,1.39,1.033,2.447,2.48,1.017,0.898,0.964,0.949,0.977,0.4,0.357,0.435,0.717,0.558,0
6.93,8.543,4.872,4.709,13.625,3.815,3.172,1.803,3.524,5.086,4.709,1.44,1.184,2.359,2.901,1.24,0.951,0.974,1.202,1.009,0.417,0.376,0.454,0.736,0.566,0
5.823,7.329,4.304,4.949,8.038,5.255,3.291,2.227,3.934,6.309,7.233,1.454,1.331,2.355,3.189,1.662,0.953,0.986,1.637,1.115,0.48,0.386,0.468,0.725,0.491,0
5.264,6.821,4.064,4.95,6.598,5.359,3.033,2.292,3.713,6.429,7.67,1.456,1.251,2.467,3.141,1.781,0.885,0.983,1.729,1.159,0.505,0.38,0.46,0.709,0.434,0
5.059,6.239,3.95,4.859,7.447,4.83,2.535,2.397,3.364,6.135,6.751,1.443,0.881,2.857,3.435,1.792,0.667,0.93,1.556,1.22,0.526,0.364,0.422,0.694,0.398,0
4.864,4.994,4.053,4.97,9.433,4.986,2.919,3.055,4.456,6.264,5.098,1.422,0.542,3.319,4.959,1.77,0.474,0.876,1.109,1.245,0.55,0.377,0.365,0.707,0.513,0
4.825,4.223,4.088,4.96,9.836,5.382,3.407,3.681,5.305,6.469,4.552,1.446,0.574,3.431,5.992,1.878,0.42,0.901,0.941,1.22,0.56,0.416,0.34,0.721,0.583,0
6.433,4.957,4.425,4.617,10.503,5.721,4.516,5.141,6.459,6.551,4.081,2.002,1.664,3.623,7.592,2.671,0.405,1.067,0.931,1.117,0.585,0.576,0.329,0.766,0.687,0
11.857,10.115,6.064,4.928,12.787,5.159,5.088,5.897,7.047,6.329,4.24,3.572,3.984,4.745,7.868,4.159,0.508,1.208,1.239,1.102,0.684,0.771,0.384,0.843,0.785,0
15.48,16.707,7.068,5.586,14.586,4.868,5.998,5.803,7.326,6.292,4.468,5.137,4.975,5.58,7.522,4.78,0.672,1.18,1.359,1.147,0.76,0.852,0.422,0.883,0.836,0
20.587,83.356,7.54,7.162,15.768,4.546,27.319,5.069,7.368,6.545,4.719,16.857,5.208,6.393,6.317,4.983,3.421,0.957,1.438,1.537,0.905,1.421,0.574,1.026,1.013,0
19.413,292.362,5.245,11.418,12.622,4.277,89.273,4.852,6.697,7.449,4.01,45.617,3.214,5.458,4.904,4.019,11.478,0.843,2.256,2.517,1.063,3.172,0.955,1.722,1.507,0
16.619,427.899,3.861,15.43,9.89,4.231,122.801,5.216,6.687,8.393,3.398,60.877,2.077,4.926,4.254,3.511,15.931,0.913,3.49,3.158,1.219,4.219,1.196,2.462,1.883,0
10.187,597.828,2.69,26.804,5.557,4.443,147.427,6.464,8.964,11.303,2.582,71.305,0.848,5.066,3.538,3.088,19.339,1.257,7.767,4.448,1.902,5.304,1.617,5.454,2.717,0
7.657,577.907,2.853,31.657,4.58,4.549,130.782,6.873,11.298,12.64,2.623,62.635,0.863,5.741,3.642,3.154,17.196,1.483,10.141,4.942,2.426,5.081,1.777,7.861,3.109,0
5.247,360.628,3.228,32.885,5.046,4.295,68.153,6.417,16.079,13.019,3.226,30.299,1.438,7.164,4.409,3.279,8.799,1.861,12.61,5.176,3.414,3.739,2.015,13.289,3.766,2
6.179,126.145,3.031,22.912,7.429,3.659,23.121,4.657,17.185,10.405,3.35,7.124,1.871,7.411,4.799,2.87,2.749,1.926,10.442,4.171,3.669,2.6,2.069,16.147,4.37,2
7.424,62.198,2.794,16.931,8.753,3.405,14.067,3.754,15.634,8.738,2.999,3.199,1.899,6.931,4.533,2.447,1.661,1.819,8.205,3.345,3.476,2.269,1.973,15.734,4.653,0
10.121,17.165,2.942,8.414,10.932,3.045,6.738,2.844,9.601,5.894,2.007,2.143,1.678,4.898,3.624,1.526,1.202,1.495,4.137,1.929,2.823,1.713,1.582,12.384,4.998,0
11.566,9.418,4.473,8.101,12.487,2.859,3.288,3.503,4.531,4.418,1.799,2.397,1.661,3.228,4.55,1.538,1.291,1.371,3.291,2.046,2.595,1.348,1.41,9.648,5.438,0
11.054,7.733,5.392,10.245,12.553,2.887,2.258,4.088,3.829,4.259,2.153,2.448,1.885,3.126,6.028,2.117,1.42,1.41,4.34,2.715,2.82,1.334,1.558,9.39,5.953,0
7.405,5.377,6.14,15.162,10.88,2.948,1.313,4.489,4.661,4.487,3.425,2.207,2.512,3.786,9.125,3.728,1.619,1.475,7.977,4.235,3.704,1.458,2.186,10.523,7.466,0
5.117,4.604,5.75,15.547,9.557,2.836,1.34,4.089,5.025,4.634,4,2.003,2.697,3.997,9.632,4.201,1.638,1.439,9.44,4.628,4.102,1.48,2.503,11.44,8.141,0
1.882,3.7,4.654,11.987,6.781,2.201,1.474,2.728,4.207,4.336,4.471,1.63,2.597,3.698,7.643,3.701,1.568,1.347,9.473,4.426,4.191,1.35,2.74,12.705,8.363,2
1.968,3.276,5.246,6.811,4.841,1.69,1.389,2.597,2.355,3.526,4.474,1.372,2.223,3.188,4.096,2.126,1.584,1.435,6.497,3.688,3.252,1.125,2.335,12.044,6.809,0
2.997,3.065,5.777,5.095,4.312,2.011,1.393,3.453,1.726,3.58,4.646,1.269,2.082,3.157,2.891,1.639,1.637,1.507,5.003,3.441,2.643,1.039,2.017,10.994,5.75,0
5.625,2.478,5.611,3.253,4.426,4.06,1.589,6.2,1.224,5.242,5.271,1.056,1.946,3.426,2.651,1.91,1.626,1.493,3.387,3.389,1.725,0.963,1.514,8.705,4.168,0
6.588,2.166,4.851,3.078,4.783,5.304,1.695,7.244,1.146,6.44,5.353,0.968,1.889,3.58,3.459,2.418,1.496,1.412,3.116,3.477,1.491,0.953,1.409,8.178,3.86,0
6.614,1.793,3.043,3.986,4.523,6.824,1.658,6.897,1.247,7.836,4.425,0.955,1.71,3.978,5.678,3.211,1.039,1.312,3.026,3.57,1.432,0.967,1.517,9.299,4.11,0
4.66,2.076,2.632,5.296,3.189,6.553,1.378,4.125,1.936,6.821,2.914,1.122,1.629,4.322,6.994,3.302,0.665,1.405,3.608,3.417,1.736,1.069,1.828,11.865,4.631,2
3.614,2.352,2.99,5.568,2.55,5.922,1.273,2.869,2.282,5.632,2.42,1.219,1.663,4.425,6.983,3.179,0.633,1.424,4.11,3.359,1.923,1.128,1.931,12.74,4.673,2
2.359,2.691,3.654,5.035,2.118,4.183,1.235,1.733,2.539,3.174,2.066,1.498,1.741,4.882,6.042,3.017,0.993,1.255,5.066,3.52,2.135,1.141,1.87,12.424,4.188,2
2.498,2.685,3.096,3.595,3.321,2.354,1.266,1.474,2.586,1.718,1.792,2.078,1.571,5.998,5.13,3.23,1.757,1.078,5.772,3.705,1.929,0.996,1.566,9.865,3.325,2
2.82,2.576,2.469,2.847,4.422,1.685,1.23,1.323,2.687,1.518,1.586,2.436,1.414,6.5,4.975,3.391,2.108,1.11,6.173,3.595,1.697,0.929,1.439,8.509,2.956,2
3.252,2.522,1.593,1.868,6.441,1.294,1.144,1.111,2.826,2.003,1.43,2.775,1.146,6.168,4.929,3.486,2.281,1.362,6.9,3.046,1.252,0.942,1.34,7.243,2.653,2
3.211,2.82,1.573,1.668,6.652,1.402,1.211,1.199,2.775,2.377,1.52,2.585,1.102,5.27,4.822,3.303,2.063,1.482,6.9,2.773,1.141,1.02,1.33,7.607,2.742,2
2.624,3.971,1.916,1.657,5.028,1.533,1.625,1.715,2.699,2.773,1.706,1.695,1.184,2.969,4.206,2.447,1.427,1.48,5.513,2.351,1.191,1.188,1.272,9.826,3.155,2
1.972,4.613,2.376,1.895,2.584,1.355,2.154,2.142,3.216,2.655,1.488,1.028,1.306,1.791,3.532,1.527,1.15,1.162,3.104,1.881,1.441,1.239,1.184,11.952,3.415,2
1.976,4.456,2.85,2.27,1.848,1.252,2.359,2.233,3.652,2.51,1.322,0.959,1.312,1.806,3.328,1.279,1.174,0.979,2.189,1.61,1.571,1.205,1.186,12.212,3.402,2
2.768,4.037,4.131,5.601,2.023,1.191,2.509,2.227,4.534,2.261,1.289,1.083,1.161,2.411,2.997,1.289,1.219,0.743,1.734,1.271,1.759,1.034,1.33,11.089,3.249,2
3.993,4.617,4.727,14.831,3.697,1.342,2.286,1.967,5.876,2.275,1.757,1.202,0.895,3.486,2.421,1.586,1.039,0.726,2.652,1.468,1.711,0.833,1.478,9.539,3.1,2
4.382,4.961,4.412,20.056,4.399,1.532,2.096,1.716,6.714,2.429,2.024,1.231,0.787,4.116,2.117,1.692,0.914,0.852,3.388,1.89,1.573,0.777,1.506,9.264,3.042,2
4.344,4.524,2.815,25.064,4.472,2.382,1.771,1.15,7.278,2.836,2.198,1.202,0.711,4.893,1.779,1.775,0.824,1.576,5.28,3.407,1.191,0.801,1.552,9.795,2.974,2
3.839,2.75,1.77,19.105,3.61,3.611,1.643,0.842,5.727,3.22,1.734,1.05,0.705,4.378,1.75,1.923,0.981,2.598,6.935,4.762,0.987,0.913,1.667,10.677,3.043,2
4.104,1.901,1.997,13.86,3.375,4.09,1.581,0.817,4.792,3.383,1.399,0.973,0.711,3.703,1.807,2.06,1.065,2.897,7.254,4.901,1.027,0.935,1.753,10.911,3.174,2
6.016,1.018,3.666,5.312,3.577,4.181,1.287,0.749,3.729,3.53,0.959,0.893,0.937,2.309,2.107,2.263,1.116,2.687,6.748,4.037,1.261,0.879,1.912,10.698,3.548,2
7.61,1.341,5.28,2.575,3.864,3.174,1.042,0.599,3.209,3.419,1.089,0.983,1.523,1.76,2.598,2.207,1.108,1.894,5.637,2.919,1.408,0.871,1.92,9.67,3.706,2
7.423,1.853,5.679,2.684,3.929,2.576,1.031,0.596,2.769,3.365,1.325,1.113,1.885,1.788,2.865,2.128,1.127,1.601,5.184,2.706,1.415,0.94,1.862,9.244,3.643,2
5.24,2.851,5.478,4.058,4.253,1.715,1.183,0.774,1.941,3.274,1.866,1.435,2.487,2.163,3.361,1.94,1.17,1.399,4.322,2.733,1.386,1.132,1.686,9.425,3.365,2
3.913,3.021,4.988,4.872,4.519,1.567,1.275,0.913,1.871,3.254,2.092,1.548,2.662,2.402,3.524,1.804,1.15,1.359,3.79,2.65,1.373,1.185,1.596,10.004,3.231,2
2.33,2.561,3.752,5.241,4.381,1.931,1.41,1.232,2.131,3.545,2.301,1.522,2.671,2.569,3.61,1.397,0.993,1.211,3.009,2.037,1.377,1.158,1.507,11.53,3.175,2
2.194,1.789,2.452,3.667,3.175,2.664,1.617,1.737,2.032,4.291,2.137,1.184,2.248,2.19,3.297,1.031,0.795,1.083,3.264,1.411,1.536,1.124,1.553,12.629,3.569,2
2.44,1.611,1.921,2.69,2.85,2.923,1.795,2.074,1.882,4.596,1.982,1.001,1.987,1.892,3.007,1.006,0.751,1.055,3.574,1.298,1.728,1.171,1.618,12.938,3.967,2
3.525,1.521,1.349,1.592,4.177,3.034,2.08,2.608,1.934,4.38,1.949,0.861,1.625,1.378,2.691,1.265,0.856,1.001,3.699,1.368,2.162,1.384,1.8,12.906,4.832,2
4.076,1.397,1.238,1.71,5.381,2.878,2.038,2.639,2.421,3.775,2.165,0.902,1.512,1.33,2.783,1.415,0.958,0.941,3.366,1.408,2.233,1.476,1.848,12.253,4.98,0
4.4,1.034,1.114,5.552,6.869,2.3,1.581,2.117,5.186,2.161,2.682,1.016,1.223,2.214,3.13,1.427,1.058,0.766,2.237,1.285,1.838,1.438,1.649,9.164,4.144,0
4.608,1.12,1.012,13.779,6.518,1.813,1.292,1.279,9.827,1.128,2.54,1,0.925,4.289,3.154,1.069,1.006,0.728,1.321,1.046,1.056,1.09,1.132,4.929,2.331,0
5.518,1.393,1.018,17.155,6.547,1.799,1.358,0.976,11.613,1.031,2.199,0.964,0.864,5.185,2.903,0.89,1,0.816,1.101,0.998,0.741,0.888,0.89,3.172,1.519,0
8.623,2.079,1.316,17.492,7.983,2.351,1.672,0.841,11.392,1.324,1.52,0.951,0.923,5.363,2.045,0.758,1.056,1.065,0.992,1.052,0.445,0.615,0.62,1.215,0.628,0
9.582,2.291,2.023,11.056,8.954,3.039,1.901,1.26,6.953,1.665,1.274,1.097,0.936,3.69,1.294,0.855,0.985,1.093,1.014,1.103,0.403,0.502,0.542,0.807,0.448,0
8.574,2.112,2.463,8.192,8.771,3.176,1.964,1.516,4.681,1.741,1.312,1.217,0.889,2.893,1.121,1.007,0.87,1.033,1.034,1.2,0.402,0.459,0.51,0.736,0.438,0
5.815,1.738,3.451,6.747,8.125,3.348,1.973,1.748,2.201,1.891,1.735,1.429,0.864,2.538,1.263,1.714,0.683,1.081,1.135,1.915,0.454,0.395,0.477,0.553,0.527,0
5.24,1.812,4.005,7.666,8.409,3.587,1.904,1.645,1.876,2.048,2.122,1.47,0.922,2.807,1.498,2.187,0.679,1.235,1.208,2.468,0.517,0.39,0.495,0.487,0.636,0
6.065,2.375,4.901,9.03,9.861,4.226,1.633,1.149,1.749,2.477,2.762,1.39,1.049,2.99,1.838,2.739,0.753,1.551,1.326,3.153,0.677,0.414,0.546,0.515,0.886,0
6.869,3.107,4.883,7.553,9.795,4.223,1.399,0.701,1.888,2.747,2.426,1.259,0.988,2.271,1.601,2.228,0.706,1.443,1.323,2.497,0.83,0.408,0.525,0.692,1.002,0
6.482,3.32,4.439,6.011,8.626,3.865,1.329,0.594,1.94,2.741,1.928,1.253,0.875,1.812,1.34,1.726,0.632,1.229,1.286,1.843,0.889,0.393,0.489,0.763,0.99,0
4.983,3.249,3.351,3.335,5.564,3.051,1.256,0.899,1.793,2.62,1.083,1.398,0.714,1.266,1.114,1.029,0.507,0.773,1.268,0.902,0.931,0.418,0.445,0.784,0.882,0
4.25,2.956,2.937,2.845,4.378,2.808,1.32,1.386,1.642,2.537,0.959,1.481,0.799,1.317,1.283,1.031,0.489,0.641,1.358,0.84,0.905,0.474,0.467,0.754,0.808,0
2.92,2.078,2.378,2.729,3.019,2.764,1.755,2.584,1.29,2.352,1.242,1.432,1.305,1.95,2.168,1.491,0.518,0.621,1.706,1.234,0.772,0.616,0.58,0.713,0.632,0
2.09,1.259,1.991,2.471,2.123,3,2.16,3.054,0.874,2.121,1.674,1.129,1.775,2.703,3.136,1.821,0.555,0.77,1.937,1.533,0.632,0.66,0.644,0.753,0.492,0
2.268,0.993,1.863,2.284,1.989,3.042,2.143,2.873,0.727,2.014,1.779,0.963,1.819,2.897,3.352,1.794,0.571,0.84,1.886,1.507,0.597,0.622,0.622,0.781,0.469,0
3.73,0.951,1.826,2.373,2.702,2.839,1.691,2.193,0.782,2.036,1.725,0.904,1.476,2.667,3.118,1.432,0.601,0.854,1.505,1.205,0.599,0.485,0.518,0.787,0.501,0
4.849,0.942,1.787,2.875,4.11,2.636,1.151,1.778,1.196,2.537,1.867,1.351,0.945,2.005,2.603,1.147,0.633,0.751,1.201,1.001,0.656,0.366,0.486,0.7,0.551,0
4.824,0.878,1.852,3.153,4.68,2.614,0.957,1.722,1.347,2.767,2.132,1.618,0.736,1.734,2.396,1.162,0.654,0.708,1.199,1.001,0.695,0.332,0.523,0.646,0.572,0
4.072,0.954,2.781,3.403,4.705,2.371,0.709,1.861,1.426,2.544,2.698,1.832,0.768,1.538,2.024,1.366,0.685,0.759,1.453,1.085,0.779,0.319,0.644,0.587,0.629,0
3.709,4.774,5.277,4.025,3.313,1.572,1.52,2.17,1.896,1.569,2.967,1.785,2.944,2.367,1.998,1.467,0.708,1.564,1.987,1.209,0.861,0.429,0.812,0.618,0.771,0
4.168,14.798,6.991,4.834,2.963,1.567,3.623,2.406,2.69,1.598,3.49,2.193,5.075,3.33,2.916,1.477,1.035,2.556,2.313,1.382,0.912,0.642,0.966,0.692,0.921,0
6.737,65.607,9.736,6.474,5.391,4.927,13.254,4.025,5.741,5.107,7.513,5.633,9.128,5.646,9.284,1.65,3.469,5.549,3.006,2.307,1.129,1.642,1.414,1.138,1.456,0
9.655,100.452,10.739,7.679,9.201,8.104,19.391,5.528,7.75,8.352,11.14,8.518,9.798,6.605,14.607,1.985,5.435,7.066,3.479,3.183,1.322,2.301,1.616,1.532,1.798,0
17.943,146.923,11.113,10.739,20.152,14.161,26.849,8.339,11.1,14.769,18.164,13.234,7.599,7.589,24.265,3.276,8.509,8.575,4.732,5.339,1.797,3.117,1.757,2.454,2.354,0
24.473,120.214,9.441,12.913,27.445,16.234,22.566,8.406,11.426,17.817,18.777,12.485,3.653,7.494,24.819,4.578,7.637,7.237,5.765,6.457,2.147,2.65,1.63,3.189,2.513,0
24.726,87.241,8.223,12.428,27.099,15.515,17.447,7.304,10.318,17.693,16.073,10.146,2.324,7.234,21.378,4.814,5.9,5.915,5.943,6.169,2.21,2.127,1.59,3.495,2.496,0
18.793,28.438,5.674,9.436,21.586,12.308,7.839,4.793,7.369,15.608,8.534,4.846,1.328,6.222,12.299,4.222,2.431,3.504,5.714,4.438,2.171,1.33,1.69,4.24,2.549,0
14.187,13.433,4.551,8.132,20.298,10.519,4.825,4.184,6.424,14.998,5.527,3.12,1.227,5.432,8.816,3.598,1.475,2.759,5.496,3.554,2.113,1.197,1.773,4.661,2.659,0
8.054,4.943,2.804,7.529,26.383,7.401,1.944,4.396,6.312,17.043,2.721,2.049,1.235,3.766,5.912,2.486,0.957,2.078,5.017,2.758,1.998,1.184,1.828,5.237,2.904,0
7.397,4.111,2.545,7.023,35.432,5.368,1.14,4.828,6.852,20.617,2.8,2.366,1.359,2.625,6.381,2.111,0.909,1.838,4.283,3.298,2.096,1.251,1.903,5.462,3.155,0
7.735,4.086,2.839,5.859,37.182,4.789,1.136,4.637,6.611,21.187,3.226,2.668,1.338,2.217,6.879,2.165,0.889,1.869,4.045,3.802,2.288,1.364,2.076,5.665,3.357,0
7.948,5.36,3.253,4.583,38.453,3.547,1.688,3.357,5.234,18.273,3.923,3.278,1.201,1.673,7.183,2.495,1.121,2.411,4.44,5.124,2.768,1.702,2.632,6.313,3.863,0
6.851,15.222,3.007,7.203,47.088,1.882,2.899,2.228,4.169,13.287,3.595,3.702,1.208,1.508,6.406,2.78,2.294,3.074,5.6,6.421,2.904,1.897,2.973,6.789,4.158,0
6.009,23.344,2.96,10.214,52.812,1.134,3.691,2.252,4.174,11.359,3.051,3.734,1.301,1.569,6.069,2.9,3.149,3.206,6.239,6.805,2.783,1.871,2.944,6.886,4.194,0
5.165,35.872,3.477,18.316,54.109,0.526,5.2,3.152,5.58,8.771,2.259,3.421,1.612,2.132,7.174,3.526,4.455,3.035,7.644,6.974,2.437,1.656,2.667,7.173,4.227,0
6.153,31.938,4.288,24.698,39.27,1.086,5.797,3.956,8.825,6.41,4.043,2.918,2.072,2.951,11.12,5.138,4.361,2.768,8.87,7.161,2.362,1.402,2.453,7.646,4.245,1
7.281,24.301,4.469,24.769,30.652,1.774,5.716,4.145,10.505,5.765,6.156,2.784,2.364,3.121,13.18,6.007,3.974,2.721,8.964,7.334,2.437,1.281,2.37,7.687,4.169,1
9.509,9.562,4.38,18.087,20.945,3.418,5.478,4.187,11.43,6.004,10.364,2.862,2.932,2.558,14.471,6.577,3.589,2.649,7.556,7.126,2.616,1.108,2.154,7.123,3.873,1
10.001,6.046,4.326,14.348,19.005,3.923,5.565,4.072,10.225,6.224,11.061,2.92,3.145,2.097,13.144,6.011,3.721,2.594,6.451,6.439,2.663,1.107,2.064,6.738,3.741,1
9.174,3.57,4.151,11.271,14.376,3.811,5.962,3.626,5.987,5.476,8.681,2.773,3.301,2.034,8.243,3.764,3.925,2.516,5.043,4.12,2.577,1.298,2.026,6.329,3.505,1
7.061,3.675,3.964,14.412,9.914,3.265,5.558,3.25,2.76,3.538,4.711,2.249,2.998,3.345,4.191,1.87,3.166,2.395,5.137,2.363,2.232,1.457,2.005,6.176,3.006,1
5.02,3.341,4.269,15.329,5.912,3.343,3.974,3.461,1.815,1.998,3.09,1.655,2.229,4.343,3.217,1.549,1.879,2.196,5.372,2.573,1.847,1.3,1.782,5.894,2.41,1
4.4,2.78,4.481,13.671,4.384,3.413,3.004,3.608,1.739,1.667,3.263,1.327,1.796,4.395,3.772,1.82,1.386,2.063,5.149,3.109,1.73,1.137,1.642,5.725,2.237,1
5.096,1.979,4.155,8.546,2.444,3.742,1.474,3.455,2.35,2.275,4.848,0.819,1.174,4.074,6.513,2.603,1.008,1.723,4.174,3.818,1.843,0.967,1.594,5.882,2.378,1
7.735,1.924,3.689,6.698,2.21,4.404,1.149,3.185,3.334,3.413,6.126,0.801,1.046,4.17,8.3,3.057,1.048,1.584,3.748,3.769,2.106,1.044,1.747,6.445,2.694,1
18.644,3.161,3.796,6.552,4.575,6.766,1.316,2.818,6.33,6.711,8.862,1.341,1.136,5.644,10.886,4.289,1.197,1.564,3.682,3.003,2.915,1.38,2.265,8.288,3.545,1
29.592,7.459,8.538,10.025,10.965,8.946,1.806,2.925,7.937,8.56,9.864,2.314,1.838,8.066,11,5.493,1.138,1.735,4.536,2.125,3.57,1.578,2.645,9.469,4.043,1
31.046,10.516,12.278,13.321,14.886,9.205,1.959,3.081,7.392,8.236,9.241,2.818,2.385,8.99,10.444,5.634,1.051,1.771,5.126,1.907,3.627,1.567,2.656,9.264,3.974,1
24.503,13.618,18.151,19.043,18.849,7.564,2,3.511,4.67,5.872,6.341,3.647,3.208,9.461,9.032,4.683,0.963,1.741,6.594,2.012,3.165,1.433,2.351,7.566,3.387,1
18.603,13.259,19.281,20.27,18.536,6.133,2.107,3.826,3.613,4.791,4.716,3.865,3.287,9.016,8.3,3.948,1.002,1.783,7.44,2.266,2.832,1.377,2.171,6.767,3.132,1
10.57,12.418,18.354,19.017,15.457,4.343,3.352,4.541,3.845,4.898,2.833,3.855,3.021,7.942,7.089,3.325,1.293,2.244,9.058,2.95,2.475,1.355,2.09,6.586,3.13,0
11.603,15.732,16.534,14.59,12.004,4.721,6.389,4.48,5.499,6.563,3.474,4.481,2.865,7.629,6.538,4.389,2.601,3.187,10.394,3.678,2.562,1.523,2.316,7.367,3.45,0
13.404,20.272,15.863,12.853,11.49,5.089,8.549,4.039,5.959,6.845,4.235,5.929,2.895,7.518,6.36,5.105,4.392,3.663,10.834,4.039,2.615,1.862,2.404,7.448,3.536,0
14.916,33.895,13.548,10.475,11.846,4.596,14.824,2.8,5.662,5.409,4.828,10.777,2.86,6.698,5.679,5.713,10.413,4.08,10.679,4.585,2.553,3.241,2.346,6.834,3.552,0
12.436,50.549,8.902,9.134,10.638,2.939,23.143,1.905,4.194,2.629,3.5,13.891,2.412,5.261,4.188,4.752,15.217,3.439,8.733,4.316,2.593,4.764,2.185,6.345,3.701,0
9.989,54.753,6.217,8.797,8.585,2.319,26.564,1.735,3.381,1.585,2.539,13.572,2.116,4.657,3.288,3.928,15.242,2.843,7.507,3.857,2.832,5.124,2.232,6.682,3.978,0
5.723,53.845,2.634,9.146,4.258,2.158,30.85,1.873,2.104,0.94,1.397,11.439,1.711,3.994,1.969,2.658,11.22,1.75,6.209,2.96,3.745,4.826,2.689,8.853,4.964,1
4.46,53.557,2.214,9.294,3.271,2.576,32.18,2.13,1.877,1.356,1.485,11.029,1.646,3.788,1.952,2.534,8.923,1.456,6.317,2.81,4.237,4.419,2.995,10.337,5.525,1
5.533,54.095,3.099,7.048,5.203,3.926,32.584,2.834,2.498,3.368,2.658,11.604,1.73,3.017,3.507,3.368,6.887,1.401,6.874,3.271,4.808,3.787,3.492,12.804,6.363,1
10.98,48.794,4.126,3.616,10.952,5.541,26.123,3.623,4.023,6.264,4.191,9.971,1.808,2.621,6.107,4.689,6.457,1.603,6.27,4.152,4.675,3.414,3.715,13.281,6.544,1
13.858,40.316,4.163,2.857,13.261,6.359,20.171,3.944,4.838,7.49,4.639,7.784,1.789,2.848,6.916,5.037,5.6,1.646,5.584,4.474,4.454,3.155,3.69,12.666,6.409,1
15.493,17.406,3.18,2.716,13.124,7.277,8.169,4.198,6.071,8.389,4.511,3.355,2.048,3.683,6.479,4.661,2.942,1.535,4.245,4.55,3.923,2.478,3.268,10.303,5.791,0
10.461,5.348,2.162,2.715,7.884,6.461,2.946,3.928,6.188,7.168,4.002,1.358,3.063,4.64,4.663,3.585,1.289,1.372,3.478,3.921,3.312,1.89,2.493,7.63,4.757,0
7.44,4.303,2.198,2.502,5.378,5.598,2.66,3.746,5.649,6.172,3.989,1.167,3.694,5.18,4.081,3.152,1.12,1.362,3.27,3.515,2.964,1.706,2.148,6.563,4.145,0
4.353,4.607,3.117,2.024,3.3,3.94,2.495,3.419,3.878,4.332,4.075,1.177,4.403,6.109,3.748,2.663,1.368,1.537,3.195,2.88,2.327,1.541,1.854,5.418,3.123,0
4.385,4.467,3.558,1.952,3.743,3.518,2.213,3.253,3.151,3.783,3.785,1.32,4.276,6.341,3.562,2.499,1.577,1.695,3.401,2.668,2.121,1.524,1.879,5.296,2.829,0
7.422,3.777,3.727,2.181,6.597,4.832,1.71,2.925,3.018,3.63,2.581,1.76,3.186,6.091,2.744,2.305,1.981,2.041,4.233,2.343,2.047,1.491,2.007,5.524,2.671,0
17.726,3.579,3.125,2.321,10.696,9.889,1.658,2.478,3.933,3.999,2.315,2.295,2.259,5.753,2.48,2.977,2.329,2.435,5.187,2.57,2.389,1.403,2.116,6.15,2.997,0
25.144,4.07,2.721,2.284,12.3,12.981,1.751,2.25,4.332,3.991,2.758,2.671,2.235,5.888,2.832,3.717,2.548,2.643,5.461,3.103,2.652,1.377,2.175,6.607,3.332,0
36.499,9.392,1.868,2.411,13.489,16.356,2.943,2.326,4.923,3.502,3.606,3.401,2.917,6.159,3.811,5.239,3.112,2.785,5.147,4.694,3.099,1.385,2.199,7.387,4.024,0
39.513,18.491,1.675,2.744,13.345,15.88,5.537,2.671,5.052,3.304,3.646,4.128,3.281,5.828,3.977,5.677,3.519,2.636,4.561,5.4,3.177,1.417,2.098,7.376,4.138,0
46.62,52.4,4.015,7.371,15.071,12.73,16.124,3.757,4.927,3.962,3.293,7.567,3.458,4.297,3.402,5.616,4.55,2.126,3.225,5.801,2.953,1.597,1.698,6.12,3.534,0
65.421,86.91,17.937,26.432,32.083,12.287,27.247,5.248,6.606,7.669,3.251,11.673,2.995,3.149,2.442,4.691,5.081,1.976,2.799,4.873,2.391,1.948,1.32,4.147,2.259,0
76.956,94.716,29.178,40.428,46.298,13.738,29.262,5.964,8.781,10.494,3.285,12.233,2.662,3.087,2.104,4.114,4.86,2.125,3.147,4.283,2.065,2.087,1.207,3.443,1.722,0
84.838,83.895,47.212,63.409,67.648,15.853,23.885,6.445,14.387,14.506,2.853,9.043,1.977,3.897,1.641,2.957,3.537,2.378,4.563,3.451,1.423,1.999,1.064,2.963,1.257,0
63.317,53.776,44.129,64.621,58.44,12.773,12.963,4.982,16.93,12.251,2.02,3.733,1.26,5.384,1.201,2.109,1.994,1.981,5.868,2.879,0.884,1.417,0.871,2.823,1.251,0
47.645,38.602,35.54,57.677,44.368,9.906,8.716,3.788,16,9.472,1.827,2.069,0.987,6.045,1.143,1.958,1.463,1.615,6.138,2.577,0.692,1.075,0.739,2.5,1.202,0
31.029,18.621,17.452,39.049,22.537,5.278,4.415,1.919,11.626,5.447,1.898,1.21,0.785,6.292,1.634,2.281,1.04,1.106,5.762,2.223,0.505,0.603,0.494,1.484,0.924,0
38.707,13.793,12.004,30.598,23.522,4.908,3.598,1.663,9.436,5.204,2.111,1.315,0.994,5.651,2.188,2.657,1.074,1.091,5.226,2.336,0.484,0.512,0.408,1.028,0.761,0
84.495,17.842,8.489,17.879,46.983,9.002,3.175,2.238,6.956,7.62,2.714,1.87,2.07,3.331,3.382,3.381,1.614,1.337,3.892,3.002,0.492,0.581,0.328,0.556,0.548,0
128.025,33.301,7.753,11.333,67.713,16.183,5.167,3.129,7.058,12.07,3.051,3.397,3.343,1.597,4.004,3.47,2.876,1.393,2.765,3.233,0.583,1.01,0.344,0.585,0.583,0
128.507,41.074,6.839,9.847,66.718,18.669,6.978,3.471,7.4,13.978,2.948,4.413,3.763,1.364,3.943,3.219,3.609,1.301,2.348,2.946,0.687,1.316,0.368,0.703,0.698,0
85.252,46.784,4.478,7.723,42.328,18.008,9.796,3.711,7.266,14.536,2.996,5.664,3.879,1.743,3.294,2.547,4.326,1.143,1.752,1.935,1,1.755,0.418,0.958,1.073,0
58.746,42.713,3.742,7.034,27.682,15.172,9.737,3.528,6.611,12.843,3.61,5.427,3.63,2.05,2.968,2.316,4.036,1.164,1.599,1.505,1.168,1.748,0.448,1.036,1.266,0
29.084,24.081,3.345,7.045,10.159,8.742,6.699,2.717,4.51,7.398,5.881,3.41,2.983,2.366,2.675,2.225,2.525,1.316,1.543,1.239,1.381,1.31,0.541,1.01,1.442,0
24.636,8.51,3.144,6.724,6.478,5.419,3.14,2.051,2.823,3.238,6.912,1.225,2.395,2.144,2.518,2.324,1.231,1.271,1.47,1.645,1.304,0.826,0.618,0.788,1.227,0
22.086,5.012,2.902,6.143,5.483,4.937,2.366,2.015,2.677,2.4,6.262,0.652,2.091,2,2.413,2.317,0.997,1.119,1.321,1.912,1.172,0.715,0.622,0.657,1.042,0
15.139,4.959,2.96,5.032,3.938,5.107,2.82,2.342,3.584,2.435,3.984,0.578,1.482,2.128,2.548,2.202,0.996,0.715,0.828,2.17,0.89,0.664,0.595,0.463,0.778,0
11.224,6.327,3.913,5.447,3.899,6.134,3.93,2.599,4.473,3.43,4.629,1.07,1.034,2.749,4.343,1.953,1.067,0.454,0.456,1.855,0.791,0.613,0.614,0.414,0.793,0
10.217,6.555,4.537,6.203,4.502,6.484,4.24,2.506,4.366,3.876,7.084,1.268,0.976,2.982,6.199,1.826,1.128,0.427,0.433,1.625,0.811,0.603,0.635,0.442,0.865,0
8.362,5.809,5.977,7.662,5.892,6.669,3.875,2.081,3.249,4.709,13.674,1.317,1.297,2.966,10.47,1.868,1.27,0.578,0.705,1.694,0.883,0.689,0.637,0.633,1.05,0
6.406,4.16,7.101,8.28,6.657,6.448,2.66,2.018,2.512,5.452,15.79,1.099,1.847,2.476,11.59,2.485,1.206,0.945,1.363,2.735,0.902,0.839,0.623,1.283,1.337,0
5.926,3.606,7.224,8.628,7.002,6.156,2.087,2.239,2.569,5.554,14.022,1.079,2.02,2.181,10.239,2.914,1.065,1.176,1.89,3.379,0.912,0.887,0.684,2.01,1.595,0
7.343,6.013,7.438,10.031,9.799,5.276,1.652,2.751,3.015,5.116,7.723,1.812,1.925,1.791,5.548,3.592,0.873,1.565,3.318,4.097,1.018,0.909,1.047,4.413,2.415,0
10.826,14.749,8.817,11.306,14.734,4.679,2.292,3.153,3.328,4.236,3.241,3.788,1.568,1.971,2.218,3.628,1.2,1.638,4.615,3.701,1.307,0.915,1.535,7.208,3.33,0
12.094,19.734,9.75,11.418,16.474,4.627,2.732,3.3,3.315,3.816,2.364,4.768,1.503,2.266,1.643,3.446,1.468,1.547,4.91,3.285,1.506,0.939,1.685,8.187,3.608,0
11.673,24.228,10.324,10.236,16.145,4.154,2.852,3.443,2.772,2.914,1.681,5.283,1.663,2.715,1.345,3.267,1.691,1.251,4.622,2.884,1.906,1.002,1.654,8.631,3.565,0
9.973,22.206,9.602,9.004,14.169,3.462,2.429,3.31,2.257,2.354,1.455,4.638,1.756,2.672,1.191,3.456,1.548,1.117,4.202,3.121,2.045,1.022,1.51,8.249,3.293,0
5.728,12.798,6.98,6.074,9.085,2.067,1.204,2.555,1.308,1.675,1.28,2.454,1.681,2.069,0.888,4.23,1.031,1.049,3.54,4.212,2.167,1.042,1.174,7.376,2.635,0
3.232,5.539,4.492,3.58,5.923,2.616,0.809,2.013,1.355,2.783,1.271,0.872,1.439,1.49,0.794,4.674,0.777,1.319,3.932,4.959,2.124,1.075,0.997,7.297,2.252,0
2.873,4.376,3.567,2.816,5.416,3.619,1.097,2.094,1.813,3.914,1.27,0.581,1.435,1.497,0.86,4.585,0.796,1.514,4.554,4.93,2.043,1.105,1.016,7.555,2.235,2
3.139,4.186,2.349,2.542,5.51,5.397,1.84,2.713,2.852,5.836,1.488,0.581,1.752,2.068,1.258,4.085,0.869,1.847,6.204,4.298,1.81,1.176,1.357,8.7,2.705,2
4.287,3.96,1.899,3.268,6.688,5.551,1.873,3.008,2.9,5.623,2.504,0.928,2.011,2.491,2.038,3.813,0.833,2.057,7.416,3.519,1.656,1.255,1.985,10.557,3.758,2
5.225,3.565,1.858,3.633,7.978,5.348,1.56,2.906,2.609,4.883,3.347,1.136,1.951,2.398,2.717,3.787,0.782,2.14,7.637,3.289,1.673,1.275,2.242,11.392,4.264,2
7.218,2.688,1.932,3.956,11.753,5.238,0.809,2.482,2.267,3.524,5.025,1.366,1.654,1.843,4.852,3.623,0.706,2.204,7.419,3.266,1.808,1.194,2.38,12.068,4.675,2
8.009,2.496,2.008,3.851,13.935,5.338,0.615,2.301,2.546,3.301,5.429,1.338,1.653,1.684,6.105,3.412,0.724,2.129,7.141,3.477,1.841,1.083,2.294,12.007,4.583,2
8.712,2.661,2.187,3.601,17.209,5.121,0.732,2.185,4.289,3.915,5.046,1.126,2.405,2.359,8.072,2.789,0.891,1.688,6.367,4.096,1.771,0.872,2.041,11.732,4.174,2
8.353,2.922,2.262,3.862,17.411,4.011,1.404,2.206,6.347,5.195,4.06,1.116,3.859,4.685,8.621,2.273,1.046,1.177,5.199,4.444,1.728,0.924,1.818,11.098,3.736,0
7.86,2.912,2.275,3.979,16.157,3.419,1.874,2.277,6.824,5.879,3.698,1.289,4.387,5.993,8.35,2.149,1.032,1.063,4.539,4.381,1.778,1.037,1.723,10.416,3.489,0
6.412,2.652,2.361,3.373,11.519,2.728,2.595,2.879,6.16,7.027,3.206,1.729,4.203,7.097,6.872,2.098,0.782,1.216,3.659,3.855,1.981,1.23,1.623,8.875,3.034,0
5.607,2.516,2.465,2.673,8.797,2.672,2.602,3.475,5.324,7.343,2.923,1.828,3.489,6.502,5.752,2.167,0.623,1.429,3.599,3.531,2.074,1.267,1.666,8.579,2.956,0
4.539,2.457,2.426,1.465,4.551,2.882,1.883,4.877,3.866,7.227,2.26,1.666,1.766,3.929,3.271,2.504,0.504,1.939,4.225,3.191,2.07,1.296,1.881,9.263,3.121,2
4.213,2.51,1.91,1.502,3.026,2.856,1.103,5.826,3.683,6.438,1.784,1.449,0.97,1.993,1.567,2.642,0.729,2.307,5.226,3.212,1.793,1.389,1.972,10.179,3.232,2
3.937,2.477,1.673,2.183,2.785,2.566,0.937,6.012,4.197,5.967,1.727,1.537,0.997,1.839,1.337,2.5,0.884,2.403,5.928,3.253,1.643,1.451,1.92,10.296,3.207,2
2.767,2.075,1.701,4.294,2.103,1.818,0.933,6.04,5.759,5.266,1.829,2.056,1.291,2.968,1.87,2.011,1.047,2.586,8.355,3.524,1.549,1.537,1.762,10.18,3.278,2
1.606,1.837,2.338,5.732,1.726,1.65,1.24,5.726,6.293,4.921,1.827,2.299,1.527,4.519,2.456,1.77,0.947,2.782,10.786,4.09,1.7,1.546,1.762,10.355,3.744,2
1.379,2.182,2.61,5.747,2.057,1.816,1.641,5.286,5.79,4.65,1.735,2.18,1.631,5.046,2.466,1.836,0.856,2.788,10.981,4.321,1.776,1.516,1.84,10.655,4.117,2
1.658,3.783,2.762,4.925,3.503,2.241,2.882,3.783,4.011,3.797,1.528,1.939,1.765,5.245,1.93,2.089,0.742,2.414,8.783,4.307,1.807,1.371,2.068,11.776,4.947,2
2.08,4.592,2.687,4.529,4.107,2.378,3.419,2.923,3.314,3.409,1.485,2.055,1.825,4.926,1.59,2.159,0.73,2.117,7.097,4.073,1.767,1.278,2.173,12.626,5.295,2
3.101,5.045,2.406,4.034,4.276,2.292,3.408,1.569,2.86,2.862,1.578,2.7,1.955,3.862,1.2,2.146,0.733,1.807,4.84,3.619,1.66,1.165,2.271,14.427,5.626,2
3.202,3.804,2.031,3.294,3.483,1.858,2.086,0.899,2.789,2.658,2.045,3.022,2.038,3.063,1.306,1.997,0.702,2.051,4.611,3.475,1.616,1.206,2.157,15.132,5.412,2
2.808,2.948,1.907,3.126,3.27,1.655,1.403,0.748,2.634,2.858,2.417,2.947,1.974,2.873,1.467,1.854,0.668,2.164,4.758,3.401,1.621,1.241,2.049,14.89,5.203,2
1.805,1.55,2.049,4.596,3.517,1.386,0.783,0.747,2.2,3.636,3.193,2.968,1.587,2.717,1.779,1.498,0.658,2.032,5.25,3.149,1.642,1.232,1.868,13.749,4.804,2
1.377,0.823,2.789,7.625,3.601,1.305,1.067,2.115,1.805,3.718,3.485,3.555,1.379,2.432,1.937,1.204,0.834,1.76,6.173,2.859,1.758,1.192,1.909,13.256,4.623,2
1.448,0.754,3.269,8.752,3.408,1.331,1.359,3.662,1.727,3.366,3.375,3.792,1.523,2.193,2.039,1.129,0.994,1.772,6.779,2.82,1.935,1.242,2.145,14.138,4.908,2
1.688,1.537,3.929,8.696,2.908,1.563,1.968,7.578,1.832,2.762,2.785,3.522,2.076,1.923,2.255,1.177,1.318,2.062,8.442,3.314,2.534,1.522,3.249,18.647,6.702,2
1.751,2.276,3.862,7.751,2.806,1.79,2.175,9.014,2.059,2.957,2.423,3.049,2.328,2.114,2.266,1.281,1.411,2.165,9.497,3.815,2.829,1.686,3.966,21.322,7.877,2
1.926,3.407,2.785,6.614,3.317,2.4,2.313,8.993,2.995,4.458,1.901,2.022,2.689,3.201,2.128,1.531,1.403,2.07,11.301,4.746,3.001,1.816,4.89,23.878,9.082,2
2.23,3.27,1.386,7.81,4.447,2.709,2.248,5.955,4.005,5.556,1.768,1.326,3.143,4.274,2.301,1.604,1.241,1.88,11.642,4.766,2.469,1.594,4.43,20.547,7.62,2
2.489,2.713,1.039,8.511,5.058,2.598,2.17,4.539,4.142,5.365,1.745,1.048,3.468,4.367,2.548,1.514,1.152,1.844,10.954,4.332,2.047,1.407,3.785,17.315,6.213,0
6.734,1.509,1.454,8.346,7.49,2.174,1.875,3.714,3.46,3.84,1.511,0.54,3.749,3.392,2.768,1.255,1.004,1.799,8.095,3.214,1.222,1.023,2.365,10.45,3.484,0
12.889,1.129,1.99,7.574,9.92,2.192,1.663,4.09,2.917,3.034,1.274,0.384,3.515,2.569,2.528,1.189,0.939,1.756,6.311,2.831,0.905,0.859,1.778,7.512,2.48,0
37.159,0.905,2.894,7.024,20.567,3.475,1.289,4.79,2.506,2.65,0.874,0.29,2.718,1.261,1.679,1.177,0.79,1.653,3.119,2.584,0.518,0.622,0.902,3.174,1.172,0
86.028,1.658,3.243,14.305,47.952,7.056,1.195,4.211,4.537,4.52,1.551,0.473,2.349,1.373,1.719,1.046,0.655,1.607,1.489,2.622,0.355,0.498,0.406,1.172,0.631,0
116.527,2.441,3.386,21.51,67.106,9.549,1.299,3.56,6.518,6.218,2.588,0.796,2.334,1.964,2.454,0.934,0.642,1.576,1.412,2.612,0.308,0.457,0.3,0.872,0.588,0
158.537,89.352,3.884,34.987,96.962,13.629,35.521,2.353,10.201,9.99,5.256,16.706,2.229,3.24,4.606,0.825,6.176,1.4,2.036,2.382,0.263,1.037,0.227,0.706,0.637,0
136.983,646.426,4.281,33.651,88.239,13.406,238.722,1.873,9.779,11.802,6.365,102.785,2.19,3.394,5.678,1.144,39.15,1.167,2.422,1.944,0.292,5.347,0.196,0.639,0.599,0
104.923,1100.835,4.322,26.901,69.875,11.593,399.441,1.932,7.845,11.311,5.821,169.104,2.357,2.988,5.459,1.449,65.34,1.096,2.326,1.735,0.323,8.998,0.185,0.638,0.526,0
37.517,1806.408,4.507,11.631,29.29,6.791,639.426,2.534,3.295,8.148,3.527,264.949,2.943,2.088,4.267,1.953,104.827,1.087,1.801,1.445,0.385,14.931,0.186,0.713,0.358,0
16.296,1818.001,4.92,7.218,16.087,4.843,637.707,2.932,1.805,6.346,2.537,262.162,3.169,1.892,3.75,2.015,104.808,1.137,1.557,1.382,0.406,15.221,0.202,0.77,0.307,0
2.717,1139.947,6.218,5.068,6.593,2.592,393.873,3.659,0.722,3.905,1.831,159.772,3.163,1.952,3.141,1.917,65.373,1.295,1.434,1.603,0.421,10.018,0.246,0.833,0.337,0
2.84,314.553,6.574,4.73,5.152,1.718,107.835,4.083,0.526,3.049,2.202,43.683,2.63,2.194,2.477,2.039,18.771,1.376,1.659,2.4,0.405,3.315,0.276,0.805,0.518,0
3.322,100.246,6.109,4.367,4.658,1.551,34.662,4.089,0.499,2.768,2.38,14.614,2.25,2.324,2.088,2.195,6.781,1.334,1.776,2.834,0.392,1.48,0.283,0.793,0.622,0
4.067,3.122,5.131,3.923,4.527,1.521,1.634,3.618,0.578,1.963,2.365,1.542,1.415,2.436,1.711,2.346,1.232,1.099,1.875,3.105,0.375,0.513,0.3,0.825,0.738,0
4.097,4.765,6.073,4.1,6.658,2.467,2.646,3.305,0.74,1.6,1.898,2.978,0.87,1.997,1.8,2.11,1.091,0.943,1.948,2.433,0.37,0.468,0.328,0.886,0.659,0
3.907,18.144,7.342,4.035,7.944,3.46,7.386,3.742,0.805,1.857,1.637,8.604,0.735,1.581,1.79,1.946,2.125,0.97,2.036,2.052,0.367,0.709,0.336,0.898,0.589,0
3.36,123.613,8.946,3.121,8.219,5.561,34.113,6.078,0.889,2.893,1.413,38.158,0.556,0.819,1.53,1.696,10.064,1.194,2.173,1.804,0.361,2.573,0.371,0.891,0.534,0
3.426,214.307,8.599,2.735,7.088,6.039,53.352,7.399,0.935,3.291,1.484,58.013,0.549,0.69,1.367,1.669,16.422,1.389,2.213,1.944,0.378,4.122,0.475,0.91,0.575,0
4.78,367.817,6.631,3.55,5.024,5.181,79.692,8.455,1.129,3.08,1.823,81.374,0.98,1.075,1.302,2.511,26.082,2.194,2.887,2.828,0.556,6.771,1.026,1.198,0.788,0
6.526,345.335,4.763,6.374,4.536,3.416,65.715,7.129,1.483,2.06,2.047,62.025,1.998,1.692,1.575,5.016,22.823,3.457,4.872,4.767,1.087,6.545,1.811,2.07,1.188,0
6.821,276.618,4.144,7.779,4.471,2.954,49.309,6.181,1.682,1.85,2.084,43.987,2.489,2.018,1.703,6.362,17.635,3.928,5.924,5.859,1.505,5.428,2.137,2.765,1.477,0
6.211,171.718,3.116,9.614,3.954,3.132,47.04,4.674,2.148,2.72,2.158,31.217,2.789,2.901,1.779,7.321,11.609,3.831,6.55,6.941,2.43,3.503,2.447,4.333,2.169,0
5.523,180.666,2.719,9.972,3.598,3.368,68.963,4.069,2.518,3.471,2.241,41.942,2.537,3.358,1.792,6.613,13.272,3.259,5.938,6.594,2.79,3.383,2.415,4.944,2.499,0
4.713,288.729,2.706,10.39,3.366,3.188,118.884,2.731,3.631,4.156,2.344,69.635,1.705,3.64,1.815,3.894,20.127,1.812,3.988,4.657,3.048,4.205,2.091,5.334,2.928,0
5.344,350.957,3.573,9.972,3.859,2.095,110.9,1.516,4.644,3.101,2.571,65.186,1.674,2.994,1.946,2.004,19.673,1.016,3.131,3.001,2.719,4.185,1.655,4.816,2.9,0
5.796,327.74,4.115,9.48,4.12,1.532,85.835,1.189,4.892,2.323,2.963,50.911,2.49,2.793,2.303,1.828,16.195,1.039,3.452,2.773,2.426,3.664,1.484,4.53,2.722,0
6.334,292.037,4.869,9.056,4.469,1.554,62.603,1.56,5.83,2.099,4.552,36.015,5.772,3.656,4.087,2.511,13.099,1.904,5.273,3.511,1.904,3.936,1.442,4.466,2.355,0
7.931,489.072,5.674,10.753,6.245,4.656,149.357,4.456,9.024,5.972,7.258,79.8,8.654,5.082,8.48,3.413,27.794,3.185,7.338,5.042,1.88,9.445,1.773,5.057,2.537,0
9.325,644.847,6.06,11.678,7.973,7.115,213.257,7.04,11.177,9.261,9.555,111.745,8.828,5.171,12.966,3.651,38.731,3.605,7.849,5.614,2.079,13.316,1.947,5.399,2.859,0
10.8,781.199,5.922,11.29,11.171,11.077,272.5,12.633,13.842,14.814,16.197,138.167,6.596,3.936,26.649,3.969,49.078,3.549,7.23,5.6,2.513,17.426,2.034,5.784,3.424,0
10.029,699.25,5.133,9.841,11.42,11.586,244.494,14.264,13.441,15.459,19.257,122.972,4.998,3.131,33.227,4.325,44.174,3.179,6.423,5.059,2.565,16.145,1.917,5.816,3.467,0
6.427,354.734,2.669,6.033,8.68,9.29,117.839,12.925,9.295,11.666,20.816,60.612,2.852,2.187,37.102,5.581,21.928,2.409,5.293,3.839,2.314,8.979,1.58,5.867,3.145,0
3.35,88.262,1.295,3.339,4.88,5.019,26.391,7.474,4.392,5.453,16.122,15.45,2.368,1.992,27.094,6.341,5.371,2.009,5.236,3.463,2.077,2.902,1.456,5.954,2.797,0
3.041,43.792,1.515,2.784,3.958,3.315,14.258,4.93,3.07,3.572,13.6,8.375,2.352,2.01,21.196,6.023,2.911,1.879,5.287,3.603,2.068,1.674,1.48,5.87,2.686,0
5.643,43.871,2.588,3.854,5.885,1.615,16.8,2.099,3.403,3.717,12.13,7.534,2.253,2.619,16.879,4.219,3.126,1.683,5.438,4.031,2.159,1.157,1.577,5.511,2.583,0
10.035,48.965,2.997,6.462,10.183,1.557,17.467,1.583,4.395,5.396,12.671,7.652,2.166,3.282,18.26,3.222,3.295,1.657,5.665,4.117,2.211,1.088,1.64,5.402,2.639,0
26.189,45.609,3.384,16.377,27.083,3.058,13.514,1.293,5.73,10.565,12.365,6.681,2.442,4.899,21.932,2.021,2.852,1.736,6.119,3.709,2.369,0.992,1.768,5.527,3.064,0
41.26,30.698,3.051,25.764,44.279,5.975,7.1,1.371,4.886,15.103,9.451,5.552,3.575,6.374,22.303,2.016,2.055,1.861,5.801,2.84,2.644,0.905,1.786,5.59,3.546,0
42.661,23.406,3.025,26.977,46.748,7.349,4.877,1.617,3.94,15.875,8.084,5.336,4.161,7.043,21.078,2.222,1.812,1.878,5.337,2.467,2.776,0.854,1.754,5.445,3.632,0
31.11,14.101,3.717,20.914,36.301,8.538,3.153,2.295,2.299,13.447,7.378,5.243,4.448,8.016,17.316,2.728,1.647,1.868,4.939,2.492,2.886,0.826,1.78,5.3,3.543,0
15.526,10.994,4.61,13.114,19.001,7.313,3.172,2.611,2.458,9.027,8.782,5.333,3.348,7.563,14.553,3.202,1.708,1.922,6.366,3.528,2.709,0.984,1.997,5.974,3.385,0
12.09,11.437,4.619,11.737,13.671,6.257,3.157,2.704,3.434,7.72,9.619,5.581,2.62,6.709,14.42,3.404,1.804,1.978,7.387,4.233,2.555,1.104,2.104,6.47,3.307,0
12.32,12.938,3.591,11.698,11.114,4.414,2.646,3.303,6.058,7.561,10.544,5.838,1.561,4.6,15.573,3.642,1.96,2.119,8.298,5.497,2.402,1.377,2.208,7.19,3.268,0
12.637,12.606,2.789,10.961,10.795,3.515,1.908,4.193,7.219,7.543,9.546,4.604,1.261,3.068,14.238,3.438,1.781,2.152,6.809,5.847,2.673,1.736,2.278,7.487,3.595,0
9.923,8.52,1.463,7.363,8.541,3.403,1.648,4.357,6.875,6.891,8.523,3.469,1.354,2.672,12.268,3.203,1.614,2.06,5.571,5.607,2.913,1.917,2.334,7.58,3.871,0
5.903,3.722,1.087,5.64,6.051,3.549,1.565,3.748,5.313,4.866,6.912,1.562,1.843,2.552,8.641,2.887,1.464,1.684,3.845,5.035,3.418,2.101,2.449,7.778,4.406,0
4.567,2.425,1.284,6.065,6.12,3.757,1.716,3.206,4.641,4.099,6.636,1.208,2.098,2.762,7.824,2.945,1.555,1.497,3.713,4.995,3.665,2.071,2.483,7.861,4.611,0
3.023,1.395,1.766,6.501,7.056,4.151,1.979,2.407,4.043,3.661,6.443,1.323,2.44,3.385,7.292,3.319,1.841,1.323,4.028,5.273,4.093,1.891,2.487,7.894,4.924,0
2.367,1.1,1.844,5.956,7.771,3.852,1.907,2.398,3.982,3.938,5.156,1.52,2.476,3.672,5.824,3.432,1.938,1.41,3.661,4.993,4.227,1.809,2.382,7.7,5.089,0
1.556,1.124,1.696,4.164,8.312,3.436,1.882,3.04,4.183,4.218,4.056,1.641,2.324,3.608,4.576,3.214,1.906,1.452,3.149,4.354,4.166,1.84,2.319,7.619,5.101,0
1.674,1.931,1.82,3.528,6.687,2.743,2.09,6.482,5.055,5.239,2.128,1.995,1.772,3.297,2.314,2.626,1.777,1.509,2.288,2.971,4.038,1.978,2.336,7.954,5.174,0
1.978,2.47,2.078,3.874,5.767,2.89,2.495,11.358,5.67,6.688,1.499,2.214,1.473,2.889,1.812,2.748,1.698,1.816,2.587,2.917,4.266,2.121,2.721,9.603,5.869,0
3.313,4.159,2.691,5.299,5.369,3.538,2.59,13.038,5.426,7.653,1.586,2.15,1.653,2.642,2.145,3.127,1.663,2.127,3.062,3.335,4.443,2.162,2.994,10.813,6.384,1
5.292,5.534,3.08,6.199,7.372,6.385,2.412,13.499,3.883,10.901,1.965,1.7,2.456,2.195,2.865,3.991,1.467,2.841,3.699,3.981,4.475,2.126,3.388,12.687,6.895,1
6.042,5.967,3.308,6.202,8.756,8.158,2.352,12.6,3.002,12.984,2.13,1.576,2.758,2.128,3.01,4.22,1.324,3.083,3.62,3.926,4.247,2.035,3.414,12.808,6.616,1
6.294,6.778,3.746,5.55,11.553,10.123,2.701,10.069,2.051,15.913,2.213,2.129,2.649,2.237,3.154,3.972,1.239,3.093,2.766,3.239,3.479,1.789,3.066,10.977,5.08,0
5.857,7.025,3.768,5.142,12.929,8.377,3.674,7.514,2.499,15.044,2.001,3.174,2.07,2.054,3.771,3.102,1.615,2.566,1.88,2.721,2.703,1.63,2.35,7.45,3.261,0
5.074,7.793,3.214,4.751,18.183,6.71,4.345,6.3,3.12,13.844,2.067,3.57,1.937,1.856,4.86,2.678,1.89,2.234,1.715,2.779,2.369,1.587,1.947,5.669,2.579,0
5.244,7.118,2.818,4.603,26.486,4.267,5.901,4.741,4.557,12.367,3.246,4.295,2.556,1.785,8.971,2.1,2.303,1.645,1.853,3.28,1.771,1.491,1.251,2.985,1.78,0
5.573,9.977,2.893,4.574,29.04,3.959,7.86,4.746,5.007,12.165,4.347,4.915,3.193,2.144,11.282,1.937,2.464,1.429,2.056,3.49,1.543,1.436,1.037,2.224,1.61,0
5.945,74.973,3.253,4.894,25.833,4.223,26.494,5.903,4.991,10.866,6.39,8.032,4.234,3.537,13.46,1.775,4.283,1.228,2.756,3.431,1.587,1.516,1.057,2.166,1.889,0
5.977,243.483,3.526,5.901,15.515,4.173,69.507,6.435,4.133,7.785,6.6,13.903,3.879,4.553,10.871,1.935,8.995,1.39,3.879,2.973,2.385,2.027,1.583,3.905,2.917,0
6.044,326.867,3.518,6.401,11.356,3.914,89.581,6.121,3.616,6.285,6.09,16.727,3.232,4.658,8.71,2.249,11.26,1.658,4.646,2.906,2.828,2.323,1.854,4.947,3.428,0
6.557,366.471,3.184,6.679,9.883,3.357,96.245,5.025,2.713,5.315,5.399,18.505,2.012,4.758,6.063,3.146,12.047,2.425,6.411,3.354,3.254,2.501,2.077,6.302,3.869,0
7.177,222.869,2.376,5.658,13.25,3.244,56.36,4.691,2.25,7.226,5.7,13.725,1.754,5.38,6.335,3.595,7.666,2.986,7.786,4.116,3.122,2.013,2.033,6.679,3.657,0
7.324,134.133,1.927,4.871,14.046,3.222,32.74,4.897,2.436,8.561,5.76,10.076,1.904,5.68,6.762,3.497,5.11,3.05,8.043,4.377,3.039,1.678,2.084,6.874,3.578,0
6.723,28.88,1.548,3.613,11.393,2.6,5.503,5.146,3.686,9.68,4.913,4.411,2.16,5.432,6.935,3.238,2.486,2.894,7.698,4.726,3.01,1.231,2.426,7.628,3.812,0
5.898,19.349,1.813,3.035,9.438,1.549,4.731,4.316,4.876,7.505,3.332,2.941,2.025,3.999,6.086,3.745,2.729,2.869,7.247,5.388,2.904,1.196,2.684,8.08,4.244,0
4.408,55.93,3.105,3.448,9.841,1.319,10.052,3.638,4.977,5.882,2.605,3.338,1.843,3.158,5.461,4.147,2.96,2.963,7.253,5.799,2.757,1.279,2.638,7.881,4.354,0
3.405,134.916,4.251,6.796,16.712,1.719,29.105,2.465,5.068,3.504,1.523,5.584,1.491,2.211,4.155,4.171,2.972,2.986,7.293,5.902,2.542,1.557,2.32,7.017,4.336,0
3.001,165.507,4.356,10.253,19.64,2.102,38.512,2.268,6.046,3.001,1.275,7.02,1.39,2.35,3.616,3.646,2.767,2.786,7.137,5.377,2.575,1.69,2.168,6.705,4.261,0
2.416,159.624,3.754,19.202,18.683,2.737,43.746,3.2,10.439,2.85,1.598,8.677,1.429,3.695,3.192,2.253,2.273,2.084,6.623,3.654,2.8,1.744,1.984,6.641,4.017,0
2.421,84.185,2.901,24.66,9.902,3.136,29.428,5.676,14.454,2.669,2.885,7.283,2.142,5.212,3.625,1.592,2.063,1.527,6.534,2.483,2.862,1.496,1.855,7.095,3.741,0
2.616,48.072,2.624,24.088,5.767,3.369,20.894,6.888,14.804,2.651,3.618,5.82,2.721,5.421,3.858,1.69,2.105,1.468,6.858,2.515,2.776,1.357,1.775,7.36,3.622,0
2.764,14.64,2.265,17.108,1.838,3.955,11.619,7.469,12.128,3.154,4.392,3.195,3.79,4.666,3.705,2.43,2.353,1.738,8.038,3.624,2.544,1.244,1.654,7.697,3.429,0
2.563,12.528,2.023,12.582,1.536,3.986,9.212,5.352,8.4,3.653,3.991,2.249,3.983,4.091,3.007,3.305,2.467,2.096,9.025,4.9,2.568,1.343,1.783,8.05,3.414,0
1.877,9.893,1.559,6.693,1.673,3.677,7.595,4.104,7.34,3.603,3.65,2.297,3.733,4.441,2.79,3.577,2.346,2.162,9.079,5.184,2.767,1.455,1.973,8.615,3.602,0
1.687,7.025,1.353,6.452,2.086,2.85,4.507,2.995,6.592,3.016,3.361,3.034,3.165,6.376,3.035,3.582,1.833,2.017,7.962,4.934,3.488,1.848,2.492,10.645,4.483,1
1.937,6.566,1.401,7.2,2.382,2.539,3.788,3.157,6.297,2.727,3.479,3.47,3.097,7.633,3.475,3.45,1.588,1.882,7.008,4.705,3.867,2.09,2.722,11.573,5.001,1
2.853,6.427,1.656,7.151,2.834,2.188,3.672,3.491,4.862,2.553,4.137,3.722,3.387,9.548,5.258,3.537,1.491,1.784,5.801,4.874,4.192,2.343,2.869,11.642,5.497,1
3.315,6.439,1.782,5.971,2.95,1.816,3.645,2.662,2.688,2.791,4.797,3.137,3.602,9.517,7.885,4.43,1.921,2.096,6.835,5.797,3.751,1.987,2.6,9.653,5.006,1
3.752,7.22,1.787,2.969,3.175,1.553,3.486,1.98,1.886,2.848,4.941,2.856,3.518,8.792,8.886,5.072,2.186,2.371,7.939,6.248,3.432,1.665,2.446,8.867,4.651,1
3.687,8.174,1.491,1.934,3.591,1.243,2.935,0.875,1.579,2.663,5.026,2.781,3.104,7.338,9.204,6.006,2.396,2.836,9.457,6.503,3.235,1.22,2.452,9.305,4.548,1
3.711,7.772,1.338,2.395,3.716,1.421,2.162,0.622,2.249,2.139,5.234,3.543,2.671,7.319,8.01,5.737,2.094,2.782,8.434,5.784,3.887,1.358,2.938,11.573,5.536,1
4.184,7.16,1.223,3.894,3.578,1.75,1.848,0.815,2.666,1.802,5.333,4.111,2.493,7.764,7.425,5.203,1.935,2.533,7.209,5.238,4.372,1.609,3.228,12.619,6.227,1
5.293,8.651,1.419,5.156,4.179,3.806,2.057,1.806,3.904,1.974,5.494,4.707,2.504,8.501,6.849,4.268,2.061,1.941,5.215,4.483,5.021,2.167,3.529,13.293,7.117,1
6.046,10.009,1.545,5.961,5.162,5.961,2.855,2.439,5.036,3.193,5.896,4.44,2.754,8.43,6.922,4.136,2.355,1.785,5.008,4.425,4.99,2.351,3.476,12.707,7.034,1
7.166,11.504,1.651,7.511,7.238,11.695,5.624,3.21,8.239,7.812,8.549,2.97,3.412,7.315,8.22,4.257,2.967,2.056,6.29,4.727,4.279,2.439,3.072,10.209,5.904,1
6.857,9.59,1.442,7.296,7.117,14.98,8.082,3.029,10.765,11.563,12.756,1.704,3.518,5.555,10.772,4.019,3.045,2.946,8.788,4.879,3.511,2.307,2.647,8.118,4.678,1
6.404,7.941,1.216,6.314,6.159,14.479,8.343,2.781,11.072,11.656,13.967,1.539,3.215,4.601,11.607,3.778,2.85,3.454,10.035,4.835,3.325,2.214,2.517,7.832,4.352,1
6.792,5.571,0.867,3.845,4.072,10.327,6.444,2.564,9.653,8.592,12.358,1.812,2.32,2.995,10.694,3.675,2.286,4.272,11.715,4.915,3.155,1.971,2.355,8.082,4.038,0
7.901,4.819,0.956,3.072,3.496,7.954,4.798,2.674,8.322,6.719,10.001,1.945,2.03,2.586,9.135,3.918,2.036,4.492,11.913,5.122,3.017,1.808,2.285,8.069,3.869,0
10.994,4.4,1.71,3.934,5.13,5.208,2.217,3.207,5.743,5.308,5.319,1.87,2.006,2.596,5.792,4.483,1.815,4.402,10.839,5.633,2.514,1.414,2.139,7.08,3.401,0
12.435,11.304,2.725,7.412,9.516,5.614,3.438,3.995,4.102,6.741,3.557,2.116,2.406,3.313,4.296,4.49,2.126,3.795,8.626,5.827,2.163,1.097,2.115,5.813,3.189,0
12.129,19.641,3.164,9.221,11.438,6.391,7.331,4.32,3.807,7.425,3.654,3.155,2.686,3.946,4.194,4.345,2.419,3.42,7.477,5.722,2.14,1.013,2.151,5.453,3.186,0
10.111,40.926,3.851,10.588,11.779,7.458,22.88,4.286,4.527,7.217,4.247,7.533,3.183,5.744,4.814,4.692,3.042,2.833,6.555,5.949,2.272,1,2.2,5.358,3.16,0
7.904,51.16,4.523,8.203,7.965,6.703,37.611,3.306,5.641,5.861,4.619,11.299,3.357,6.921,6.287,6.217,3.285,2.671,8.043,7.446,2.561,1.198,2.265,6.151,3.323,0
7.039,47.453,4.895,6.435,6.077,5.913,38.884,2.82,5.769,5.632,4.886,11.312,3.502,6.959,7.071,6.896,3.14,2.751,9.016,8.202,2.802,1.371,2.408,7.034,3.654,0
5.246,27.976,4.985,3.7,4.078,4.307,27.22,2.687,4.888,6.157,5.479,7.75,4.279,6.233,7.494,6.708,2.395,3.025,9.525,7.993,3.353,1.781,2.923,9.594,4.675,0
4.424,17.532,4.562,2.971,3.985,3.534,18.165,3.073,4.147,6.309,5.585,5.435,4.73,5.737,6.848,5.815,1.954,3.053,8.801,6.864,3.5,1.944,3.137,10.787,5.067,1
3.364,4.695,3.392,2.428,3.916,2.164,5.134,4.025,2.984,5.364,5.338,2.493,4.917,4.829,4.761,3.776,1.34,2.579,6.582,4.185,3.248,1.981,3.05,11.574,4.933,1
2.67,10.973,3.293,3.022,2.982,1.346,3.616,3.957,2.613,3.449,5.19,4.725,4.471,4.005,3.317,3.065,1.708,1.771,5.435,3.112,2.548,1.732,2.353,9.846,3.695,1
2.329,43.446,3.954,3.701,2.358,1.172,9.371,3.443,2.603,2.668,5.379,13.057,4.401,3.699,2.982,3.273,3.371,1.494,5.444,3.146,2.241,1.929,1.992,8.536,2.992,1
1.724,229.435,5.611,4.72,1.619,1.091,43.144,2.253,2.551,1.909,5.814,54.161,4.648,3.651,2.638,4.312,12.777,1.519,6.157,3.439,1.95,4.199,1.573,6.464,2.105,1
1.613,361.482,6.245,4.742,1.552,1.093,67.521,1.917,2.395,1.856,5.685,80.485,4.633,3.785,2.59,4.908,19.525,1.708,6.505,3.557,1.952,6.059,1.504,5.927,2.01,1
1.964,529.761,6.359,3.536,1.469,1.048,99.865,1.805,1.731,2.024,4.471,108.315,3.751,3.685,2.556,5.451,28.447,1.952,6.344,3.708,2.177,8.684,1.516,5.56,2.373,0
2.712,418.224,5.139,1.892,1.174,0.964,80.654,1.837,1.122,2.043,3.213,79.037,2.537,3.576,2.693,4.443,23.073,1.794,5.086,3.655,2.651,7.341,1.738,5.647,3.107,0
3.12,290.009,4.23,1.562,1.395,1.025,56.933,1.886,1.147,2.031,3.128,52.475,2.355,4.127,3.006,3.64,16.531,1.712,4.704,3.706,2.959,5.573,1.958,5.919,3.524,0
4.051,70.629,2.667,2.122,2.796,1.469,14.964,2.261,1.774,2.343,3.987,11.943,3.117,6.257,3.913,2.739,5.164,2.03,5.738,4.387,3.529,2.526,2.478,6.868,4.276,0
4.807,3.481,1.93,2.779,4.288,2.027,1.581,2.503,2.076,2.836,4.541,2.206,4.139,7.15,4.016,3.07,1.686,2.839,7.901,5.159,3.675,1.669,2.687,7.335,4.463,0
4.892,1.05,1.924,2.794,4.493,2.225,1.437,2.465,1.902,2.873,4.33,2.544,4.354,6.628,3.591,3.354,1.626,3.143,8.452,5.214,3.53,1.666,2.609,7.108,4.279,0
4.2,1.197,2.449,2.717,3.756,2.277,3.278,2.438,1.341,2.391,3.523,3.457,4.155,4.998,2.52,3.58,1.694,3.149,7.765,4.616,3.098,1.682,2.409,6.296,3.819,0
3.675,1.53,2.971,3.03,3.253,2.13,4.683,2.795,1.231,2.072,3.338,3.614,3.93,4.554,2.243,3.514,1.708,2.908,6.863,4.137,2.971,1.695,2.43,6.125,3.734,0
5.724,4.263,5.003,4.347,3.844,1.903,7.779,4.853,2.188,1.848,4.266,3.469,3.826,5.234,2.78,3.382,1.938,2.426,5.461,3.321,2.987,1.707,2.664,6.504,3.777,0
31.897,22.4,10.864,6.127,15.547,3.363,11.868,10.355,6.027,3.179,8.81,6.251,5.644,8.257,5.907,4.603,3.767,2.998,5.663,3.546,3.3,1.747,2.895,6.927,3.737,0
56.805,45.337,14.988,7.299,27.087,4.687,14.908,14.315,8.763,4.568,12.436,9.46,7.396,10.322,8.453,5.988,5.603,3.818,6.106,4.171,3.566,1.937,3.02,6.863,3.729,0
101.925,119.47,21.13,10.806,49.869,7.014,23.602,21.063,13.016,8.182,18.995,16.159,11.043,13.466,13.457,8.946,9.839,5.485,6.611,5.715,4.033,2.917,3.222,6.24,3.998,0
108.049,156.033,21.128,13.634,54.684,7.502,27.775,21.968,13.39,9.738,20.095,17.47,11.927,13.539,14.696,9.573,11.137,5.736,6.437,6.116,4.014,3.525,3.154,5.746,4.188,0
80.889,179.099,15.828,20.552,48.87,7.283,29.654,17.06,10.409,11.102,16.284,13.813,10.335,10.015,13.279,8.014,10.301,4.587,5.447,5.476,3.212,4.042,2.435,4.547,4.121,0
41.907,125.639,11.871,29.903,48.438,6.651,20.96,8.146,6.426,11.598,9.334,6.947,6.109,4.901,10.556,4.695,6.379,2.646,4.349,4.511,1.96,3.152,1.362,3.35,3.303,0
31.654,89.176,12.686,34.341,56.246,6.572,15.039,4.865,5.502,13.358,7.127,4.777,4.296,3.262,10.625,3.448,4.489,1.994,3.897,4.876,1.507,2.468,0.994,2.854,2.87,0
31.399,39.492,16.847,38.736,75.719,7.576,6.498,2.482,5.467,21.685,6.92,3.827,2.864,2.423,13.46,2.451,2.159,1.459,3.123,7.11,1.107,1.461,0.763,2.125,2.35,0
26.202,23.029,16.084,31.021,69.188,11.625,4.663,2.997,6.478,31.661,9.62,4.865,4.719,3.048,15.309,2.582,1.431,1.112,2.687,8.357,0.921,1.108,0.746,1.679,1.996,0
20.788,18.327,13.532,23.802,54.329,14.864,5.472,3.917,7.536,34.386,10.528,5.518,6.562,3.383,14.583,2.795,1.483,0.932,2.687,7.856,0.808,1.032,0.695,1.55,1.727,0
13.515,17.796,7.528,12.78,23.636,22.183,8.792,8.423,10.088,34.693,10.752,6.727,9.72,3.653,11.743,3.017,1.946,0.752,2.939,5.315,0.6,0.943,0.563,1.485,1.049,0
13.007,25.213,5.165,12.276,15.105,24.57,11.133,12.176,10.79,32.856,10.912,7.407,10.009,3.599,11.247,2.854,2.212,0.801,3.047,3.954,0.527,0.942,0.528,1.53,0.761,0
18.071,48.183,2.353,19.016,13.485,22.761,14.878,20.461,9.788,25.81,12.208,8.367,7.64,3.19,12.279,2.018,2.572,1.115,2.969,2.168,0.457,1.036,0.567,1.616,0.496,0
23.479,98.419,1.367,22.257,17.004,14.007,31.622,23.524,6.283,16.195,12.875,13.284,4.394,2.618,12.387,1.155,4.422,1.409,2.747,1.301,0.509,1.431,0.685,1.658,0.579,0
23.487,187.711,1.457,20.367,17.396,9.827,61.437,21.705,4.545,12.188,12.242,23.508,3.399,2.367,11.539,0.949,7.611,1.466,2.722,1.061,0.585,1.874,0.733,1.698,0.694,0
20.915,516.711,3.51,14.682,17.158,5.795,164.434,13.799,2.67,8.479,9.252,60.067,2.443,2.075,8.475,1.057,18.047,1.44,2.876,1.034,0.763,3.108,0.751,1.78,0.903,0
22.878,678.051,5.29,13.506,18.943,5.903,212.283,9.753,2.534,8.332,7.512,77.15,2.147,2.145,6.846,1.329,22.565,1.437,2.996,1.232,0.814,3.609,0.721,1.802,0.927,0
49.955,734.485,9.683,17.067,36.172,7.358,225.13,4.733,2.957,8.566,5.511,81.902,1.881,2.941,4.635,2.254,23.254,1.611,3.466,1.974,0.774,3.671,0.673,1.909,0.78,0
100.949,418.286,14.443,22.162,66.64,8.186,127.69,3.066,3.369,8.339,7.456,48.175,2.355,4.247,4.205,3.128,13.682,1.98,4.292,2.708,0.654,2.636,0.772,2.22,0.591,0
121.849,234.869,16.598,23.213,78.166,8.193,72.802,2.707,3.543,8.027,9.82,28.775,2.767,4.821,4.669,3.264,8.466,2.205,4.635,2.861,0.636,2.082,0.875,2.398,0.581,0
125.059,63.998,19.445,21.005,75.668,7.333,22.507,2.467,4.196,6.821,14.527,12.899,3.615,5.592,6.752,2.86,5.644,2.749,4.69,2.723,0.93,1.977,1.142,2.604,0.869,0
85.775,284.116,20.044,16.696,51.834,5.996,64.093,2.461,4.908,7.369,14.707,47.521,4.852,5.825,9.917,2.138,19.68,3.154,3.924,2.835,1.958,4.872,1.474,2.605,1.59,0
64.115,478.246,19.685,15.11,48.2,5.522,100.66,2.629,4.983,10.11,12.737,75.998,5.607,5.658,11.863,1.9,30.927,3.142,3.488,3.334,2.632,7.194,1.631,2.601,2.021,0
34.207,796.044,18.736,14.576,67.284,4.811,146.035,3.154,4.362,18.622,7.227,117.374,6.424,4.693,14.957,1.669,46.587,2.604,2.962,4.768,3.539,10.609,1.77,2.663,2.667,0
26.576,810.869,18.292,15.174,79.17,4.454,139.398,3.216,3.849,21.465,4.873,116.224,6.066,3.973,15.086,1.591,45.579,2.198,2.827,5.185,3.54,10.548,1.721,2.713,2.779,0
16.39,534.066,15.69,15.606,75.706,3.751,79.886,2.763,3.431,19.246,2.332,72.719,4.043,2.581,11.636,1.656,27.629,1.557,2.447,4.678,2.845,6.997,1.549,2.812,2.664,0
10.119,179.21,12.753,15.13,41.492,3.553,25.476,2.857,4.224,11.285,2.364,24.873,2.095,1.536,6.305,2.196,8.517,1.247,2.031,3.167,2.191,3.027,1.602,2.9,2.475,0
9.504,83.372,12.25,14.682,25.968,3.902,15.16,3.587,4.731,8.554,2.963,13.438,1.696,1.225,4.701,2.563,4.008,1.153,2.04,2.633,2.102,2.142,1.725,2.931,2.437,0
13.91,31.891,17.85,18.457,13.913,4.805,13.257,5.386,5.319,7.244,4.344,8.597,2,1.538,4.792,3.27,2.11,1.15,2.781,2.533,2.241,2.095,2.012,3.075,2.501,0
22.012,31.574,27.51,29.817,18.058,4.953,12.722,5.289,5.472,6.566,4.612,7.527,2.862,3.081,6.17,3.808,2.069,1.477,3.901,3.079,2.377,2.343,2.151,3.419,2.708,0
24.77,54.801,29.892,34.37,20.632,5.244,21.274,4.918,5.779,5.915,4.238,9.745,3.278,4.027,6.328,4.046,3.379,1.738,4.34,3.408,2.41,2.504,2.176,3.657,2.879,0
24.624,293.629,26.349,32.852,21.55,7.559,113.388,5.946,7.493,6.142,3.295,40.313,4.185,5.585,5.848,4.499,16.849,2.34,4.849,4.034,2.603,4.422,2.358,4.256,3.402,0
19.312,830.557,16.743,20.408,17.149,10.924,292.688,8.535,9.284,8.573,2.814,103.496,4.811,5.848,5.097,4.698,43.382,2.779,4.855,4.156,2.99,8.745,2.684,4.877,3.908,0
17.022,1101.033,12.47,14.313,14.671,11.771,366.513,8.96,9.405,9.577,2.702,131.189,4.742,5.425,4.695,4.575,55.007,2.803,4.598,3.913,3.102,10.732,2.733,5.06,3.969,0
16.383,1311.255,7.881,9.302,13.508,11.093,381.688,6.955,8.454,9.764,2.61,144.511,3.943,4.522,3.896,3.78,61.273,2.437,3.565,2.96,2.906,11.805,2.411,4.946,3.571,0
17.813,1185.53,6.966,9.486,14.695,10.502,322.83,5.51,8.398,9.614,2.756,129.427,3.542,4.694,3.648,3.194,55.864,2.248,3.057,2.464,2.664,10.856,2.195,4.739,3.251,0
20.386,745.792,8.196,14.06,17.013,10.605,176.439,4.189,10.295,10.182,3.547,87.179,3.281,6.746,3.789,2.166,40.93,2.44,3.135,2.1,2.369,8.662,2.269,4.583,3.016,0
20.864,455.352,11.925,22.739,18.277,10.398,105.4,4.57,12.149,10.235,4.307,62.077,3.355,9.51,5.101,1.852,32.848,3.166,4.604,2.677,2.598,8.672,3.008,5.126,3.799,1
19.87,388.462,12.935,25.764,18.571,9.298,93.487,4.737,11.881,9.329,4.464,54.215,3.316,10.483,6.165,1.929,29.941,3.403,5.356,3.087,2.818,8.969,3.362,5.719,4.42,1
17.77,259.622,11.524,23.887,18.144,6.001,67.311,4.81,9.192,6.345,4.415,35.658,3.44,11.572,8.529,2.148,20.474,3.268,5.955,3.553,3.257,7.962,3.746,7.83,5.459,1
15.01,115.796,7.262,13.693,14.121,3.608,33.206,4.776,5.834,3.796,4.109,19.07,4.147,11.779,9.249,2.08,9.49,2.555,5.243,3.216,3.502,5.015,3.748,10.456,5.639,1
13.13,59.597,5.45,9.258,10.983,3.134,18.382,4.788,4.506,3.129,3.993,13.21,4.649,11.42,8.575,1.92,5.322,2.204,4.764,2.87,3.464,3.571,3.602,11.502,5.388,1
8.549,6.216,3.555,7.26,5.788,3.151,3.73,5.116,3.537,2.742,3.869,7.111,5.553,9.516,6.07,1.495,1.66,1.774,4.385,2.316,3.002,1.948,2.923,12.346,4.484,1
6.316,2.281,3.424,8.621,5.316,3.398,2.323,5.416,3.989,2.826,3.742,5.976,5.745,8.048,4.887,1.345,1.374,1.72,4.542,2.282,2.708,1.677,2.48,12.094,4.019,1
3.193,1.893,3.806,10.484,8.006,4.193,1.883,5.692,5.679,3.766,3.243,4.007,5.237,4.948,3.323,1.413,1.221,1.986,5.402,2.849,2.616,1.462,2.026,10.982,3.675,1
2.03,1.962,4.564,8.444,10.79,4.998,1.498,4.642,6.026,5.809,2.601,2.228,3.692,2.691,2.387,1.915,1.094,2.566,6.445,3.696,3.369,1.451,2.477,10.299,4.408,1
1.771,1.809,4.665,6.643,10.477,5.071,1.455,3.727,5.303,6.715,2.348,1.667,2.807,2.014,2.174,2.134,1.009,2.744,6.634,3.882,3.807,1.478,2.831,10.336,4.968,1
1.668,1.366,4.071,3.304,7.277,4.299,1.754,2.112,3.167,6.929,2.008,1.166,1.495,1.409,2.293,2.14,0.868,2.581,6.044,3.516,4.241,1.515,3.268,10.946,5.714,1
1.818,1.27,3.017,1.58,3.936,3.271,2.006,1.678,1.913,5.259,1.657,1.345,1.655,1.949,2.695,1.759,1.014,2.052,4.809,2.743,3.913,1.584,3.13,11.004,5.463,1
2.046,1.267,2.609,1.342,3.215,3.042,1.936,1.801,1.669,4.418,1.447,1.58,2.254,2.763,2.776,1.625,1.163,1.829,4.212,2.484,3.579,1.652,2.908,10.393,5.051,1
2.844,1.233,2.322,2.05,3.851,3.048,1.535,2.116,1.359,3.529,1.314,1.955,3.471,4.721,2.648,1.9,1.305,1.585,3.326,2.438,2.986,1.793,2.465,8.481,4.205,1
3.316,1.101,2.308,2.715,4.662,3.027,1.343,2.125,1.321,3.298,1.523,1.945,3.642,5.265,2.557,2.344,1.267,1.53,3.083,2.626,2.819,1.827,2.335,7.677,3.927,1
4.041,0.884,2.186,3.729,5.98,2.705,1.132,1.807,1.601,2.67,2.512,1.46,2.782,4.687,2.519,3.508,1.165,1.569,3.256,3.312,2.701,1.806,2.28,6.983,3.696,0
4.128,1.048,2.331,3.688,6.265,2.595,1.318,1.725,2.335,2.194,3.587,0.895,1.37,3.061,2.642,4.22,1.282,1.857,4.395,4.117,2.557,1.702,2.218,6.766,3.534,0
3.946,1.246,2.488,3.535,5.92,2.83,1.566,2.047,2.838,2.362,3.793,0.785,0.98,2.615,2.657,4.202,1.412,2.009,5.018,4.386,2.38,1.621,2.069,6.459,3.361,0
3.305,1.915,2.866,4.217,4.817,3.727,2.034,3.178,3.872,3.714,3.558,0.85,1.138,3.281,2.99,3.65,1.702,2.047,5.433,4.544,2.071,1.44,1.719,5.736,3.021,0
3.162,2.983,3.277,6.514,4.457,4.476,2.149,3.918,5.173,5.336,3.534,0.949,1.768,5.295,4.836,3.096,1.977,1.768,4.698,4.347,2.255,1.427,1.828,5.908,3.091,0
3.304,3.508,3.361,7.535,4.661,4.606,2.151,3.874,6.006,5.687,3.859,0.946,1.968,6.183,6.374,3.001,2.082,1.692,4.376,4.146,2.449,1.534,2.07,6.33,3.216,0
3.599,3.939,3.376,8.242,5.248,4.268,2.273,3.492,7.264,5.104,4.416,0.858,1.863,6.486,8.899,3.328,2.216,2.081,4.825,3.624,2.625,1.851,2.566,6.938,3.322,0
3.443,3.284,3.238,7.224,5.311,3.32,2.21,3.883,6.688,3.669,3.58,0.79,1.25,5.036,8.134,4.089,2.268,2.93,6.31,3.365,2.455,2.012,2.716,6.661,3.248,0
3.336,2.992,3.374,6.418,5.128,2.782,2.138,4.399,5.675,3.199,2.742,0.857,0.942,4.293,6.63,4.49,2.29,3.265,6.984,3.615,2.341,1.971,2.639,6.381,3.217,0
3.322,4.418,4.088,4.474,4.273,1.983,3.126,5.291,3.294,3.324,1.566,1.967,0.561,3.467,3.811,5.243,2.463,3.652,7.827,5.048,2.189,1.693,2.288,6.028,3.177,0
3.369,8.144,4.46,3.524,3.88,1.971,5.157,5.401,2.457,3.81,1.511,3.446,0.473,3.223,3.199,5.543,2.783,3.836,8.165,5.903,2.136,1.535,2.076,6.023,3.141,0
3.419,22.723,4.433,2.714,4.452,3.158,12.447,4.827,2.085,5.167,1.989,7.639,0.437,2.472,3.132,5.671,4.096,4.283,8.815,6.618,1.97,1.388,1.707,6.14,2.996,0
3.325,35.387,3.27,3.372,6.874,5.57,18.114,3.874,3.096,6.784,2.024,10.203,0.585,1.478,2.728,4.814,5.223,4.145,8.403,5.297,1.681,1.468,1.488,5.786,2.667,0
3.261,35.881,2.629,3.792,8.064,6.673,17.849,3.613,3.828,7.357,1.785,10.047,0.678,1.322,2.318,4.088,5.136,3.635,7.595,4.239,1.527,1.525,1.422,5.321,2.423,0
3.079,24.393,2.159,3.928,8.652,7.195,11.481,3.796,5.003,7.119,1.293,7.781,0.817,2.527,1.962,2.713,3.586,2.223,5.607,2.758,1.431,1.579,1.41,4.481,2.059,0
2.589,10.897,2.748,3.151,7.001,5.269,4.074,4.253,4.913,5.282,1.571,5.633,0.875,4.93,2.794,2.163,1.862,1.578,4.347,2.959,1.867,1.577,1.659,5.037,2.365,0
2.385,8.018,3.138,2.618,5.987,4.023,2.068,4.228,4.407,4.236,2.014,5.092,0.891,5.79,3.376,2.206,1.471,1.711,4.114,3.477,2.207,1.573,1.842,5.879,2.744,0
2.408,8.633,3.615,1.937,4.363,2.673,1.122,3.519,3.316,2.75,2.866,4.35,0.882,5.573,3.845,2.619,1.456,2.273,4.218,4.462,2.586,1.532,1.998,7.198,3.236,0
2.518,9.085,3.578,2.016,3.673,2.745,1.179,3.023,2.962,2.353,3.058,3.896,0.83,4.573,3.584,2.892,1.531,2.422,4.493,4.739,2.487,1.495,1.887,7.075,3.13,0
2.319,7.617,3.183,3.71,2.982,3.503,1.059,2.224,2.589,2.34,2.794,2.892,0.713,2.397,2.579,3.364,1.495,2.26,5.244,4.821,1.933,1.503,1.433,5.261,2.401,0
2.728,5.917,2.877,6.771,5.599,4.025,1.287,2.02,3.372,3.715,2.381,2.02,1.193,2.148,2.519,3.334,1.456,1.843,5.363,4.381,1.547,1.704,1.09,3.008,1.775,0
4.911,6.065,2.811,8.099,8.838,4.011,2.007,2.1,4.467,4.69,2.373,1.8,1.727,2.847,2.995,3.062,1.539,1.674,4.949,3.975,1.507,1.804,1.025,2.236,1.643,0
17.145,7.697,2.611,9.324,16.722,3.651,4.384,2.247,7.245,6.093,2.718,2.076,2.782,4.775,3.991,2.222,1.878,1.378,3.546,2.877,1.511,1.822,0.989,1.455,1.58,0
32.204,8.097,2.507,9.202,19.813,3.634,5.571,2.009,8.307,6.227,2.947,2.838,3.015,5.665,3.958,1.617,2.138,1.052,2.261,1.887,1.385,1.572,0.942,1.161,1.59,0
35.334,7.433,3.022,10.072,19.21,4.158,5.358,2.136,7.864,6.445,2.875,3.177,2.887,5.494,3.612,1.554,2.172,0.993,1.824,1.632,1.277,1.386,0.904,1.07,1.606,0
32.198,6.048,6.566,17.766,20.79,6.725,5.553,4.213,7.291,8.933,2.503,3.634,2.726,4.688,2.861,1.745,2.153,1.277,1.303,1.621,1.053,1.068,0.798,0.948,1.564,0
34.922,6.141,9.433,23.457,27.753,9.097,6.593,5.984,7.877,11.641,2.331,3.753,2.765,4.4,2.671,1.871,2.132,1.537,1.179,1.729,0.945,0.998,0.728,0.902,1.453,0
63.318,7.679,14.241,29.294,52.97,14.395,8.958,8.407,9.395,17.571,2.155,3.652,2.659,4.101,2.807,2.011,1.975,1.838,1.094,1.749,0.759,1.051,0.574,0.901,1.106,0
94.499,8.102,16.131,21.782,69.431,15.735,7.811,6.812,8.082,18.732,1.861,2.85,1.879,3.508,3.391,1.988,1.554,1.615,0.989,1.373,0.64,1.183,0.47,1.076,0.829,0
93.512,7.22,15.29,14.959,66.192,13.991,5.806,4.982,6.386,16.836,1.583,2.24,1.428,3.115,3.686,1.938,1.334,1.408,0.89,1.144,0.605,1.193,0.447,1.18,0.766,0
60.996,5.029,11.757,5.492,64.897,8.877,2.054,2.434,3.429,11.641,1.23,1.457,0.897,2.626,4.81,1.853,1.187,1.126,0.746,1.148,0.567,1.052,0.44,1.272,0.835,0
43.261,4.699,10.018,4.594,82.489,7.433,1.246,2.462,2.937,10.422,1.612,1.5,0.848,2.588,6.092,1.818,1.271,1.117,0.796,1.557,0.578,0.963,0.451,1.25,1.038,0
38.256,5.092,7.593,6.401,150.155,10.077,1.47,4.464,3.366,14.543,3.973,2.106,0.917,2.674,9.381,1.772,1.483,1.324,1.251,2.876,0.715,0.902,0.52,1.203,1.777,0
72.034,5.204,5.74,5.924,190.147,18.325,2.009,6.805,4.129,22.764,6.741,2.366,0.946,2.854,9.938,1.862,1.444,1.642,1.954,3.652,0.926,0.982,0.61,1.308,2.349,0
90.474,4.794,5.004,4.801,179.217,21.791,1.998,7.337,4.551,24.631,7.372,2.203,0.988,2.959,8.492,1.931,1.329,1.751,2.217,3.497,1.004,1.027,0.64,1.406,2.329,0
104.261,3.693,3.701,2.736,116.31,23.076,1.664,6.372,5.127,20.779,6.635,1.633,1.305,3.009,4.237,1.895,1.055,1.722,2.36,2.357,1.04,1.046,0.67,1.557,1.713,0
74.517,3.232,2.78,2.718,55.277,15.951,1.797,3.732,4.584,11.236,4.558,1.282,1.715,2.82,1.707,1.491,0.909,1.519,2.324,1.29,0.931,0.994,0.688,1.578,0.963,0
53.211,4.119,2.583,3.455,38.702,11.569,2.273,2.56,3.945,7.596,3.66,1.326,1.766,2.686,1.384,1.229,0.906,1.439,2.349,1.102,0.856,0.965,0.685,1.565,0.735,0
26.223,9.075,2.691,5.532,28.402,6.247,3.566,1.406,2.771,5.492,2.519,1.863,1.465,2.382,1.168,0.899,1.007,1.336,2.306,1.339,0.775,0.911,0.633,1.559,0.626,0
22.625,12.22,2.832,6.227,29.216,5.754,4.027,1.31,2.473,6.344,2.17,2.25,1.235,2.208,1.046,0.895,1.062,1.286,2.168,1.608,0.793,0.882,0.591,1.567,0.706,0
21.409,15.909,3.183,5.991,28.376,6.569,4.203,1.224,2.383,9.057,1.843,2.794,1,1.791,1.217,1.121,1.087,1.15,1.847,2.036,0.873,0.812,0.523,1.526,0.973,0
14.273,13.091,3.415,4.519,17.809,6.693,3.988,1.223,2.733,10.247,2.009,2.475,1.338,1.624,2.116,1.382,1.019,0.968,1.942,1.921,0.818,0.714,0.48,1.316,1.055,0
10.761,10.624,3.685,4.309,12.443,6.412,3.988,1.463,3.07,10.156,2.221,2.127,1.71,1.8,2.655,1.435,1.007,0.865,2.083,1.667,0.713,0.657,0.449,1.172,0.965,0
9.711,8.137,4.69,5.677,8.161,5.263,4.124,2.618,3.826,8.754,2.628,2.1,2.626,2.88,3.64,1.353,1.069,0.689,2.088,1.099,0.48,0.542,0.371,0.956,0.682,0
14.514,80.315,5.739,7.933,10.713,5.289,22.486,4.099,4.066,7.175,2.709,12.185,3.52,4.524,4.392,1.137,3.957,0.645,1.635,0.905,0.371,0.687,0.351,0.985,0.526,0
18.136,247.159,5.986,8.888,12.689,7.656,59.071,4.646,3.952,7.751,2.854,30.283,3.863,5.167,4.6,1.099,9.65,0.68,1.411,0.996,0.366,1.184,0.385,1.113,0.516,0
29.348,915.055,6.132,10.053,17.832,17.704,189.289,4.924,3.484,12.738,4.081,93.097,4.038,5.399,4.518,1.328,30.256,0.827,1.23,1.328,0.406,3.245,0.497,1.494,0.56,0
36.262,1278.225,6.335,10.374,20.882,22.944,251.675,4.651,3.216,15.751,4.99,123.22,3.807,4.98,4.148,1.518,40.365,0.921,1.233,1.448,0.44,4.371,0.544,1.664,0.59,0
42.938,1532.732,6.85,10.144,23.973,25.485,276.442,3.534,2.479,17.246,6.124,136.214,2.88,3.667,2.976,1.742,44.976,1.081,1.216,1.469,0.525,5.158,0.579,1.785,0.635,0
30.878,983.207,6.527,7.643,17.937,15.922,162.09,2.18,1.754,11.092,5.403,81.693,1.937,2.526,2.213,1.728,27.096,1.043,1.164,1.417,0.643,3.569,0.57,1.61,0.71,0
21.346,597.716,6.057,5.888,12.961,9.923,93.784,1.595,1.687,7.197,4.696,48.129,1.733,2.215,2.177,1.7,16.171,0.932,1.172,1.444,0.704,2.505,0.56,1.474,0.772,0
9.059,95.234,5.126,3.369,5.965,2.614,14.397,0.916,2.206,2.535,3.707,7.715,1.822,2.187,2.572,1.622,3.266,0.663,1.311,1.587,0.753,1.2,0.513,1.189,0.886,0
7.882,18.789,4.904,2.937,4.993,1.731,4.619,0.856,2.493,2.019,3.482,2.36,1.946,2.341,2.766,1.513,1.61,0.58,1.443,1.643,0.723,1.004,0.472,1.038,0.903,0
8.358,2.48,4.776,3.176,4.979,2.062,3.054,1.108,2.463,2.202,2.998,1.765,1.993,2.591,2.676,1.157,1.118,0.618,1.702,1.678,0.586,0.82,0.389,0.736,0.822,0
6.84,5.06,4.685,3.467,4.398,2.286,3.747,2.031,2.02,2.269,2.305,2.628,1.67,2.695,3.186,1.031,0.911,0.886,1.703,1.957,0.469,0.619,0.381,0.612,0.726,0
5.659,36.674,4.809,3.407,4.022,2.2,14.327,2.827,1.946,2.313,2.043,8.302,1.518,2.853,4.34,1.135,2.66,1.112,1.595,2.259,0.47,0.856,0.437,0.693,0.767,0
3.975,354.411,6.157,3.839,4.219,1.968,119.233,4.498,2.084,2.588,2.029,61.045,1.528,3.464,7.778,1.567,20.208,1.667,1.502,3.036,0.676,4.208,0.736,1.177,1.117,0
4.033,657.094,7.295,4.927,5.358,2.037,216.522,5,2.094,2.755,2.209,109.897,1.629,3.68,8.985,1.801,36.334,1.907,1.688,3.359,0.88,7.6,0.979,1.494,1.365,0
6.606,1229.134,9.478,9.256,9.607,3.001,392.643,4.899,2.059,3.314,2.675,199.076,1.8,3.566,8.518,2.109,65.084,2.079,2.549,3.563,1.33,14.407,1.473,1.973,1.688,0
10.169,1204.807,9.974,13.547,13.672,5.292,374.167,3.975,3.05,5.257,3.418,191.087,1.991,3.144,5.76,2.308,61.548,1.777,3.478,3.392,1.576,14.75,1.718,2.367,1.612,0
10.927,940.874,9.387,14.234,14.293,6.614,288.195,3.61,4.132,6.863,3.968,148.205,2.119,3.04,4.743,2.543,47.358,1.558,3.823,3.419,1.646,11.978,1.763,2.805,1.582,0
9.562,321.932,7.562,12.369,12.753,8.106,95.215,3.514,6.385,9.775,5.302,50.306,2.309,3.205,4.65,3.411,16.149,1.367,4.458,3.938,1.969,4.979,1.903,4.504,2.038,0
5.882,30.89,5.327,7.606,9.514,6.714,10.792,3.949,6.642,9.546,6.084,5.882,2.211,3.357,5.579,4.127,2.957,1.69,5.253,4.555,2.553,1.542,2.122,6.453,3.066,0
4.345,5.685,4.391,5.582,8.269,5.197,4.459,4.116,5.741,7.995,5.929,2.011,2.059,3.156,5.577,4.102,2.076,1.939,5.554,4.624,2.76,1.247,2.178,7.005,3.473,0
3.304,3.512,3.664,3.672,7.379,2.368,4.115,3.901,3.334,4.053,4.603,1.086,1.727,2.291,4.304,3.278,1.97,2.19,5.37,4.15,2.692,1.335,2.151,6.951,3.56,0
3.819,4.028,4.147,3.803,7.403,1.643,3.998,3.594,2.704,2.735,3.673,0.979,1.581,1.857,3.326,2.71,1.839,2.089,4.862,3.769,2.456,1.417,2.127,6.578,3.28,0
6.136,4.548,5.815,4.685,7.814,1.826,3.274,3.294,3.388,2.794,2.03,1.233,1.519,1.479,1.753,1.986,1.521,1.563,3.584,3.228,1.937,1.576,2.152,5.854,2.539,0
9.014,4.315,6.371,5.158,8.351,3.414,2.542,3.702,5.352,5.46,2.087,2.159,2.376,1.816,1.429,2.237,1.352,1.185,2.987,3.235,1.646,1.591,2.152,5.379,2.04,0
10.069,4.109,6.202,5.247,8.354,4.343,2.682,3.909,6.203,6.908,3.078,2.788,3.306,2.143,1.809,2.586,1.344,1.206,3.263,3.433,1.608,1.548,2.127,5.227,1.969,0
10.287,3.717,5.095,5.323,10.469,5.873,3.819,4.363,7.192,8.758,5.936,3.612,5.565,3.175,4.56,3.037,1.395,1.577,4.923,3.967,1.809,1.486,2.141,5.296,2.246,0
8.103,3.798,3.898,5.438,17.472,6.693,4.39,6.255,7.396,9.233,7.482,3.095,6.611,4.641,11.107,2.762,1.426,1.882,6.686,4.496,2.399,1.538,2.28,6.095,3.012,0
6.559,3.99,3.272,5.261,22.255,6.702,4.082,7.799,7.166,9.221,7.186,2.451,6.282,5.182,14.693,2.505,1.438,1.833,6.958,4.742,2.793,1.608,2.387,6.779,3.535,0
3.603,4.196,2.061,5.392,28.583,5.647,2.83,9.99,6.193,8.648,5.195,1.442,4.522,5.105,17.823,2.437,1.447,1.432,6.055,5.132,3.531,1.797,2.727,8.324,4.618,0
2.142,4.158,1.694,9.755,24.7,3.799,1.85,8.456,5.266,6.927,3.549,1.868,2.72,4,13.441,3.378,1.515,1.325,5.146,5.168,3.87,1.969,3.164,9.068,5.156,0
1.958,4.31,1.817,13.461,19.427,3.129,1.625,6.553,4.937,5.816,3.172,2.601,2.079,3.471,9.817,3.995,1.58,1.521,5.331,4.968,3.841,1.997,3.303,8.903,5.039,0
2.22,5.004,2.088,19.673,8.508,3.026,1.541,3.002,4.393,4.114,2.69,4.243,1.291,2.804,4.001,4.596,1.699,2.022,6.311,4.248,3.486,1.85,3.212,7.933,4.191,0
2.589,5.09,2.083,20.175,5.098,3.473,1.581,2.026,4.063,3.701,2.442,4.688,1.068,2.583,2.5,4.493,1.714,2.171,6.707,4.09,3.251,1.678,3.015,7.476,3.718,0
3.503,4.193,2.215,15.348,2.82,4.424,1.737,1.368,3.399,3.304,2.062,4.406,0.857,2.102,1.365,4.181,1.637,2.309,7.554,5.075,2.933,1.329,2.665,7.273,3.336,0
4.103,2.736,3.464,8.07,2.583,4.642,2.108,1.363,3.025,2.904,2.694,3.812,1.162,1.848,1.494,4.351,1.676,2.633,8.854,6.972,3.038,1.265,2.664,7.825,3.92,0
4.226,2.468,4.355,5.567,2.605,4.475,2.459,1.64,3.15,2.726,3.438,3.859,1.585,2.01,2.03,4.401,1.806,2.854,9.266,7.498,3.192,1.357,2.724,8.046,4.368,0
4.611,2.911,5.342,3.518,3.098,3.969,3.298,2.795,3.935,2.755,4.748,4.248,2.79,2.701,3.219,3.748,2.196,3.048,8.521,6.745,3.422,1.576,2.678,7.922,4.948,0
4.924,3.361,5.131,3.293,3.403,3.785,3.575,3.381,4.311,2.887,4.905,4.229,3.343,3.002,3.458,3.157,2.376,2.917,7.466,5.7,3.393,1.601,2.512,7.533,4.901,0
5.426,3.292,3.784,3.607,3.677,3.519,3.418,3.6,4.315,2.857,4.203,3.559,3.84,3.207,2.988,2.47,2.514,2.345,5.352,3.675,3.022,1.452,2.006,6.397,4.197,0
5.266,2.856,2.582,3.941,3.205,3.148,2.449,2.764,3.189,2.161,2.984,2.482,3.43,2.711,1.897,2.707,2.298,1.795,4.005,2.645,2.575,1.33,1.685,5.537,3.372,0
4.777,2.795,2.22,4.391,2.776,2.771,1.934,2.371,2.519,1.706,2.397,1.963,2.967,2.29,1.453,2.883,2.125,1.621,3.494,2.446,2.433,1.37,1.67,5.396,3.121,0
3.654,4.114,1.959,6.015,2.27,1.781,1.281,1.986,1.761,1.251,1.452,1.138,1.822,1.626,1.256,3.161,1.964,1.722,3.188,2.654,2.397,1.589,1.858,5.736,3.023,0
3.05,7.102,2.32,6.932,2.181,1.397,1.228,1.637,2.317,1.854,1.124,0.95,0.965,1.626,2.333,3.625,2.169,2.423,4.457,3.666,2.683,1.758,2.167,6.695,3.396,0
2.97,9.103,2.596,6.627,2.145,1.621,1.454,1.408,3,2.437,1.272,1.272,0.797,1.815,3.26,3.858,2.283,2.746,5.351,4.237,2.871,1.751,2.31,7.201,3.669,0
2.93,12.275,2.741,4.965,2.182,2.341,2.289,1.193,4.2,3.435,1.876,2.538,0.966,2.436,4.933,3.879,2.185,2.797,6.226,4.84,3.172,1.574,2.556,7.906,4.119,0
3.058,12.518,2.736,4.301,2.672,2.669,2.715,1.28,4.319,3.744,2.13,3.15,1.185,2.867,5.209,3.558,1.948,2.514,5.905,4.721,3.335,1.49,2.731,8.253,4.31,0
5.329,10.006,3.721,4.458,6.491,3.84,3.225,1.656,3.363,4.624,2.305,3.596,1.524,3.806,4.32,2.556,1.388,1.828,4.824,3.947,3.932,1.549,3.352,9.813,4.883,0
10.307,7.693,6.143,6.047,13.037,6.083,3.296,1.987,1.882,6.854,2.254,3.147,1.494,3.895,2.979,1.96,1.257,1.777,5.681,3.517,4.789,1.913,4.104,12.378,5.741,1
12.487,7.301,7.058,6.734,15.42,7.084,3.183,2.083,1.467,8.065,2.319,2.85,1.361,3.442,2.733,1.973,1.412,2.082,6.905,3.62,5.054,2.092,4.293,13.212,6.06,1
12.834,6.734,6.545,7.225,14.414,7.194,2.634,2.053,1.621,8.603,2.63,2.386,1.073,2.406,2.95,2.37,1.908,2.963,8.99,4.169,4.763,2.168,3.989,12.488,5.984,1
7.879,4.848,3.693,6.757,7.856,4.991,1.822,2.051,2.853,6.348,2.679,2.037,0.948,2.678,2.765,2.587,2.302,3.383,8.545,4.346,3.604,1.841,3.094,9.541,5.068,1
5.29,3.992,2.375,6.575,4.978,3.864,1.499,2.218,3.648,5.004,2.601,1.939,0.941,3.279,2.357,2.47,2.368,3.209,7.451,4.114,3.019,1.619,2.651,8.187,4.56,1
3.28,3.64,1.181,6.469,3.756,2.706,1.204,2.915,4.666,3.297,2.915,2.313,0.932,4.159,1.823,1.972,2.224,2.303,4.901,3.317,2.389,1.253,2.079,6.819,3.869,1
4.511,4.096,1.142,6.63,5.816,2.474,1.235,3.33,4.704,2.846,3.825,2.854,0.893,4.097,2.272,1.781,2.076,1.879,3.983,3.034,2.381,1.146,1.96,6.654,3.693,1
10.674,25.982,1.427,7.288,13.599,2.055,9.184,4.14,4.295,2.401,8.794,7.748,0.751,3.231,5.794,1.892,3.273,1.646,3.488,3.133,2.666,1.218,1.881,6.437,3.43,1
16.761,133.917,1.723,7.91,21.004,1.964,46.358,4.713,3.887,2.997,17.977,24.832,1.021,2.896,12.262,2.414,10.139,1.95,4.364,3.85,2.758,1.936,1.717,5.832,2.959,1
17.752,211.448,1.826,8.485,24.294,2.096,72.368,4.695,3.678,4.567,22.637,35.998,1.486,3.428,15.74,2.657,15.061,2.099,5.002,4.405,2.659,2.467,1.587,5.489,2.718,1
14.757,331.307,1.993,9.918,36.857,2.284,107.313,3.926,3.265,11.992,26.995,50.393,2.77,5.486,21.158,2.968,21.288,2.225,5.827,6.237,2.434,3.179,1.39,5.101,2.807,0
9.232,393.053,2.555,10.293,53.138,2.278,107.06,2.951,3.415,21.005,22.017,44.889,3.366,6.965,22.158,3.221,17.608,2.295,5.886,8.419,2.501,2.786,1.424,5.231,3.82,0
7.313,416.811,2.906,9.415,56.034,2.449,100.806,2.769,3.743,23.343,17.416,37.214,3.179,6.919,20.618,3.388,13.415,2.457,6.165,9.127,2.664,2.33,1.535,5.507,4.436,0
5.766,435.724,3.26,6.643,44.78,3.164,86.693,3.07,4.574,21.19,9.149,22.836,2.506,5.306,14.607,3.82,6.627,3.259,8.408,9.486,3.091,1.689,1.938,6.446,5.202,0
5.36,407.812,3.18,5.247,33.648,3.564,77.063,3.337,4.986,17.95,6.637,17.857,2.376,4.144,11.056,4.038,5.317,3.792,10.05,9.324,3.26,1.654,2.213,7.006,5.248,0
5.048,258.496,2.762,3.698,15.935,4.573,46.29,3.515,5.58,12.843,5.373,9.94,2.707,2.384,5.621,4.092,5.058,4.458,11.95,8.482,3.327,1.864,2.725,7.794,4.9,0
6.16,92.461,2.502,3.028,11.817,5.657,16.338,3.164,5.057,12.355,7.743,3.947,3.005,1.473,4.897,3.343,4.753,3.886,9.86,6.568,2.984,1.903,2.812,7.547,4.353,0
7.312,47.916,2.611,2.625,12.104,5.955,8.931,3.12,4.406,12.524,9.292,2.544,2.975,1.199,6.475,2.797,4.31,3.242,7.927,5.356,2.707,1.814,2.634,7.059,4.013,0
10.771,17.869,2.952,1.837,13.611,5.663,4.157,3.88,3.576,11.059,10.93,1.727,2.995,0.969,11.934,1.935,2.965,2.095,5.292,3.769,2.256,1.533,2.156,6.119,3.345,0
14.908,6.55,2.829,1.507,20.49,4.733,2.002,4.93,4.481,8.671,9.61,1.476,3.334,1.257,17.512,1.704,2,1.707,5.504,3.936,2.274,1.271,2.074,5.825,3.129,0
16.264,3.1,2.435,1.712,27.945,4.468,1.425,5.081,5.79,8.759,8.437,1.478,3.455,1.847,19.836,1.716,1.947,1.73,6.115,4.285,2.431,1.182,2.214,5.797,3.25,0
15.418,0.965,1.514,2.675,45.124,4.819,1.063,4.786,9.968,12.793,7.418,1.814,3.152,3.922,23.395,1.642,2.332,1.899,6.992,4.748,2.762,1.113,2.503,5.526,3.69,0
9.953,0.797,1.787,4.349,49.55,5.783,1.454,4.832,13.638,17.078,8.15,2.366,2.301,6.017,23.943,1.389,2.489,2.025,6.784,4.601,2.791,1.113,2.36,4.872,3.743,0
6.793,0.806,2.533,5.288,43.461,6.116,1.81,5.065,14.121,17.135,8.382,2.564,1.883,6.528,22.175,1.266,2.412,2.014,6.28,4.346,2.68,1.107,2.125,4.577,3.517,0
2.548,1.083,4.44,6.146,21.697,5.76,2.476,5.336,11.821,12.334,7.651,2.678,1.425,6.31,15.425,1.18,2.196,1.866,5.1,3.707,2.461,1.087,1.707,4.596,2.95,0
1.88,1.467,5.415,5.842,11.911,4.978,2.654,5.314,9.735,8.858,6.686,2.66,1.443,6.132,11.721,1.233,2.122,1.782,4.761,3.381,2.458,1.092,1.653,5.015,2.831,0
2.915,2.968,7.167,4.187,3.431,3.273,2.737,5.615,6.107,3.926,4.684,2.466,2.165,7.268,6.44,1.456,1.937,1.758,5.058,2.71,2.67,1.167,1.827,6.372,3.112,0
4.945,5.254,8.71,3.153,4.558,2.596,2.839,6.764,4.243,2.524,4.084,1.906,3.437,10.017,4.143,1.963,1.655,1.922,6.229,2.201,2.976,1.349,2.12,7.769,3.801,0
5.66,6.595,9.446,3.292,5.703,2.608,2.912,7.271,3.676,2.392,4.235,1.611,3.873,10.873,3.533,2.367,1.579,1.994,6.684,2.119,3.092,1.444,2.236,8.291,4.118,0
6.509,9.257,10.513,4.11,7.652,3.128,3.172,7.276,3.455,2.708,4.512,1.739,3.741,9.833,3.519,3.262,1.766,2.045,6.869,2.567,3.224,1.534,2.367,8.774,4.447,0
7.031,10.508,10.404,4.433,8.555,3.725,3.873,6.914,3.84,3.232,4.571,2.467,3.295,8.166,4.658,3.583,2.052,2.041,6.647,3.027,3.27,1.535,2.401,8.742,4.443,0
8.916,13.256,8.485,4.936,10.377,5.366,8.256,6.661,4.893,4.892,4.591,5.076,2.86,5.032,8.653,3.856,2.838,2.089,5.936,4.052,3.383,1.57,2.476,8.293,4.2,0
10.369,14.942,5.486,6.372,11.108,5.935,14.682,7.405,5.557,6.107,4.319,7.235,3.687,5.001,11.221,4.044,3.489,2.399,5.575,4.908,3.664,1.794,2.7,7.961,4.087,1
10.255,15.705,4.091,7.822,10.827,5.468,16.641,7.688,5.71,6.36,3.991,7.422,4.192,6.38,11.056,4.148,3.545,2.642,5.667,5.175,3.883,1.964,2.873,8.003,4.216,1
8.514,22.65,2.242,10.952,9.582,4.113,15.939,7.463,6.766,7.284,3.276,6.273,4.491,10.773,10.227,4.182,3.19,3.282,6.595,5.528,4.349,2.312,3.183,8.572,4.855,1
7.505,31.194,1.831,11.644,8.996,3.844,14.458,7.128,8.15,8.255,3.143,5.525,4.255,12.9,11.008,4.131,3.061,3.656,7.495,5.706,4.487,2.466,3.253,9.041,5.253,1
6.089,50.852,1.925,10.236,7.721,4.491,13.009,6.546,11.366,10.113,3.463,4.726,3.503,14.2,14.539,4.156,3.45,4.27,9.846,6.001,4.407,2.704,3.219,10.051,5.846,1
4.456,52.521,2.5,6.395,5.541,5.035,13.133,5.609,11.546,9.378,4.092,4.871,3.076,10.486,15.183,4.207,4.013,4.186,11.173,5.58,3.971,2.707,3.094,10.743,5.846,1
3.445,43.82,2.576,4.931,4.446,4.761,12.474,4.72,10.067,8.003,4.304,4.987,3.022,7.676,13.254,4.024,3.921,3.834,10.832,4.943,3.713,2.567,3.02,10.816,5.586,1
2.26,22.881,2.224,5.053,4.125,3.699,10.8,2.793,6.234,5.529,4.439,4.79,2.918,3.172,7.53,3.246,3.099,2.919,8.502,3.293,3.232,2.101,2.823,10.275,4.735,1
3.332,19.216,2.093,8.128,6.367,3.428,12.7,2.702,4.531,5.759,4.676,4.301,2.657,2.134,4.512,3.024,2.728,2.363,6.279,2.351,2.844,1.742,2.553,8.883,3.907,0
4.493,23.355,2.501,10.844,7.892,3.741,14.435,3.829,4.916,6.597,5.075,4.173,2.525,3.181,4.943,3.31,2.913,2.339,5.822,2.285,2.673,1.662,2.405,8.005,3.592,0
7.716,29.862,4.431,19.905,11.296,5.051,15.526,7.647,7.67,7.793,6.343,4.682,2.545,8.111,9.291,3.826,3.466,2.631,5.933,2.521,2.331,1.562,2.078,6.579,3.047,0
10.992,26.72,6.731,28.859,13.698,6.366,11.887,10.49,11.169,7.265,7.227,6.149,3.283,13.384,15.564,3.347,3.551,2.85,6.324,2.712,2.034,1.403,1.74,6.338,2.507,0
11.811,22.826,7.32,30.231,14.042,6.626,9.198,10.568,11.922,6.511,7.125,6.853,3.686,14.372,17.583,2.82,3.36,2.757,6.322,2.736,1.94,1.347,1.615,6.493,2.293,1
12.18,14.643,6.541,24.818,12.766,5.898,4.928,8.367,9.941,4.773,6.218,7.59,3.83,12.036,17.017,1.908,2.631,2.154,5.636,2.636,1.965,1.488,1.54,6.513,2.185,1
12.763,11.261,5.377,19.529,11.987,5.138,3.606,6.916,7.774,4.145,5.844,7.559,3.502,9.613,14.866,1.701,2.178,1.791,4.946,2.495,2.071,1.678,1.567,6.22,2.272,0
15.716,6.239,3.468,10.823,12.993,3.931,1.916,5.185,3.984,3.706,5.696,6.594,2.522,5.447,9.849,1.795,1.409,1.383,3.343,2.149,2.276,1.997,1.55,5.14,2.367,0
20.288,6.418,4.747,9.965,17.861,4.368,2.264,5.604,3.37,4.268,5.669,4.585,2.389,4.052,6.666,2.345,1.281,1.531,2.642,2.195,2.16,1.917,1.267,3.722,1.965,0
23.388,9.739,7.972,11.699,23.567,5.33,3.669,6.473,3.975,5.021,5.498,3.455,2.851,3.977,6.042,2.663,1.545,1.76,2.869,2.419,1.953,1.753,1.076,3.014,1.622,0
29.752,21.943,18.049,17.181,53.774,7.278,7.858,8.54,5.451,9.388,5.149,2.025,4.108,3.811,8.305,3,2.436,2.344,4.059,3.403,1.408,1.401,0.794,2.014,1.136,0
30.126,29.766,24.899,24.33,102.29,7.494,10.636,8.756,7.193,22.266,4.747,2.245,4.326,2.999,16.162,2.624,2.954,2.625,4.971,5.72,0.948,1.159,0.679,1.777,1.377,0
27.588,28.764,24.619,27.488,122.086,6.834,10.694,7.674,7.941,30.362,4.315,2.642,3.798,2.414,20.302,2.294,2.827,2.531,4.991,7.116,0.804,1.05,0.654,1.787,1.672,0
22.763,20.157,18.469,28.642,126.153,5.097,9.281,4.375,8.557,39.184,2.761,3.099,2.14,1.566,22.897,1.941,2.055,2.082,4.643,8.608,0.717,0.801,0.724,1.772,2.097,0
21.591,16.402,14.922,25.951,109.598,4.466,8.78,3,8.189,36.889,1.933,3.032,1.474,1.512,20.411,2.04,1.692,1.928,4.728,8.221,0.759,0.685,0.852,1.789,2.106,0
20.64,30.938,10.652,16.935,61.766,3.876,16.794,1.658,6.25,22.141,0.994,3.442,1.165,1.808,11.461,2.546,2.88,1.996,5.588,5.79,0.89,0.808,1.187,1.933,1.774,0
15.47,208.809,7.308,8.406,28.631,4.163,97.732,1.369,4.238,9.016,1.06,17.632,1.743,2.109,5.146,2.707,15.626,2.101,5.76,3.435,0.946,2.926,1.297,1.972,1.377,0
11.868,410.38,5.386,5.86,20.824,4.778,182.519,1.597,3.726,6.571,1.298,35.589,2.006,2.12,4.203,2.509,28.436,2.01,5.116,2.777,0.921,5.058,1.212,1.852,1.253,0
6.538,885.294,3.658,3.987,11.607,6.362,365.044,3.457,3.652,6.127,1.946,80.466,2.242,1.888,4.552,1.815,55.162,1.711,3.013,2.067,0.805,9.472,0.95,1.465,1.088,0
5.897,1037.114,6.15,4.964,7.329,6.853,397.036,6.572,3.914,6.32,2.59,96.502,2.818,1.849,4.871,1.301,58.773,1.567,1.58,1.712,0.736,10.09,0.903,1.34,0.975,0
6.69,913.488,8.066,5.679,7.219,6.553,337.629,7.858,4.19,6.515,3.142,85.793,3.57,2.202,4.798,1.22,49.562,1.552,1.454,1.665,0.766,8.721,0.981,1.429,0.96,0
9.586,479.165,10.167,6.091,9.362,6.289,168.69,8.465,5.89,8.05,4.973,46.144,5.366,3.548,4.581,1.452,24.749,1.508,2.016,1.682,0.922,5.364,1.172,1.661,0.983,0
11.413,298.039,10.303,6.483,11.548,6.697,106.164,7.762,7.275,9.293,5.864,29.446,5.847,4.255,4.446,1.797,16.108,1.51,2.444,1.776,0.991,4.377,1.216,1.7,1,0
15.539,141.225,9.627,8.253,15.919,7.715,54.663,5.524,9.323,10.79,6.2,14.638,5.156,4.875,3.836,2.854,9.554,1.709,3.089,2.345,1.061,3.705,1.195,1.845,1.078,0
18.199,103.885,8.407,9.871,21.602,8.305,39.245,4.021,8.526,9.679,4.447,9.88,3.187,4.25,3.071,4.007,6.84,2.049,2.998,3.332,1.306,2.912,1.266,2.953,1.456,0
20.59,81.553,7.806,10.185,27.135,9.126,31.364,3.839,7.554,8.97,3.439,7.12,2.372,3.789,2.93,4.447,5.153,2.133,2.724,3.827,1.597,2.401,1.391,3.968,1.812,0
35.343,44.709,7.332,12.41,48.619,12.473,19.351,4.236,6.838,8.757,3.137,3.284,1.95,3.099,3.6,4.823,2.715,1.991,2.13,4.48,2.549,1.817,1.685,6.162,2.713,0
48.757,35.999,7.446,14.641,62.112,14.593,15.843,4.553,7.37,9.384,4.111,2.587,2.33,2.96,4.298,4.737,2.14,1.83,1.91,4.576,3.141,1.768,1.785,6.934,3.157,0
78.633,27.705,7.354,18.942,81.179,16.966,11.498,4.837,8.169,10.303,6.846,2.55,3.323,3.198,5.492,4.047,1.636,1.529,1.579,4.278,4.092,1.719,1.835,7.188,3.725,0
86.747,16.392,5.767,18.315,73.642,14.696,8.786,4.245,6.661,8.767,7.672,3.044,3.354,3.997,5.524,2.845,1.551,1.336,1.366,3.45,4.057,1.476,1.725,5.905,3.512,0
76.538,10.822,4.784,15.361,59.706,12.202,7.697,3.628,5.431,7.292,6.858,3.212,2.926,4.307,5.077,2.224,1.662,1.237,1.335,2.949,3.594,1.319,1.618,4.994,3.09,0
40.562,4.272,3.628,8.355,27.786,6.846,5.697,2.35,3.781,4.4,4.257,3.082,1.863,4.208,4.002,1.298,1.979,0.979,1.314,2.097,2.22,1.025,1.322,3.258,1.96,0
15.355,3.169,3.099,4.524,12.638,3.274,4.74,1.903,3.709,2.648,3.889,2.581,1.614,3.372,3.907,0.96,1.944,0.754,1.121,1.622,1.182,0.797,1.03,2.178,1.107,0
14.807,3.528,2.907,3.884,14.935,3.061,4.716,2.129,3.845,2.449,4.908,2.516,1.993,2.933,4.258,0.99,1.72,0.715,0.973,1.496,1.001,0.736,0.937,1.931,0.929,0
33.082,4.36,2.993,3.476,34.158,7.987,4.602,3.054,3.615,4.726,6.9,3.093,3.406,2.413,4.609,1.257,1.097,0.757,0.736,1.287,1.11,0.733,0.833,1.691,0.917,0
72.885,4.122,3.254,2.937,65.009,20.503,4.09,3.772,2.972,12.327,6.478,3.975,4.755,2.323,3.423,1.712,0.619,0.865,0.789,1.07,1.311,0.79,0.717,1.464,1.015,0
95.709,3.589,3.19,2.722,79.634,27.182,3.905,3.918,2.741,17.11,5.619,4.157,5.209,2.287,2.498,1.967,0.491,0.942,0.934,1.037,1.312,0.787,0.647,1.322,1.04,0
120.833,2.452,2.436,3.1,89.946,32.481,3.841,3.677,2.58,22.276,4.109,3.644,5.627,1.881,1.379,2.227,0.467,1.111,1.273,1.234,1.105,0.699,0.541,1.073,1.032,0
95.337,2.002,1.396,3.943,65.071,23.265,3.735,2.973,2.289,17.145,3.236,2.454,5.319,1.217,1.91,1.879,0.66,1.19,1.392,1.622,0.897,0.61,0.546,1.125,1.016,0
